episode_id,family,coverage,cost_scenario,comparison,theorem_scope,terminal_wealth_gap,relative_terminal_wealth_gap,terminal_cash_gap,terminal_unit_gap,cash_contribution,unit_contribution,left_cash_drag,right_cash_drag,left_asset_exposure,right_asset_exposure,left_guardrail_activation_frequency,right_guardrail_activation_frequency,left_purchase_count,right_purchase_count,mechanisms,boundary_fixtures
constant-primary,constant,1,frictionless,corrected_guarded_vs_dca,epsilon-dca,0,0,0,0,0,0,0,0,1,1,1,0,4,4,neutral-score|constant-price-wealth-identity,constant
constant-primary,constant,1,frictionless,corrected_guarded_vs_neutral_guarded,epsilon-dca,0,0,0,0,0,0,0,0,1,1,1,1,4,4,neutral-score|constant-price-wealth-identity,constant
constant-primary,constant,1,frictionless,neutral_guarded_vs_dca,epsilon-dca,0,0,0,0,0,0,0,0,1,1,1,0,4,4,neutral-score|constant-price-wealth-identity,constant
constant-primary,constant,1,proportional-10bps,corrected_guarded_vs_dca,outside-current-safety-theorem,0,0,0,0,0,0,0.00000000000000000000000000000000000000000000000000000000000025,0.00000000000000000000000000000000000000000000000000000000000025,1,1,1,0,4,4,neutral-score|constant-price-wealth-identity,constant
constant-primary,constant,1,proportional-10bps,corrected_guarded_vs_neutral_guarded,outside-current-safety-theorem,0,0,0,0,0,0,0.00000000000000000000000000000000000000000000000000000000000025,0.00000000000000000000000000000000000000000000000000000000000025,1,1,1,1,4,4,neutral-score|constant-price-wealth-identity,constant
constant-primary,constant,1,proportional-10bps,neutral_guarded_vs_dca,outside-current-safety-theorem,0,0,0,0,0,0,0.00000000000000000000000000000000000000000000000000000000000025,0.00000000000000000000000000000000000000000000000000000000000025,1,1,1,0,4,4,neutral-score|constant-price-wealth-identity,constant
constant-primary,constant,1,fixed-1-usd,corrected_guarded_vs_dca,outside-current-safety-theorem,0,0,0,0,0,0,0,0,1,1,1,0,4,4,neutral-score|constant-price-wealth-identity,constant
constant-primary,constant,1,fixed-1-usd,corrected_guarded_vs_neutral_guarded,outside-current-safety-theorem,0,0,0,0,0,0,0,0,1,1,1,1,4,4,neutral-score|constant-price-wealth-identity,constant
constant-primary,constant,1,fixed-1-usd,neutral_guarded_vs_dca,outside-current-safety-theorem,0,0,0,0,0,0,0,0,1,1,1,0,4,4,neutral-score|constant-price-wealth-identity,constant
constant-primary,constant,0.9,frictionless,corrected_guarded_vs_dca,epsilon-dca,0,0,200,-2,200,-200,0.05,0,0.95,1,1,0,4,4,neutral-score|constant-price-wealth-identity,constant
constant-primary,constant,0.9,frictionless,corrected_guarded_vs_neutral_guarded,epsilon-dca,0,0,0,0,0,0,0.05,0.05,0.95,0.95,1,1,4,4,neutral-score|constant-price-wealth-identity,constant
constant-primary,constant,0.9,frictionless,neutral_guarded_vs_dca,epsilon-dca,0,0,200,-2,200,-200,0.05,0,0.95,1,1,0,4,4,neutral-score|constant-price-wealth-identity,constant
constant-primary,constant,0.9,proportional-10bps,corrected_guarded_vs_dca,outside-current-safety-theorem,0.19972532464412461289958169950057431957398874845814767784,0.00004998126249219218437812032030001872347339068430165145637946,199.925049968768737512481281200074893893562737206605825499424,-1.9972532464412461289958169950057431957398874845814767782159,199.925049968768737512481281200074893893562737206605825499424,-199.72532464412461289958169950057431957398874845814767782159,0.0499812624921921843781203203000187234733906843016514563748562,0.00000000000000000000000000000000000000000000000000000000000025,0.949971256745064402862799539150619557921277633620564840704902,1,1,0,4,4,neutral-score|constant-price-wealth-identity,constant
constant-primary,constant,0.9,proportional-10bps,corrected_guarded_vs_neutral_guarded,outside-current-safety-theorem,0,0,0,0,0,0,0.0499812624921921843781203203000187234733906843016514563748562,0.0499812624921921843781203203000187234733906843016514563748562,0.949971256745064402862799539150619557921277633620564840704902,0.949971256745064402862799539150619557921277633620564840704902,1,1,4,4,neutral-score|constant-price-wealth-identity,constant
constant-primary,constant,0.9,proportional-10bps,neutral_guarded_vs_dca,outside-current-safety-theorem,0.19972532464412461289958169950057431957398874845814767784,0.00004998126249219218437812032030001872347339068430165145637946,199.925049968768737512481281200074893893562737206605825499424,-1.9972532464412461289958169950057431957398874845814767782159,199.925049968768737512481281200074893893562737206605825499424,-199.72532464412461289958169950057431957398874845814767782159,0.0499812624921921843781203203000187234733906843016514563748562,0.00000000000000000000000000000000000000000000000000000000000025,0.949971256745064402862799539150619557921277633620564840704902,1,1,0,4,4,neutral-score|constant-price-wealth-identity,constant
constant-primary,constant,0.9,fixed-1-usd,corrected_guarded_vs_dca,outside-current-safety-theorem,0,0,199.85,-1.9985,199.85,-199.85,0.0499625,0,0.949987487487487487487487487487487487487487487487487487487487,1,1,0,4,4,neutral-score|constant-price-wealth-identity,constant
constant-primary,constant,0.9,fixed-1-usd,corrected_guarded_vs_neutral_guarded,outside-current-safety-theorem,0,0,0,0,0,0,0.0499625,0.0499625,0.949987487487487487487487487487487487487487487487487487487487,0.949987487487487487487487487487487487487487487487487487487487,1,1,4,4,neutral-score|constant-price-wealth-identity,constant
constant-primary,constant,0.9,fixed-1-usd,neutral_guarded_vs_dca,outside-current-safety-theorem,0,0,199.85,-1.9985,199.85,-199.85,0.0499625,0,0.949987487487487487487487487487487487487487487487487487487487,1,1,0,4,4,neutral-score|constant-price-wealth-identity,constant
constant-primary,constant,0.75,frictionless,corrected_guarded_vs_dca,epsilon-dca,0,0,500,-5,500,-500,0.125,0,0.875,1,1,0,4,4,neutral-score|constant-price-wealth-identity,constant
constant-primary,constant,0.75,frictionless,corrected_guarded_vs_neutral_guarded,epsilon-dca,0,0,0,0,0,0,0.125,0.125,0.875,0.875,1,1,4,4,neutral-score|constant-price-wealth-identity,constant
constant-primary,constant,0.75,frictionless,neutral_guarded_vs_dca,epsilon-dca,0,0,500,-5,500,-500,0.125,0,0.875,1,1,0,4,4,neutral-score|constant-price-wealth-identity,constant
constant-primary,constant,0.75,proportional-10bps,corrected_guarded_vs_dca,outside-current-safety-theorem,0.49931331161031153224895424875143579893497187114536919456,0.00012495315623048046094530080075004680868347671075412864093864,499.81262492192184378120320300018723473390684301651456374855,-4.9931331161031153224895424875143579893497187114536919455399,499.81262492192184378120320300018723473390684301651456374855,-499.31331161031153224895424875143579893497187114536919455399,0.124953156230480460945300800750046808683476710754128640937138,0.00000000000000000000000000000000000000000000000000000000000025,0.874937517565195306463053490088785700013495677226675237601621,1,1,0,4,4,neutral-score|constant-price-wealth-identity,constant
constant-primary,constant,0.75,proportional-10bps,corrected_guarded_vs_neutral_guarded,outside-current-safety-theorem,0,0,0,0,0,0,0.124953156230480460945300800750046808683476710754128640937138,0.124953156230480460945300800750046808683476710754128640937138,0.874937517565195306463053490088785700013495677226675237601621,0.874937517565195306463053490088785700013495677226675237601621,1,1,4,4,neutral-score|constant-price-wealth-identity,constant
constant-primary,constant,0.75,proportional-10bps,neutral_guarded_vs_dca,outside-current-safety-theorem,0.49931331161031153224895424875143579893497187114536919456,0.00012495315623048046094530080075004680868347671075412864093864,499.81262492192184378120320300018723473390684301651456374855,-4.9931331161031153224895424875143579893497187114536919455399,499.81262492192184378120320300018723473390684301651456374855,-499.31331161031153224895424875143579893497187114536919455399,0.124953156230480460945300800750046808683476710754128640937138,0.00000000000000000000000000000000000000000000000000000000000025,0.874937517565195306463053490088785700013495677226675237601621,1,1,0,4,4,neutral-score|constant-price-wealth-identity,constant
constant-primary,constant,0.75,fixed-1-usd,corrected_guarded_vs_dca,outside-current-safety-theorem,0,0,499.625,-4.99625,499.625,-499.625,0.12490625,0,0.874968718718718718718718718718718718718718718718718718718719,1,1,0,4,4,neutral-score|constant-price-wealth-identity,constant
constant-primary,constant,0.75,fixed-1-usd,corrected_guarded_vs_neutral_guarded,outside-current-safety-theorem,0,0,0,0,0,0,0.12490625,0.12490625,0.874968718718718718718718718718718718718718718718718718718719,0.874968718718718718718718718718718718718718718718718718718719,1,1,4,4,neutral-score|constant-price-wealth-identity,constant
constant-primary,constant,0.75,fixed-1-usd,neutral_guarded_vs_dca,outside-current-safety-theorem,0,0,499.625,-4.99625,499.625,-499.625,0.12490625,0,0.874968718718718718718718718718718718718718718718718718718719,1,1,0,4,4,neutral-score|constant-price-wealth-identity,constant
constant-primary,constant,0.5,frictionless,corrected_guarded_vs_dca,epsilon-dca,0,0,875,-8.75,875,-875,0.21875,0,0.78125,1,0.5,0,4,4,neutral-score|constant-price-wealth-identity,constant
constant-primary,constant,0.5,frictionless,corrected_guarded_vs_neutral_guarded,epsilon-dca,0,0,0,0,0,0,0.21875,0.21875,0.78125,0.78125,0.5,0.5,4,4,neutral-score|constant-price-wealth-identity,constant
constant-primary,constant,0.5,frictionless,neutral_guarded_vs_dca,epsilon-dca,0,0,875,-8.75,875,-875,0.21875,0,0.78125,1,0.5,0,4,4,neutral-score|constant-price-wealth-identity,constant
constant-primary,constant,0.5,proportional-10bps,corrected_guarded_vs_dca,outside-current-safety-theorem,0.87400109259493631365515724912571821906243728178037624835,0.000218718773421882812492203101593710984320374929765539156149588,874.875093687531249968812406374843937281499719062156624594189,-8.7400109259493631365515724912571821906243728178037624834584,874.875093687531249968812406374843937281499719062156624594189,-874.00109259493631365515724912571821906243728178037624834584,0.218718773421882812492203101593710984320374929765539156148548,0.00000000000000000000000000000000000000000000000000000000000025,0.781110383073224314871216706206190161228435386902313177675117,1,0.75,0,4,4,neutral-score|constant-price-wealth-identity,constant
constant-primary,constant,0.5,proportional-10bps,corrected_guarded_vs_neutral_guarded,outside-current-safety-theorem,0,0,0,0,0,0,0.218718773421882812492203101593710984320374929765539156148548,0.218718773421882812492203101593710984320374929765539156148548,0.781110383073224314871216706206190161228435386902313177675117,0.781110383073224314871216706206190161228435386902313177675117,0.75,0.75,4,4,neutral-score|constant-price-wealth-identity,constant
constant-primary,constant,0.5,proportional-10bps,neutral_guarded_vs_dca,outside-current-safety-theorem,0.87400109259493631365515724912571821906243728178037624835,0.000218718773421882812492203101593710984320374929765539156149588,874.875093687531249968812406374843937281499719062156624594189,-8.7400109259493631365515724912571821906243728178037624834584,874.875093687531249968812406374843937281499719062156624594189,-874.00109259493631365515724912571821906243728178037624834584,0.218718773421882812492203101593710984320374929765539156148548,0.00000000000000000000000000000000000000000000000000000000000025,0.781110383073224314871216706206190161228435386902313177675117,1,0.75,0,4,4,neutral-score|constant-price-wealth-identity,constant
constant-primary,constant,0.5,fixed-1-usd,corrected_guarded_vs_dca,outside-current-safety-theorem,0,0,874.75,-8.7475,874.75,-874.75,0.2186875,0,0.781093593593593593593593593593593593593593593593593593593594,1,0.75,0,4,4,neutral-score|constant-price-wealth-identity,constant
constant-primary,constant,0.5,fixed-1-usd,corrected_guarded_vs_neutral_guarded,outside-current-safety-theorem,0,0,0,0,0,0,0.2186875,0.2186875,0.781093593593593593593593593593593593593593593593593593593594,0.781093593593593593593593593593593593593593593593593593593594,0.75,0.75,4,4,neutral-score|constant-price-wealth-identity,constant
constant-primary,constant,0.5,fixed-1-usd,neutral_guarded_vs_dca,outside-current-safety-theorem,0,0,874.75,-8.7475,874.75,-874.75,0.2186875,0,0.781093593593593593593593593593593593593593593593593593593594,1,0.75,0,4,4,neutral-score|constant-price-wealth-identity,constant
monotone-rise-primary,monotone-rise,1,frictionless,corrected_guarded_vs_dca,epsilon-dca,0,0,0,0,0,0,0,0,1,1,1,0,5,5,carried-cash-drag|deferred-exposure-penalty,
monotone-rise-primary,monotone-rise,1,frictionless,corrected_guarded_vs_neutral_guarded,epsilon-dca,0,0,0,0,0,0,0,0,1,1,1,1,5,5,carried-cash-drag|deferred-exposure-penalty,
monotone-rise-primary,monotone-rise,1,frictionless,neutral_guarded_vs_dca,epsilon-dca,0,0,0,0,0,0,0,0,1,1,1,0,5,5,carried-cash-drag|deferred-exposure-penalty,
monotone-rise-primary,monotone-rise,1,proportional-10bps,corrected_guarded_vs_dca,outside-current-safety-theorem,0,0,0,0,0,0,0.0000000000000000000000000000000000000000000000000000000000002,0.0000000000000000000000000000000000000000000000000000000000002,1,1,1,0,5,5,carried-cash-drag|deferred-exposure-penalty,
monotone-rise-primary,monotone-rise,1,proportional-10bps,corrected_guarded_vs_neutral_guarded,outside-current-safety-theorem,0,0,0,0,0,0,0.0000000000000000000000000000000000000000000000000000000000002,0.0000000000000000000000000000000000000000000000000000000000002,1,1,1,1,5,5,carried-cash-drag|deferred-exposure-penalty,
monotone-rise-primary,monotone-rise,1,proportional-10bps,neutral_guarded_vs_dca,outside-current-safety-theorem,0,0,0,0,0,0,0.0000000000000000000000000000000000000000000000000000000000002,0.0000000000000000000000000000000000000000000000000000000000002,1,1,1,0,5,5,carried-cash-drag|deferred-exposure-penalty,
monotone-rise-primary,monotone-rise,1,fixed-1-usd,corrected_guarded_vs_dca,outside-current-safety-theorem,0,0,0,0,0,0,0,0,1,1,1,0,5,5,carried-cash-drag|deferred-exposure-penalty,
monotone-rise-primary,monotone-rise,1,fixed-1-usd,corrected_guarded_vs_neutral_guarded,outside-current-safety-theorem,0,0,0,0,0,0,0,0,1,1,1,1,5,5,carried-cash-drag|deferred-exposure-penalty,
monotone-rise-primary,monotone-rise,1,fixed-1-usd,neutral_guarded_vs_dca,outside-current-safety-theorem,0,0,0,0,0,0,0,0,1,1,1,0,5,5,carried-cash-drag|deferred-exposure-penalty,
monotone-rise-primary,monotone-rise,0.9,frictionless,corrected_guarded_vs_dca,epsilon-dca,-137.42365042724462025060864694684466789602937788723071286723,-0.0188466720585935479200834715812815544543126003959630691932201,338.739422232434669083102774397671689401251361402403971633329,-3.1744204843978619288914094756301090486485382619308978966704,338.739422232434669083102774397671689401251361402403971633329,-476.16307265967928933371142134451635729728073928963468450056,0.0677478844464869338166205548795343378802502722804807943266658,0,0.952651954726233120847364664903395131442984902542403160363653,1,1,0,5,5,carried-cash-drag|deferred-exposure-penalty,
monotone-rise-primary,monotone-rise,0.9,frictionless,corrected_guarded_vs_neutral_guarded,epsilon-dca,-12.8571245981629875975474224570487495286824391117205087856,-0.00179390888162760292699245831390681707296316903831472723967579,46.863492172910859559293250588147879877441837592880162109521,-0.3981374451404923143789378203013108627074951780306711393008,46.863492172910859559293250588147879877441837592880162109521,-59.72061677107384715684067304519662940612427670460067089512,0.0677478844464869338166205548795343378802502722804807943266658,0.0583751860119047619047619047619047619047619047619047619047616,0.952651954726233120847364664903395131442984902542403160363653,0.959275589244743878720775863727022102485588232090813429216362,1,1,5,5,carried-cash-drag|deferred-exposure-penalty,
monotone-rise-primary,monotone-rise,0.9,frictionless,neutral_guarded_vs_dca,epsilon-dca,-124.56652582908163265306122448979591836734693877551020408163,-0.0170834092565597667638483965014577259475218658892128279883378,291.875930059523809523809523809523809523809523809523809523808,-2.7762830392573696145124716553287981859410430839002267573696,291.875930059523809523809523809523809523809523809523809523808,-416.44245588860544217687074829931972789115646258503401360544,0.0583751860119047619047619047619047619047619047619047619047616,0,0.959275589244743878720775863727022102485588232090813429216362,1,1,0,5,5,carried-cash-drag|deferred-exposure-penalty,
monotone-rise-primary,monotone-rise,0.9,proportional-10bps,corrected_guarded_vs_dca,outside-current-safety-theorem,-136.90699713260238162381410814379969796438591010384559614986,-0.0187945925663636549493172007659808225365508977390559234394528,338.626227560303108137768057566986531452093530153507065721685,-3.1702214979527032650772144380719081961098629350490177458103,338.626227560303108137768057566986531452093530153507065721685,-475.533224692905489761582165710786229416479440257352661871545,0.0677252455120606216275536115133973062904187060307014131443372,0.0000000000000000000000000000000000000000000000000000000000002,0.952622959303633348283961394567764499522811348720387781458848,1,1,0,5,5,carried-cash-drag|deferred-exposure-penalty,
monotone-rise-primary,monotone-rise,0.9,proportional-10bps,corrected_guarded_vs_neutral_guarded,outside-current-safety-theorem,-12.79684702110383510921200074567158559440534180744518466411,-0.00178720120983321921545259388685484511240837853040812521982353,46.865400617202446321682378058589307776568309446768003784814,-0.3977483175887085428726291920284059558064910083614212563262,46.865400617202446321682378058589307776568309446768003784814,-59.66224763830628143089437880426089337097365125421318844893,0.0677252455120606216275536115133973062904187060307014131443372,0.0583521653886201323632171359016794447351050441413478123873744,0.952622959303633348283961394567764499522811348720387781458848,0.959252829854515847191543723264764747280102196664537972825218,1,1,5,5,carried-cash-drag|deferred-exposure-penalty,
monotone-rise-primary,monotone-rise,0.9,proportional-10bps,neutral_guarded_vs_dca,outside-current-safety-theorem,-124.11015011149854651460210739812811236998056829640041148575,-0.0170378414073065204655245773036150272661509324157298484887638,291.760826943100661816085679508397223675525220706739061936871,-2.7724731803639947222045852460435022403033719266875964894841,291.760826943100661816085679508397223675525220706739061936871,-415.870977054599208330687786906525336045505789003139473422615,0.0583521653886201323632171359016794447351050441413478123873744,0.0000000000000000000000000000000000000000000000000000000000002,0.959252829854515847191543723264764747280102196664537972825218,1,1,0,5,5,carried-cash-drag|deferred-exposure-penalty,
monotone-rise-primary,monotone-rise,0.9,fixed-1-usd,corrected_guarded_vs_dca,outside-current-safety-theorem,-137.32717455050602662236708944366641115915097811008597414725,-0.0188522933745868419215604755993021242260524723274249299558644,338.438575753098975220491090395047081501906611232934103060499,-3.171771668690700012285721198924756617740383928953467181385,338.438575753098975220491090395047081501906611232934103060499,-475.76575030360500184285817983871349266105758934302007720775,0.0676877151506197950440982180790094163003813222465868206120998,0,0.952646381552397991808503102237107171066322669828173813909938,1,1,0,5,5,carried-cash-drag|deferred-exposure-penalty,
monotone-rise-primary,monotone-rise,0.9,fixed-1-usd,corrected_guarded_vs_neutral_guarded,outside-current-safety-theorem,-12.84684065913697900331947039604736354010335906246692652819,-0.0017942778851129630414347171292437989690330926488501015429324,46.821323148932308553824423728380414835239944566267436393842,-0.3977877587204619170476259608295185225022886908582290861469,46.821323148932308553824423728380414835239944566267436393842,-59.668163808069287557143894124427778375343303628734362922035,0.0676877151506197950440982180790094163003813222465868206120998,0.0583234505208333333333333333333333333333333333333333333333314,0.952646381552397991808503102237107171066322669828173813909938,0.959270734249131171821854721085597242310600117922241215279792,1,1,5,5,carried-cash-drag|deferred-exposure-penalty,
monotone-rise-primary,monotone-rise,0.9,fixed-1-usd,neutral_guarded_vs_dca,outside-current-safety-theorem,-124.48033389136904761904761904761904761904761904761904761906,-0.0170886773252844681416109987538558967130395701824273252844698,291.617252604166666666666666666666666666666666666666666666657,-2.7739839099702380952380952380952380952380952380952380952381,291.617252604166666666666666666666666666666666666666666666657,-416.097586495535714285714285714285714285714285714285714285715,0.0583234505208333333333333333333333333333333333333333333333314,0,0.959270734249131171821854721085597242310600117922241215279792,1,1,0,5,5,carried-cash-drag|deferred-exposure-penalty,
monotone-rise-primary,monotone-rise,0.75,frictionless,corrected_guarded_vs_dca,epsilon-dca,-343.55912606811155062652161736711166974007344471807678216804,-0.0471166801464838698002086789532038861357815009899076729830455,846.848555581086672707756935994179223503128403506009929083338,-7.9360512109946548222285236890752726216213456548272447416759,846.848555581086672707756935994179223503128403506009929083338,-1190.40768164919822333427855336129089324320184822408671125138,0.169369711116217334541551387198835844700625680701201985816668,0,0.878118098974021689178409145028652439085146914664421336569182,1,1,0,5,5,carried-cash-drag|deferred-exposure-penalty,
monotone-rise-primary,monotone-rise,0.75,frictionless,corrected_guarded_vs_neutral_guarded,epsilon-dca,-32.14281149540746899386855614262187382170609777930127196397,-0.00460482215881628710961229298064281722421763153497041560419875,117.158730432277148898233126470369699693604593982200405273808,-0.9953436128512307859473445507532771567687379450766778482519,117.158730432277148898233126470369699693604593982200405273808,-149.301541927684617892101682612991573515310691761501677237785,0.169369711116217334541551387198835844700625680701201985816668,0.145937965029761904761904761904761904761904761904761904761906,0.878118098974021689178409145028652439085146914664421336569182,0.895463659848544781956711954921521309431540302303711075170254,1,1,5,5,carried-cash-drag|deferred-exposure-penalty,
monotone-rise-primary,monotone-rise,0.75,frictionless,neutral_guarded_vs_dca,epsilon-dca,-311.41631457270408163265306122448979591836734693877551020407,-0.0427085231413994169096209912536443148688046647230320699708439,729.68982514880952380952380952380952380952380952380952380953,-6.940707598143424036281179138321995464852607709750566893424,729.68982514880952380952380952380952380952380952380952380953,-1041.1061397215136054421768707482993197278911564625850340136,0.145937965029761904761904761904761904761904761904761904761906,0,0.895463659848544781956711954921521309431540302303711075170254,1,1,0,5,5,carried-cash-drag|deferred-exposure-penalty,
monotone-rise-primary,monotone-rise,0.75,proportional-10bps,corrected_guarded_vs_dca,outside-current-safety-theorem,-342.26749283150595405953527035949924491096477525961399037468,-0.0469864814159091373732930019149520563413772443476398085986361,846.565568900757770344420143917466328630233825383767664304204,-7.9255537448817581626930360951797704902746573376225443645258,846.565568900757770344420143917466328630233825383767664304204,-1188.83306173226372440395541427696557354119860064338165467887,0.169313113780151554068884028783493265726046765076753532860841,0.0000000000000000000000000000000000000000000000000000000000002,0.878053648733796578520698572390734797489254729475530105556934,1,1,0,5,5,carried-cash-drag|deferred-exposure-penalty,
monotone-rise-primary,monotone-rise,0.75,proportional-10bps,corrected_guarded_vs_neutral_guarded,outside-current-safety-theorem,-31.99211755275958777303000186417896398601335451861296166035,-0.00458727088209662987933024322804967120006288749000982961513316,117.163501543006115804205945146473269441420773616920009461997,-0.9943707939717713571815729800710148895162275209035531408156,117.163501543006115804205945146473269441420773616920009461997,-149.15561909576570357723594701065223342743412813553297112234,0.169313113780151554068884028783493265726046765076753532860841,0.145880413471550330908042839754198611837762610353369530968442,0.878053648733796578520698572390734797489254729475530105556934,0.895412835383174521534002379687167779136606182853364859706885,1,1,5,5,carried-cash-drag|deferred-exposure-penalty,
monotone-rise-primary,monotone-rise,0.75,proportional-10bps,neutral_guarded_vs_dca,outside-current-safety-theorem,-310.27537527874636628650526849532028092495142074100102871433,-0.0425946035182663011638114432590375681653773310393246212219032,729.402067357751654540214198770993059188813051766847654842207,-6.9311829509099868055114631151087556007584298167189912237102,729.402067357751654540214198770993059188813051766847654842207,-1039.67744263649802082671946726631334011376447250784868355653,0.145880413471550330908042839754198611837762610353369530968442,0.0000000000000000000000000000000000000000000000000000000000002,0.895412835383174521534002379687167779136606182853364859706885,1,1,0,5,5,carried-cash-drag|deferred-exposure-penalty,
monotone-rise-primary,monotone-rise,0.75,fixed-1-usd,corrected_guarded_vs_dca,outside-current-safety-theorem,-343.31793637626506655591772360916602789787744527521493536812,-0.0471307334364671048039011889982553105651311808185623248896604,846.096439382747438051227725987617703754766528082335257651257,-7.9294291717267500307143029973118915443509598223836679534625,846.096439382747438051227725987617703754766528082335257651257,-1189.41437575901250460714544959678373165264397335755019301938,0.169219287876549487610245545197523540750953305616467051530251,0,0.878102653295141797249151534181873550590876466649008228614537,1,1,0,5,5,carried-cash-drag|deferred-exposure-penalty,
monotone-rise-primary,monotone-rise,0.75,fixed-1-usd,corrected_guarded_vs_neutral_guarded,outside-current-safety-theorem,-32.11710164784244750829867599011840885025839765616731632051,-0.00460580804188068264362866463349551064452468221075943837269061,117.053307872330771384561059320951037088099861415668590984589,-0.9944693968011547926190649020737963062557217271455727153673,117.053307872330771384561059320951037088099861415668590984589,-149.170409520173218892859735311069445938358259071835907305095,0.169219287876549487610245545197523540750953305616467051530251,0.145808626302083333333333333333333333333333333333333333333334,0.878102653295141797249151534181873550590876466649008228614537,0.895450319433972815701336069726940333691934036999109188149888,1,1,5,5,carried-cash-drag|deferred-exposure-penalty,
monotone-rise-primary,monotone-rise,0.75,fixed-1-usd,neutral_guarded_vs_dca,outside-current-safety-theorem,-311.20083472842261904761904761904761904761904761904761904761,-0.0427216933132111703540274968846397417825989254560683132111691,729.043131510416666666666666666666666666666666666666666666668,-6.9349597749255952380952380952380952380952380952380952380952,729.043131510416666666666666666666666666666666666666666666668,-1040.24396623883928571428571428571428571428571428571428571428,0.145808626302083333333333333333333333333333333333333333333334,0,0.895450319433972815701336069726940333691934036999109188149888,1,1,0,5,5,carried-cash-drag|deferred-exposure-penalty,
monotone-rise-primary,monotone-rise,0.5,frictionless,corrected_guarded_vs_dca,epsilon-dca,-609.52513031736841128513610904574216039791351215996621806275,-0.0835920178720962392619615235262732105688567102390810813343201,1210.58670045283947187000963565688953997172997450589337629741,-12.1340788718013858877009716313508780024642899111057306290678,1210.58670045283947187000963565688953997172997450589337629741,-1820.11183077020788315514574470263170036964348666585959436017,0.242117340090567894374001927131377907994345994901178675259482,0,0.818832526388803807970442347408448198602433905517517443279122,1,0.4,0,5,5,carried-cash-drag|deferred-exposure-penalty,
monotone-rise-primary,monotone-rise,0.5,frictionless,corrected_guarded_vs_neutral_guarded,epsilon-dca,-75.29893984117793509465991856955168420743732168377574187229,-0.0111431155193286880386724213342300664583567232264913672182732,271.13357545283947187000963565688953997172997450589337629741,-2.309550101960116046431130361509608161194448641264460787798,271.13357545283947187000963565688953997172997450589337629741,-346.4325152940174069646695542264412241791672961896691181697,0.242117340090567894374001927131377907994345994901178675259482,0.187890625,0.818832526388803807970442347408448198602433905517517443279122,0.860975005505395287381634001321294868971592160317110768553182,0.4,0.4,5,5,carried-cash-drag|deferred-exposure-penalty,
monotone-rise-primary,monotone-rise,0.5,frictionless,neutral_guarded_vs_dca,epsilon-dca,-534.22619047619047619047619047619047619047619047619047619046,-0.0732653061224489795918367346938775510204081632653061224489774,939.453125,-9.8245287698412698412698412698412698412698412698412698412698,939.453125,-1473.67931547619047619047619047619047619047619047619047619047,0.187890625,0,0.860975005505395287381634001321294868971592160317110768553182,1,0.4,0,5,5,carried-cash-drag|deferred-exposure-penalty,
monotone-rise-primary,monotone-rise,0.5,proportional-10bps,corrected_guarded_vs_dca,outside-current-safety-theorem,-607.64649873042525658109686944898743173290756486736339249615,-0.0834177113457127792234529782379569946282935505049916465218715,1210.55914461679659758187479548294339635359435305161653794878,-12.1213709556481456944198110995462055205766794527931995362995,1210.55914461679659758187479548294339635359435305161653794878,-1818.20564334722185416297166493193082808650191791897993044492,0.242111828923359319516374959096588679270718870610323307589756,0.0000000000000000000000000000000000000000000000000000000000002,0.818689973142525962333954694283336506416200828685844971573995,1,0.4,0,5,5,carried-cash-drag|deferred-exposure-penalty,
monotone-rise-primary,monotone-rise,0.5,proportional-10bps,corrected_guarded_vs_neutral_guarded,outside-current-safety-theorem,-74.94596226579574214424691097779305358833675581817557921529,-0.0111003398951543414927931677732569425501091413261808106942344,271.123580181232162017439231047378960789158788616052102384344,-2.3071302829801860277445742801678134291833036295615178773309,271.123580181232162017439231047378960789158788616052102384344,-346.069542447027904161686142025172014377495544434227681599635,0.242111828923359319516374959096588679270718870610323307589756,0.187887112887112887112887112887112887112887112887112887112887,0.818689973142525962333954694283336506416200828685844971573995,0.860859027497067088160830704205743265650686553180173990296493,0.4,0.4,5,5,carried-cash-drag|deferred-exposure-penalty,
monotone-rise-primary,monotone-rise,0.5,proportional-10bps,neutral_guarded_vs_dca,outside-current-safety-theorem,-532.70053646462951443684995847119437814457080904918781328086,-0.0731291296458643397418907622989255642316866806662725030071965,939.435564435564435564435564435564435564435564435564435564435,-9.8142406726679596666752368193783920913933758232316816589686,939.435564435564435564435564435564435564435564435564435564435,-1472.13610090019395000128552290675881370900637348475224884529,0.187887112887112887112887112887112887112887112887112887112887,0.0000000000000000000000000000000000000000000000000000000000002,0.860859027497067088160830704205743265650686553180173990296493,1,0.4,0,5,5,carried-cash-drag|deferred-exposure-penalty,
monotone-rise-primary,monotone-rise,0.5,fixed-1-usd,corrected_guarded_vs_dca,outside-current-safety-theorem,-609.40415757828935371968382064623291912840078251984915909912,-0.0836590864114339739126121075104223655603124197367446293057565,1210.53153366908163754516368562864936044822246035443114592344,-12.1329046083158066084323167084992151971774882858285353668171,1210.53153366908163754516368562864936044822246035443114592344,-1819.93569124737099126484750627488227957662324287428030502256,0.242106306733816327509032737125729872089644492070886229184688,0,0.818646169062531045540840962636946224196800089725545517267952,1,0.4,0,5,5,carried-cash-drag|deferred-exposure-penalty,
monotone-rise-primary,monotone-rise,0.5,fixed-1-usd,corrected_guarded_vs_neutral_guarded,outside-current-safety-theorem,-75.2851099592417346720647730271853000807817349008015400515,-0.011152926717199093354402683027510535679485990798703981003059,271.11356491908163754516368562864936044822246035443114592344,-2.309324499188822481448189724372231070193361301701551239833,271.11356491908163754516368562864936044822246035443114592344,-346.39867487832337221722845865583466052900419525523268597495,0.242106306733816327509032737125729872089644492070886229184688,0.18788359375,0.818646169062531045540840962636946224196800089725545517267952,0.860832244676789151734105320521355892148710410451808264765974,0.4,0.4,5,5,carried-cash-drag|deferred-exposure-penalty,
monotone-rise-primary,monotone-rise,0.5,fixed-1-usd,neutral_guarded_vs_dca,outside-current-safety-theorem,-534.11904761904761904761904761904761904761904761904761904762,-0.0733239361810790382218953647525076096504667933239361810790384,939.41796875,-9.8235801091269841269841269841269841269841269841269841269841,939.41796875,-1473.53701636904761904761904761904761904761904761904761904762,0.18788359375,0,0.860832244676789151734105320521355892148710410451808264765974,1,0.4,0,5,5,carried-cash-drag|deferred-exposure-penalty,
monotone-decline-primary,monotone-decline,1,frictionless,corrected_guarded_vs_dca,epsilon-dca,0,0,0,0,0,0,0,0,1,1,1,0,5,5,later-purchase-price-benefit|terminal-downside,
monotone-decline-primary,monotone-decline,1,frictionless,corrected_guarded_vs_neutral_guarded,epsilon-dca,0,0,0,0,0,0,0,0,1,1,1,1,5,5,later-purchase-price-benefit|terminal-downside,
monotone-decline-primary,monotone-decline,1,frictionless,neutral_guarded_vs_dca,epsilon-dca,0,0,0,0,0,0,0,0,1,1,1,0,5,5,later-purchase-price-benefit|terminal-downside,
monotone-decline-primary,monotone-decline,1,proportional-10bps,corrected_guarded_vs_dca,outside-current-safety-theorem,0,0,0,0,0,0,0.0000000000000000000000000000000000000000000000000000000000002,0.0000000000000000000000000000000000000000000000000000000000002,1,1,1,0,5,5,later-purchase-price-benefit|terminal-downside,
monotone-decline-primary,monotone-decline,1,proportional-10bps,corrected_guarded_vs_neutral_guarded,outside-current-safety-theorem,0,0,0,0,0,0,0.0000000000000000000000000000000000000000000000000000000000002,0.0000000000000000000000000000000000000000000000000000000000002,1,1,1,1,5,5,later-purchase-price-benefit|terminal-downside,
monotone-decline-primary,monotone-decline,1,proportional-10bps,neutral_guarded_vs_dca,outside-current-safety-theorem,0,0,0,0,0,0,0.0000000000000000000000000000000000000000000000000000000000002,0.0000000000000000000000000000000000000000000000000000000000002,1,1,1,0,5,5,later-purchase-price-benefit|terminal-downside,
monotone-decline-primary,monotone-decline,1,fixed-1-usd,corrected_guarded_vs_dca,outside-current-safety-theorem,0,0,0,0,0,0,0,0,1,1,1,0,5,5,later-purchase-price-benefit|terminal-downside,
monotone-decline-primary,monotone-decline,1,fixed-1-usd,corrected_guarded_vs_neutral_guarded,outside-current-safety-theorem,0,0,0,0,0,0,0,0,1,1,1,1,5,5,later-purchase-price-benefit|terminal-downside,
monotone-decline-primary,monotone-decline,1,fixed-1-usd,neutral_guarded_vs_dca,outside-current-safety-theorem,0,0,0,0,0,0,0,0,1,1,1,0,5,5,later-purchase-price-benefit|terminal-downside,
monotone-decline-primary,monotone-decline,0.9,frictionless,corrected_guarded_vs_dca,epsilon-dca,67.87379980260803628044701225811254586770837368184041660243,0.0210396908509119967893996625059254495579827890202295609276591,154.832837445310795328079526012968027542412972916177862039873,-1.3378313483492732161174232885362381796108399882205760836529,154.832837445310795328079526012968027542412972916177862039873,-86.9590376427027590476325137548554816747045992343374454374385,0.0309665674890621590656159052025936055084825945832355724079746,0,0.9529935299592163218892817624159940114159065770082261420346,1,1,0,5,5,later-purchase-price-benefit|terminal-downside,
monotone-decline-primary,monotone-decline,0.9,frictionless,corrected_guarded_vs_neutral_guarded,epsilon-dca,-12.16186294734042795373150763469306122361300335382233334603,-0.00367869758675004961823291187397804760721133053211472488997157,-53.940611328137978120693922760480745906360475857270911408898,0.6427499750891930794917294634736566874268841923607473548134,-53.940611328137978120693922760480745906360475857270911408898,41.778748380797550166962415125787684682747472503448578062871,0.0309665674890621590656159052025936055084825945832355724079746,0.0417546897546897546897546897546897546897546897546897546897542,0.9529935299592163218892817624159940114159065770082261420346,0.936850597190102237109808042052379285753791280611101851576457,1,1,5,5,later-purchase-price-benefit|terminal-downside,
monotone-decline-primary,monotone-decline,0.9,frictionless,neutral_guarded_vs_dca,epsilon-dca,80.03566274994846423417851989280560709132137703566274994846,0.0248096556580594494184073761907104932051143599669505350728807,208.773448773448773448773448773448773448773448773448773448771,-1.9805813234384662956091527520098948670377241805813234384663,208.773448773448773448773448773448773448773448773448773448771,-128.73778602350030921459492888064316635745207173778602350031,0.0417546897546897546897546897546897546897546897546897546897542,0,0.936850597190102237109808042052379285753791280611101851576457,1,1,0,5,5,later-purchase-price-benefit|terminal-downside,
monotone-decline-primary,monotone-decline,0.9,proportional-10bps,corrected_guarded_vs_dca,outside-current-safety-theorem,67.93696357686769721578426931835601146253376002971174227224,0.0210803297867374378736492667040576561473062974294670482025296,154.764631343267032956453586564113438129204552506898097049491,-1.3358102733292205498564510345501142564103198842644054581116,154.764631343267032956453586564113438129204552506898097049491,-86.827667766399335740669317245757426666670792477186354777254,0.0309529262686534065912907173128226876258409105013796194098984,0.0000000000000000000000000000000000000000000000000000000000002,0.952969123126022588375453109847997322085860161287880000804226,1,1,0,5,5,later-purchase-price-benefit|terminal-downside,
monotone-decline-primary,monotone-decline,0.9,proportional-10bps,corrected_guarded_vs_neutral_guarded,outside-current-safety-theorem,-12.20114861434848174930706925000662079001079563358255783635,-0.00369406720388058739775777081116278502235770409073763392447327,-53.928437667208878652947253543425222946486269319249599374444,0.6419582931209291831329259122064400331765457490102621775092,-53.928437667208878652947253543425222946486269319249599374444,41.727289052860396903640184293418602156475473685667041538098,0.0309529262686534065912907173128226876258409105013796194098984,0.0417386138020951823218801680215077322151381643652295392847872,0.952969123126022588375453109847997322085860161287880000804226,0.93681527483386422003035434410442562000845569127946178990572,1,1,5,5,later-purchase-price-benefit|terminal-downside,
monotone-decline-primary,monotone-decline,0.9,proportional-10bps,neutral_guarded_vs_dca,outside-current-safety-theorem,80.13811219121617896509133856836263225254455566329430010859,0.0248662546062422895025657900642344503089377800473864461713932,208.693069010475911609400840107538661075690821826147696423935,-1.9777685664501497329893769467565542895868656332746676356208,208.693069010475911609400840107538661075690821826147696423935,-128.554956819259732644309501539176028823146266162853396315352,0.0417386138020951823218801680215077322151381643652295392847872,0.0000000000000000000000000000000000000000000000000000000000002,0.93681527483386422003035434410442562000845569127946178990572,1,1,0,5,5,later-purchase-price-benefit|terminal-downside,
monotone-decline-primary,monotone-decline,0.9,fixed-1-usd,corrected_guarded_vs_dca,outside-current-safety-theorem,67.8324248196495574310732656417152899123995110769156366694,0.0210479132430712359425478023367630251680699451274278005005217,154.725332435113296456015494872394186161434444332043890488932,-1.3368139633148267542298804497027522499851528193096654433774,154.725332435113296456015494872394186161434444332043890488932,-86.892907615463739024942229230678896249034933255128253819531,0.0309450664870226592912030989744788372322868888664087780977864,0,0.952979525740248251775983303970098517906254865779914075158432,1,1,0,5,5,later-purchase-price-benefit|terminal-downside,
monotone-decline-primary,monotone-decline,0.9,fixed-1-usd,corrected_guarded_vs_neutral_guarded,outside-current-safety-theorem,-12.153879447511852587479610054017548677581936047388630492,-0.00367992853446414172476628817886384000575151636134238673812642,-53.903397723616862274143235286335972568724285826686268241219,0.6423002811708463028717480804972065214021899966045790422957,-53.903397723616862274143235286335972568724285826686268241219,41.7495182761050096866636252323184238911423497792976377492205,0.0309450664870226592912030989744788372322868888664087780977864,0.0417257460317460317460317460317460317460317460317460317460302,0.952979525740248251775983303970098517906254865779914075158432,0.936831789344652206595254620982207599624069611736959749099736,1,1,5,5,later-purchase-price-benefit|terminal-downside,
monotone-decline-primary,monotone-decline,0.9,fixed-1-usd,neutral_guarded_vs_dca,outside-current-safety-theorem,79.9863042671614100185528756957328385899814471243042671614,0.0248191745662234701020535759152959827496083819861222896636019,208.628730158730158730158730158730158730158730158730158730151,-1.9791142444856730571016285301999587713873428159142444856731,208.628730158730158730158730158730158730158730158730158730151,-128.642425891568748711605854462997320140177283034425891568752,0.0417257460317460317460317460317460317460317460317460317460302,0,0.936831789344652206595254620982207599624069611736959749099736,1,1,0,5,5,later-purchase-price-benefit|terminal-downside,
monotone-decline-primary,monotone-decline,0.75,frictionless,corrected_guarded_vs_dca,epsilon-dca,169.68449950652009070111753064528136466927093420460104150613,0.0525992271272799919734991562648136238949569725505739023191648,387.082093613276988320198815032420068856032432290444655099696,-3.3445783708731830402935582213405954490270999705514402091318,387.082093613276988320198815032420068856032432290444655099696,-217.397594106756897619081284387138704186761498085843613593567,0.0774164187226553976640397630064840137712064864580889310199392,0,0.886007251379468225450567163017644152229173518699700217176141,1,1,0,5,5,later-purchase-price-benefit|terminal-downside,
monotone-decline-primary,monotone-decline,0.75,frictionless,corrected_guarded_vs_neutral_guarded,epsilon-dca,-30.40465736835106988432876908673265305903250838455583336502,-0.00887448003343407339536912799817809400442431585705634239753888,-134.851528320344945301734806901201864765901189643177278522238,1.606874937722982698729323658684141718567210480901868387034,-134.851528320344945301734806901201864765901189643177278522238,104.44687095199387541740603781446921170686868125862144515721,0.0774164187226553976640397630064840137712064864580889310199392,0.104386724386724386724386724386724386724386724386724386724387,0.886007251379468225450567163017644152229173518699700217176141,0.847658552750234244755647633913616520915209941815242297600724,1,1,5,5,later-purchase-price-benefit|terminal-downside,
monotone-decline-primary,monotone-decline,0.75,frictionless,neutral_guarded_vs_dca,epsilon-dca,200.08915687487116058544629973201401772830344258915687487115,0.0620241391451486235460184404767762330127858999173763376822017,521.933621933621933621933621933621933621933621933621933621934,-4.9514533085961657390228818800247371675943104514533085961658,521.933621933621933621933621933621933621933621933621933621934,-321.844465058750773036487322201607915893630179344465058750777,0.104386724386724386724386724386724386724386724386724386724387,0,0.847658552750234244755647633913616520915209941815242297600724,1,1,0,5,5,later-purchase-price-benefit|terminal-downside,
monotone-decline-primary,monotone-decline,0.75,proportional-10bps,corrected_guarded_vs_dca,outside-current-safety-theorem,169.84240894216924303946067329589002865633440007427935568061,0.052700824466843594684123166760144140368265743573667620506327,386.911578358167582391133966410283595323011381267245242623734,-3.339525683323051374641127586375285641025799710661013645279,386.911578358167582391133966410283595323011381267245242623734,-217.069169415998339351673293114393566666676981192965886943135,0.077382315671633516478226793282056719064602276253449048524747,0.0000000000000000000000000000000000000000000000000000000000002,0.885954532017769798760882687914236215406997321890513666494448,1,1,0,5,5,later-purchase-price-benefit|terminal-downside,
monotone-decline-primary,monotone-decline,0.75,proportional-10bps,corrected_guarded_vs_neutral_guarded,outside-current-safety-theorem,-30.50287153587120437326767312501655197502698908395639459083,-0.00891086260313512657314763093862616521762340421079838933526822,-134.821094168022196632368133858563057366215673298123998436088,1.6048957328023229578323147805161000829413643725256554437731,-134.821094168022196632368133858563057366215673298123998436088,104.318222632150992259100460733546505391188684214167603845252,0.077382315671633516478226793282056719064602276253449048524747,0.104346534505237955804700420053769330537845410913073848211965,0.885954532017769798760882687914236215406997321890513666494448,0.847585229640426849287088615215309415380961325162670670251471,1,1,5,5,later-purchase-price-benefit|terminal-downside,
monotone-decline-primary,monotone-decline,0.75,proportional-10bps,neutral_guarded_vs_dca,outside-current-safety-theorem,200.34528047804044741272834642090658063136138915823575027144,0.062165636515605723756414475160586125772344450118466115428472,521.732672526189779023502100268846652689227054565369241059822,-4.9444214161253743324734423668913857239671640831866690890521,521.732672526189779023502100268846652689227054565369241059822,-321.387392048149331610773753847940072057865665407133490788386,0.104346534505237955804700420053769330537845410913073848211965,0.0000000000000000000000000000000000000000000000000000000000002,0.847585229640426849287088615215309415380961325162670670251471,1,1,0,5,5,later-purchase-price-benefit|terminal-downside,
monotone-decline-primary,monotone-decline,0.75,fixed-1-usd,corrected_guarded_vs_dca,outside-current-safety-theorem,169.5810620491238935776831641042882247809987776922890916735,0.0526197831076780898563695058419075629201748628185695012513041,386.813331087783241140038737180985465403586110830109726222338,-3.3420349082870668855747011242568806249628820482741636084437,386.813331087783241140038737180985465403586110830109726222338,-217.23226903865934756235557307669724062258733313782063454884,0.0773626662175566482280077474361970930807172221660219452444676,0,0.885974599059697103688642818367943955114192657135756241666516,1,1,0,5,5,later-purchase-price-benefit|terminal-downside,
monotone-decline-primary,monotone-decline,0.75,fixed-1-usd,corrected_guarded_vs_neutral_guarded,outside-current-safety-theorem,-30.38469861877963146869902513504387169395484011847157623003,-0.00887733310767578443157969064381817777959189220480347676732288,-134.758494309042155685358088215839931421810714566715670603067,1.6057507029271157571793702012430163035054749915114476057389,-134.758494309042155685358088215839931421810714566715670603067,104.373795690262524216659063080796059727855874448244094373028,0.0773626662175566482280077474361970930807172221660219452444676,0.104314365079365079365079365079365079365079365079365079365081,0.885974599059697103688642818367943955114192657135756241666516,0.847615179873319498252741150201598372381466967317463719336149,1,1,5,5,later-purchase-price-benefit|terminal-downside,
monotone-decline-primary,monotone-decline,0.75,fixed-1-usd,neutral_guarded_vs_dca,outside-current-safety-theorem,199.96576066790352504638218923933209647495361781076066790353,0.0620479364155586752551339397882399568740209549653057241590141,521.571825396825396825396825396825396825396825396825396825405,-4.9477856112141826427540713254998969284683570397856112141826,521.571825396825396825396825396825396825396825396825396825405,-321.606064728921871779014636157493300350443207586064728921869,0.104314365079365079365079365079365079365079365079365079365081,0,0.847615179873319498252741150201598372381466967317463719336149,1,1,0,5,5,later-purchase-price-benefit|terminal-downside,
monotone-decline-primary,monotone-decline,0.5,frictionless,corrected_guarded_vs_dca,epsilon-dca,318.47293667671982167142301531499962017215881246532548804333,0.0987210403947767438946400085942068324883615912607612970124608,639.94482202891469609531054001036075622535762755699554053467,-4.9457213131106903757521157645440174777415202321795392690975,639.94482202891469609531054001036075622535762755699554053467,-321.471885352194874423887524695361136053198815091670052491338,0.127988964405782939219062108002072151245071525511399108106934,0,0.819452167442646912231559450595588566607165991375145905814629,1,0.6,0,5,5,later-purchase-price-benefit|terminal-downside,
monotone-decline-primary,monotone-decline,0.5,frictionless,corrected_guarded_vs_neutral_guarded,epsilon-dca,-65.21800655663412596823891006121147032464597005374274531061,-0.0180675343551823748343668178713729965239767477979856333882423,-286.9078565425138753332608885610678152032138010144330308939,3.4106130767058422979234150538439437673625820147798505474352,-286.9078565425138753332608885610678152032138010144330308939,221.689849985879749365021978499856344878567830960690285583288,0.127988964405782939219062108002072151245071525511399108106934,0.185370535714285714285714285714285714285714285714285714285714,0.819452167442646912231559450595588566607165991375145905814629,0.743231302267108979061695472678328951251593564543913182076733,0.6,0.6,5,5,later-purchase-price-benefit|terminal-downside,
monotone-decline-primary,monotone-decline,0.5,frictionless,neutral_guarded_vs_dca,epsilon-dca,383.69094323335394763966192537621109049680478251906823335394,0.118937481788287888189033737675942711704763225377285969249681,926.85267857142857142857142857142857142857142857142857142857,-8.3563343898165326736755308183879612451041022469593898165327,926.85267857142857142857142857142857142857142857142857142857,-543.161735338074623788909503195217480931766646052360338074626,0.185370535714285714285714285714285714285714285714285714285714,0,0.743231302267108979061695472678328951251593564543913182076733,1,0.6,0,5,5,later-purchase-price-benefit|terminal-downside,
monotone-decline-primary,monotone-decline,0.5,proportional-10bps,corrected_guarded_vs_dca,outside-current-safety-theorem,318.73827322896130123367806199089260585150213958622125677843,0.0989020933754178286627335876367739741864395282343452490722443,639.91126076714946071411562708322569541556641184826060655328,-4.9411228852028947612375010014205090702163734194159899965362,639.91126076714946071411562708322569541556641184826060655328,-321.172987538188159480437565092333089564064272262039349774853,0.127982252153429892142823125416645139083113282369652121310656,0.0000000000000000000000000000000000000000000000000000000000002,0.81931087262434195255607820707520745390161525941111510575817,1,0.6,0,5,5,later-purchase-price-benefit|terminal-downside,
monotone-decline-primary,monotone-decline,0.5,proportional-10bps,corrected_guarded_vs_neutral_guarded,outside-current-safety-theorem,-65.43171612627399676810339007999968291991254169913533789647,-0.0181405275662031290430102974966972469754296766644944866981001,-286.886259804900153721684052044553903321646140120963262199629,3.4069929796711716454397024917623726215651322834127372969717,-286.886259804900153721684052044553903321646140120963262199629,221.45454367862615695358066196455422040173359842182792430316,0.127982252153429892142823125416645139083113282369652121310656,0.185359504114409922887159935825555919747442510393844773750582,0.81931087262434195255607820707520745390161525941111510575817,0.743051275962561714497314411899150213536802018974350883497707,0.6,0.6,5,5,later-purchase-price-benefit|terminal-downside,
monotone-decline-primary,monotone-decline,0.5,proportional-10bps,neutral_guarded_vs_dca,outside-current-safety-theorem,384.1699893552352980017814520708922887714146812853565946749,0.119205063685437638754858754805808474856843977484839874678417,926.797520572049614435799679127779598737212551969223868752909,-8.3481158648740664066772034931828816917815057028287272935079,926.797520572049614435799679127779598737212551969223868752909,-542.627531216814316434018227056887309965797870683867274078014,0.185359504114409922887159935825555919747442510393844773750582,0.0000000000000000000000000000000000000000000000000000000000002,0.743051275962561714497314411899150213536802018974350883497707,1,0.6,0,5,5,later-purchase-price-benefit|terminal-downside,
monotone-decline-primary,monotone-decline,0.5,fixed-1-usd,corrected_guarded_vs_dca,outside-current-safety-theorem,318.36867181315013288455848294611967812405968424916829489369,0.098787507618242654823761558706536854727690040891296164796323,639.88284902067622948038177414867115236394427671169368342652,-4.9463719570388630245511275569623303729213014225003905928127,639.88284902067622948038177414867115236394427671169368342652,-321.514177207526096595823291202551474239884592462525388532826,0.127976569804135245896076354829734230472788855342338736685304,0,0.819299872317373933543586900670132749804505808441332497537056,1,0.6,0,5,5,later-purchase-price-benefit|terminal-downside,
monotone-decline-primary,monotone-decline,0.5,fixed-1-usd,corrected_guarded_vs_neutral_guarded,outside-current-safety-theorem,-65.19798026245283557555283430805471890748020443357753070928,-0.018078765997247205567499695659658385298573147875281452388936,-286.862374193609484805332511565614561921770009002592030859195,3.410221445094717680458148880885536046373689301061761540768,-286.862374193609484805332511565614561921770009002592030859195,221.66439393115664922977967725755984301428980456901450014992,0.127976569804135245896076354829734230472788855342338736685304,0.185349044642857142857142857142857142857142857142857142857143,0.819299872317373933543586900670132749804505808441332497537056,0.743022560482498959099799192669085638545897148077790084072705,0.6,0.6,5,5,later-purchase-price-benefit|terminal-downside,
monotone-decline-primary,monotone-decline,0.5,fixed-1-usd,neutral_guarded_vs_dca,outside-current-safety-theorem,383.56665207560296846011131725417439703153988868274582560297,0.119017971674866772848979047734644641081810355520886427439897,926.745223214285714285714285714285714285714285714285714285715,-8.3565934021335807050092764378478664192949907235621521335807,926.745223214285714285714285714285714285714285714285714285715,-543.178571138682745825602968460111317254174397031539888682746,0.185349044642857142857142857142857142857142857142857142857143,0,0.743022560482498959099799192669085638545897148077790084072705,1,0.6,0,5,5,later-purchase-price-benefit|terminal-downside,
weak-single-valley-primary,weak-single-valley,1,frictionless,corrected_guarded_vs_dca,epsilon-dca,0,0,0,0,0,0,0,0,1,1,1,0,7,7,weak-valley-score-direction|flat-valley-boundary,
weak-single-valley-primary,weak-single-valley,1,frictionless,corrected_guarded_vs_neutral_guarded,epsilon-dca,0,0,0,0,0,0,0,0,1,1,1,1,7,7,weak-valley-score-direction|flat-valley-boundary,
weak-single-valley-primary,weak-single-valley,1,frictionless,neutral_guarded_vs_dca,epsilon-dca,0,0,0,0,0,0,0,0,1,1,1,0,7,7,weak-valley-score-direction|flat-valley-boundary,
weak-single-valley-primary,weak-single-valley,1,proportional-10bps,corrected_guarded_vs_dca,outside-current-safety-theorem,0,0,0,0,0,0,0.000000000000000000000000000000000000000000000000000000000000142857142857142857142857142857142857142857142857142857142857,0.000000000000000000000000000000000000000000000000000000000000142857142857142857142857142857142857142857142857142857142857,1,1,1,0,7,7,weak-valley-score-direction|flat-valley-boundary,
weak-single-valley-primary,weak-single-valley,1,proportional-10bps,corrected_guarded_vs_neutral_guarded,outside-current-safety-theorem,0,0,0,0,0,0,0.000000000000000000000000000000000000000000000000000000000000142857142857142857142857142857142857142857142857142857142857,0.000000000000000000000000000000000000000000000000000000000000142857142857142857142857142857142857142857142857142857142857,1,1,1,1,7,7,weak-valley-score-direction|flat-valley-boundary,
weak-single-valley-primary,weak-single-valley,1,proportional-10bps,neutral_guarded_vs_dca,outside-current-safety-theorem,0,0,0,0,0,0,0.000000000000000000000000000000000000000000000000000000000000142857142857142857142857142857142857142857142857142857142857,0.000000000000000000000000000000000000000000000000000000000000142857142857142857142857142857142857142857142857142857142857,1,1,1,0,7,7,weak-valley-score-direction|flat-valley-boundary,
weak-single-valley-primary,weak-single-valley,1,fixed-1-usd,corrected_guarded_vs_dca,outside-current-safety-theorem,0,0,0,0,0,0,0,0,1,1,1,0,7,7,weak-valley-score-direction|flat-valley-boundary,
weak-single-valley-primary,weak-single-valley,1,fixed-1-usd,corrected_guarded_vs_neutral_guarded,outside-current-safety-theorem,0,0,0,0,0,0,0,0,1,1,1,1,7,7,weak-valley-score-direction|flat-valley-boundary,
weak-single-valley-primary,weak-single-valley,1,fixed-1-usd,neutral_guarded_vs_dca,outside-current-safety-theorem,0,0,0,0,0,0,0,0,1,1,1,0,7,7,weak-valley-score-direction|flat-valley-boundary,
weak-single-valley-primary,weak-single-valley,0.9,frictionless,corrected_guarded_vs_dca,epsilon-dca,-65.96126179277905986774780513118218355503285249972437454347,-0.00786253324919154969241608977343609990095351771208288489548786,406.448873962694012959766485066342391485889625411256565467909,-4.1079142239606354158914286104132571742688911122693994783598,406.448873962694012959766485066342391485889625411256565467909,-472.410135755473072827514290197524575040922477910980940011377,0.0580641248518134304228237835809060559265556607730366522097013,0,0.951167651156333130197644620650734466676000436360286260669783,1,1,0,7,7,weak-valley-score-direction|flat-valley-boundary,
weak-single-valley-primary,weak-single-valley,0.9,frictionless,corrected_guarded_vs_neutral_guarded,epsilon-dca,2.15045259617628303496351863277315934767847126423096835924,0.000258430509448148348493168289612652441225978499203063838983813,29.603684817957170854503327171605549380626467516519723362642,-0.2387237584502685897351287699028903481125912717590326522035,29.603684817957170854503327171605549380626467516519723362642,-27.4532322217808878195398085388323900329479962522887550034025,0.0580641248518134304228237835809060559265556607730366522097013,0.0538350270206766917293233082706766917293233082706766917293239,0.951167651156333130197644620650734466676000436360286260669783,0.954712652403068932913464503681730429277093914640518465107683,1,1,7,7,weak-valley-score-direction|flat-valley-boundary,
weak-single-valley-primary,weak-single-valley,0.9,frictionless,neutral_guarded_vs_dca,epsilon-dca,-68.11171438895534290271132376395534290271132376395534290271,-0.00811886559606756525541339518260109123400695804262276382578263,376.845189144736842105263157894736842105263157894736842105267,-3.8691904655103668261562998405103668261562998405103668261563,376.845189144736842105263157894736842105263157894736842105267,-444.956903533692185007974481658692185007974481658692185007974,0.0538350270206766917293233082706766917293233082706766917293239,0,0.954712652403068932913464503681730429277093914640518465107683,1,1,0,7,7,weak-valley-score-direction|flat-valley-boundary,
weak-single-valley-primary,weak-single-valley,0.9,proportional-10bps,corrected_guarded_vs_dca,outside-current-safety-theorem,-65.44964036363109152967151787942299162112455447809006425783,-0.00780934990447038860164125125988262845995162463706397839583831,406.276272407456080792189727547486137825377138898422892217908,-4.1019644588790188897553151776252967777956668989261996215282,406.276272407456080792189727547486137825377138898422892217908,-471.725912771087172321861245426909129446501693376512956475743,0.0580394674867794401131699610782123054036253055569175560311299,0.000000000000000000000000000000000000000000000000000000000000142857142857142857142857142857142857142857142857142857142857,0.951142195580330702790713688030725120691335490397653296912839,1,1,0,7,7,weak-valley-score-direction|flat-valley-boundary,
weak-single-valley-primary,weak-single-valley,0.9,proportional-10bps,corrected_guarded_vs_neutral_guarded,outside-current-safety-theorem,2.18045376333865867376563621335580740084975669174706993926,0.000262284884778949303528603833415267231395043072312593962596422,29.592026449750161513734119929694921456484677393722902379472,-0.2383615016209695899127694236203401222229123539302246299149,29.592026449750161513734119929694921456484677393722902379472,-27.4115726864115028399684837163391140556349207019758324402135,0.0580394674867794401131699610782123054036253055569175560311299,0.053812035136815131325493658231113030909841780214957141405491,0.951142195580330702790713688030725120691335490397653296912839,0.954688980014057135020474279430349509588573979209876784281857,1,1,7,7,weak-valley-score-direction|flat-valley-boundary,
weak-single-valley-primary,weak-single-valley,0.9,proportional-10bps,neutral_guarded_vs_dca,outside-current-safety-theorem,-67.63009412696975020343715409277879902197431116983713419709,-0.00806951827657794403356070240333614936859844318484275413484858,376.684245957705919278455607617791216368892461504699989838436,-3.8636029572580492998425457540049566555727545449959749916133,376.684245957705919278455607617791216368892461504699989838436,-444.31434008467566948189276171057001539086677267453712403553,0.053812035136815131325493658231113030909841780214957141405491,0.000000000000000000000000000000000000000000000000000000000000142857142857142857142857142857142857142857142857142857142857,0.954688980014057135020474279430349509588573979209876784281857,1,1,0,7,7,weak-valley-score-direction|flat-valley-boundary,
weak-single-valley-primary,weak-single-valley,0.9,fixed-1-usd,corrected_guarded_vs_dca,outside-current-safety-theorem,-65.89436295780273083759420183219168412026666160433893466458,-0.00786242137929688633048012833821715214261945389162484513271121,406.0978909529920359934439904799517927364652354744274741748,-4.1042804687895197115742451505403780596237556267718818159946,406.0978909529920359934439904799517927364652354744274741748,-471.992253910794766831038192312143476856731897078766408839379,0.0580139844218560051419205700685645418194950336392039248821143,0,0.95116098610799159817513925159055320860152206294535549839911,1,1,0,7,7,weak-valley-score-direction|flat-valley-boundary,
weak-single-valley-primary,weak-single-valley,0.9,fixed-1-usd,corrected_guarded_vs_neutral_guarded,outside-current-safety-theorem,2.14881054324391988010914745010496659743668767795771605313,0.000258491654159477633936128406123137800246079772260502770440526,29.578226068123614940812411532583371683833656527059053122169,-0.238516656738084304875680557238942652925191033470446409296,29.578226068123614940812411532583371683833656527059053122169,-27.42941552487969506070326408247840508639696884910133706904,0.0580139844218560051419205700685645418194950336392039248821143,0.0537885235549812030075187969924812030075187969924812030075187,0.95116098610799159817513925159055320860152206294535549839911,0.954706481078255844488653595989113981957268666370029517966213,1,1,7,7,weak-valley-score-direction|flat-valley-boundary,
weak-single-valley-primary,weak-single-valley,0.9,fixed-1-usd,neutral_guarded_vs_dca,outside-current-safety-theorem,-68.04317350104665071770334928229665071770334928229665071771,-0.00811881438769547479457937434021538886465408774870572174806014,376.519664884868421052631578947368421052631578947368421052631,-3.8657638120514354066985645933014354066985645933014354066986,376.519664884868421052631578947368421052631578947368421052631,-444.562838385915071770334928229665071770334928229665071770339,0.0537885235549812030075187969924812030075187969924812030075187,0,0.954706481078255844488653595989113981957268666370029517966213,1,1,0,7,7,weak-valley-score-direction|flat-valley-boundary,
weak-single-valley-primary,weak-single-valley,0.75,frictionless,corrected_guarded_vs_dca,epsilon-dca,-161.03276210988015958990786289218127292646033900903345264172,-0.0191949852365724720181882911034766749918995138036660852087144,943.985820856924310674007382755054170342124851065897621570133,-9.6088572431896040892514369186716125501616103484776615148856,943.985820856924310674007382755054170342124851065897621570133,-1105.01858296680447026391524564723544326858519007493107421184,0.134855117265274901524858197536436310048874978723699660224305,0,0.885275457748429895511718071047655631153762486140653544191609,1,0.714285714285714285714285714285714285714285714285714285714286,0,7,7,weak-valley-score-direction|flat-valley-boundary,
weak-single-valley-primary,weak-single-valley,0.75,frictionless,corrected_guarded_vs_neutral_guarded,epsilon-dca,6.36239370401537470036326948421426136381079336736208164855,0.000773833173741911808299048667638645766728327583671752762781839,65.323711481924310674007382755054170342124851065897621570133,-0.5127071111122516171621227240942600780722961539003090427963,65.323711481924310674007382755054170342124851065897621570133,-58.9613177779089359736441132708399089783140576985355399215745,0.134855117265274901524858197536436310048874978723699660224305,0.125523158482142857142857142857142857142857142857142857142857,0.885275457748429895511718071047655631153762486140653544191609,0.893131748776360221296932073019252754664428042217982328564871,0.714285714285714285714285714285714285714285714285714285714286,0.857142857142857142857142857142857142857142857142857142857143,7,7,weak-valley-score-direction|flat-valley-boundary,
weak-single-valley-primary,weak-single-valley,0.75,frictionless,neutral_guarded_vs_dca,epsilon-dca,-167.39515581389553429027113237639553429027113237639553429027,-0.0199533778246254824052774662078667705937149483850116917929316,878.662109375,-9.0961501320773524720893141945773524720893141945773524720893,878.662109375,-1046.05726518889553429027113237639553429027113237639553429027,0.125523158482142857142857142857142857142857142857142857142857,0,0.893131748776360221296932073019252754664428042217982328564871,1,0.857142857142857142857142857142857142857142857142857142857143,0,7,7,weak-valley-score-direction|flat-valley-boundary,
weak-single-valley-primary,weak-single-valley,0.75,proportional-10bps,corrected_guarded_vs_dca,outside-current-safety-theorem,-159.88716807363406158858101027962287518318973149749570300042,-0.0190774897124675814476257739850513994567783543298756174953033,943.92102078814999479942214307764489638802793251369124237789,-9.5983320770589917946782882900631980136627622957494516989418,943.92102078814999479942214307764489638802793251369124237789,-1103.80818886178405638800315335726777157121766401118694537831,0.134845860112592856399917449011092128055432561787670177482556,0.000000000000000000000000000000000000000000000000000000000000142857142857142857142857142857142857142857142857142857142857,0.885182370943760875842146172570857918117908810579503269149753,1,0.714285714285714285714285714285714285714285714285714285714286,0,7,7,weak-valley-score-direction|flat-valley-boundary,
weak-single-valley-primary,weak-single-valley,0.75,proportional-10bps,corrected_guarded_vs_neutral_guarded,outside-current-safety-theorem,6.38063782328235246247011416260277073804866273444614214748,0.000776737392156745629745164641968935464808546353141211001354748,65.426367753216819525557823533415941025391649589937289636231,-0.5134411298255171048964148640940275677160259726564447607717,65.426367753216819525557823533415941025391649589937289636231,-59.0457299299344670630877093708131702873429868554911474887455,0.134845860112592856399917449011092128055432561787670177482556,0.125499236147847596467694902792032707908948040417679136105951,0.885182370943760875842146172570857918117908810579503269149753,0.893057768718335280643651999995102567015660066800002814236176,0.714285714285714285714285714285714285714285714285714285714286,0.857142857142857142857142857142857142857142857142857142857143,7,7,weak-valley-score-direction|flat-valley-boundary,
weak-single-valley-primary,weak-single-valley,0.75,proportional-10bps,neutral_guarded_vs_dca,outside-current-safety-theorem,-166.2678058969164140510511244422256459212383942319418451479,-0.0198388175532145697233168692763066777195507860414461634654552,878.494653034933175273864319544228955362636282923753952741659,-9.0848909472334746897818734259691704459467363230930069381701,878.494653034933175273864319544228955362636282923753952741659,-1044.76245893184958932491544398645460128387467715569579788956,0.125499236147847596467694902792032707908948040417679136105951,0.000000000000000000000000000000000000000000000000000000000000142857142857142857142857142857142857142857142857142857142857,0.893057768718335280643651999995102567015660066800002814236176,1,0.857142857142857142857142857142857142857142857142857142857143,0,7,7,weak-valley-score-direction|flat-valley-boundary,
weak-single-valley-primary,weak-single-valley,0.75,fixed-1-usd,corrected_guarded_vs_dca,outside-current-safety-theorem,-160.97189695627778851068993517914813801882107629407673564711,-0.0192069370927145037085149995449577602807272615168325324717767,943.882505066785899296173468682653639692117920149613102811064,-9.6074295828092494591901165553200154583559912734233898996363,943.882505066785899296173468682653639692117920149613102811064,-1104.85440202306368780686340386180177771093899644368983845817,0.134840357866683699899453352668950519956016845735659014687295,0,0.885171787847218642262971537717890644427398613302128060141755,1,0.714285714285714285714285714285714285714285714285714285714286,0,7,7,weak-valley-score-direction|flat-valley-boundary,
weak-single-valley-primary,weak-single-valley,0.75,fixed-1-usd,corrected_guarded_vs_neutral_guarded,outside-current-safety-theorem,6.27480445856969952758757678257435001945643566764575239116,0.000763945740488964082753872490502847177715982117506245393650591,65.530454285535899296173468682653639692117920149613102811064,-0.5152665202344886936398773208702546928057520389736291340861,65.530454285535899296173468682653639692117920149613102811064,-59.2556498269661997685858919000792896726614844819673504199015,0.134840357866683699899453352668950519956016845735659014687295,0.125478864397321428571428571428571428571428571428571428571429,0.885171787847218642262971537717890644427398613302128060141755,0.893062275920382180086290135843607334314280426128221956316672,0.714285714285714285714285714285714285714285714285714285714286,0.857142857142857142857142857142857142857142857142857142857143,7,7,weak-valley-score-direction|flat-valley-boundary,
weak-single-valley-primary,weak-single-valley,0.75,fixed-1-usd,neutral_guarded_vs_dca,outside-current-safety-theorem,-167.24670141484748803827751196172248803827751196172248803827,-0.0199556378087007703127168536571399634839493397315491952476031,878.35205078125,-9.0921630625747607655502392344497607655502392344497607655502,878.35205078125,-1045.59875219609748803827751196172248803827751196172248803827,0.125478864397321428571428571428571428571428571428571428571429,0,0.893062275920382180086290135843607334314280426128221956316672,1,0.857142857142857142857142857142857142857142857142857142857143,0,7,7,weak-valley-score-direction|flat-valley-boundary,
weak-single-valley-primary,weak-single-valley,0.5,frictionless,corrected_guarded_vs_dca,epsilon-dca,-122.24716698824918362570454266365089546846162725456231427775,-0.0145717712023787072742565252086669666848017034445372846622972,1012.5275394118551813521310822568252722851823983184236873434,-9.8676061426096031737203097819171840674229915267216174054013,1012.5275394118551813521310822568252722851823983184236873434,-1134.77470640010436497783562492047616775364402557298600162115,0.144646791344550740193161583179546467469311771188346241049057,0,0.877522761575197346294100843954112953560700670255483944599669,1,0.285714285714285714285714285714285714285714285714285714285714,0,7,7,weak-valley-score-direction|flat-valley-boundary,
weak-single-valley-primary,weak-single-valley,0.5,frictionless,corrected_guarded_vs_neutral_guarded,epsilon-dca,35.97495970632816884638477153092645700362768694001503819436,0.00437061806740083641918687749340040887151334420014735499863031,29.454622745188514685464415590158605618515731651757020676735,0.0566985822707796013993074429631987076966256981587653697184,29.454622745188514685464415590158605618515731651757020676735,6.520336961139654160920355940767851385111955288258017517616,0.144646791344550740193161583179546467469311771188346241049057,0.140438988095238095238095238095238095238095238095238095238095,0.877522761575197346294100843954112953560700670255483944599669,0.880565919010606392779292259499123157280178790461516465035795,0.285714285714285714285714285714285714285714285714285714285714,0.428571428571428571428571428571428571428571428571428571428571,7,7,weak-valley-score-direction|flat-valley-boundary,
weak-single-valley-primary,weak-single-valley,0.5,frictionless,neutral_guarded_vs_dca,epsilon-dca,-158.22212669457735247208931419457735247208931419457735247211,-0.0188599595896465846656907663352407748902112127145871751487639,983.072916666666666666666666666666666666666666666666666666665,-9.9243047248803827751196172248803827751196172248803827751197,983.072916666666666666666666666666666666666666666666666666665,-1141.29504336124401913875598086124401913875598086124401913877,0.140438988095238095238095238095238095238095238095238095238095,0,0.880565919010606392779292259499123157280178790461516465035795,1,0.428571428571428571428571428571428571428571428571428571428571,0,7,7,weak-valley-score-direction|flat-valley-boundary,
weak-single-valley-primary,weak-single-valley,0.5,proportional-10bps,corrected_guarded_vs_dca,outside-current-safety-theorem,-121.12370892196151045152626637526208558751358393252491363495,-0.0144522936939533349024087139001742584724690382583636839546706,1012.52521109267727197719802460551767244836567748642049590947,-9.8578166957794676732932547041806935481380805340777861699515,1012.52521109267727197719802460551767244836567748642049590947,-1133.64892001463878242872429098077975803587926141894540954442,0.144646458727525324568171146372216810349766525355202927987067,0.000000000000000000000000000000000000000000000000000000000000142857142857142857142857142857142857142857142857142857142857,0.877415428930900637513608500084253388342224947163853959076392,1,0.285714285714285714285714285714285714285714285714285714285714,0,7,7,weak-valley-score-direction|flat-valley-boundary,
weak-single-valley-primary,weak-single-valley,0.5,proportional-10bps,corrected_guarded_vs_neutral_guarded,outside-current-safety-theorem,36.00785066162837644044836334713913074334474859147938583564,0.00437849208524116929261462398286627771374744147671155674396744,29.467256674052273931620558448630936141049949591272021340415,0.0568747303267487174680678686826799530634330347844118651759,29.467256674052273931620558448630936141049949591272021340415,6.5405939875761025088278048985081946022947990002073644952285,0.144646458727525324568171146372216810349766525355202927987067,0.140436850631232142577939638022412390901045103985021210652722,0.877415428930900637513608500084253388342224947163853959076392,0.880461860575805036622571081894336427518074539650958055084791,0.285714285714285714285714285714285714285714285714285714285714,0.428571428571428571428571428571428571428571428571428571428571,7,7,weak-valley-score-direction|flat-valley-boundary,
weak-single-valley-primary,weak-single-valley,0.5,proportional-10bps,neutral_guarded_vs_dca,outside-current-safety-theorem,-157.13155958358988689197462972240121633085833252400429947059,-0.0187486947675462006312331250221063303363220514186124306503352,983.057954418624998045577466156886736307315727895148474569054,-9.9146914261062163907613225728633735012015135688621980351274,983.057954418624998045577466156886736307315727895148474569054,-1140.18951400221488493755209587928795263817406041915277403965,0.140436850631232142577939638022412390901045103985021210652722,0.000000000000000000000000000000000000000000000000000000000000142857142857142857142857142857142857142857142857142857142857,0.880461860575805036622571081894336427518074539650958055084791,1,0.428571428571428571428571428571428571428571428571428571428571,0,7,7,weak-valley-score-direction|flat-valley-boundary,
weak-single-valley-primary,weak-single-valley,0.5,fixed-1-usd,corrected_guarded_vs_dca,outside-current-safety-theorem,-122.26756907741056877342193956484001916239147480520416690081,-0.0145887919081105452177402314592219435676469333923690068363087,1012.52287811686100678351510083890745741187532321275329809267,-9.8677430190806223961472786122064997962979721566778909999433,1012.52287811686100678351510083890745741187532321275329809267,-1134.79044719427157555693704040374747657426679801795746499348,0.144646125445265858111930728691272493915982189030393328298953,0,0.877398608520684399670012092652436803067950924728936179466855,1,0.285714285714285714285714285714285714285714285714285714285714,0,7,7,weak-valley-score-direction|flat-valley-boundary,
weak-single-valley-primary,weak-single-valley,0.5,fixed-1-usd,corrected_guarded_vs_neutral_guarded,outside-current-safety-theorem,36.04956172900888896182526936657943857285573412621529083445,0.00438420058780819633747261227888920112646510284561798377362407,29.47860728352767345018176750557412407854198987941996475934,0.057138734308532308796900016182654908646206471711263705001,29.47860728352767345018176750557412407854198987941996475934,6.570954445481215511643501861005314494313744246795326075115,0.144646125445265858111930728691272493915982189030393328298953,0.140434895833333333333333333333333333333333333333333333333333,0.877398608520684399670012092652436803067950924728936179466855,0.880446167350743243512315114405917511376220749367088876905218,0.285714285714285714285714285714285714285714285714285714285714,0.428571428571428571428571428571428571428571428571428571428571,7,7,weak-valley-score-direction|flat-valley-boundary,
weak-single-valley-primary,weak-single-valley,0.5,fixed-1-usd,neutral_guarded_vs_dca,outside-current-safety-theorem,-158.31713080641945773524720893141945773524720893141945773526,-0.0188901741831611273256869348198410383539943814463310290385837,983.04427083333333333333333333333333333333333333333333333333,-9.9248817533891547049441786283891547049441786283891547049443,983.04427083333333333333333333333333333333333333333333333333,-1141.36140163975279106858054226475279106858054226475279106859,0.140434895833333333333333333333333333333333333333333333333333,0,0.880446167350743243512315114405917511376220749367088876905218,1,0.428571428571428571428571428571428571428571428571428571428571,0,7,7,weak-valley-score-direction|flat-valley-boundary,
strict-single-valley-primary,strict-single-valley,1,frictionless,corrected_guarded_vs_dca,epsilon-dca,0,0,0,0,0,0,0,0,1,1,1,0,7,7,strict-valley-score-direction|completed-recovery,single-valley
strict-single-valley-primary,strict-single-valley,1,frictionless,corrected_guarded_vs_neutral_guarded,epsilon-dca,0,0,0,0,0,0,0,0,1,1,1,1,7,7,strict-valley-score-direction|completed-recovery,single-valley
strict-single-valley-primary,strict-single-valley,1,frictionless,neutral_guarded_vs_dca,epsilon-dca,0,0,0,0,0,0,0,0,1,1,1,0,7,7,strict-valley-score-direction|completed-recovery,single-valley
strict-single-valley-primary,strict-single-valley,1,proportional-10bps,corrected_guarded_vs_dca,outside-current-safety-theorem,0,0,0,0,0,0,0.000000000000000000000000000000000000000000000000000000000000142857142857142857142857142857142857142857142857142857142857,0.000000000000000000000000000000000000000000000000000000000000142857142857142857142857142857142857142857142857142857142857,1,1,1,0,7,7,strict-valley-score-direction|completed-recovery,single-valley
strict-single-valley-primary,strict-single-valley,1,proportional-10bps,corrected_guarded_vs_neutral_guarded,outside-current-safety-theorem,0,0,0,0,0,0,0.000000000000000000000000000000000000000000000000000000000000142857142857142857142857142857142857142857142857142857142857,0.000000000000000000000000000000000000000000000000000000000000142857142857142857142857142857142857142857142857142857142857,1,1,1,1,7,7,strict-valley-score-direction|completed-recovery,single-valley
strict-single-valley-primary,strict-single-valley,1,proportional-10bps,neutral_guarded_vs_dca,outside-current-safety-theorem,0,0,0,0,0,0,0.000000000000000000000000000000000000000000000000000000000000142857142857142857142857142857142857142857142857142857142857,0.000000000000000000000000000000000000000000000000000000000000142857142857142857142857142857142857142857142857142857142857,1,1,1,0,7,7,strict-valley-score-direction|completed-recovery,single-valley
strict-single-valley-primary,strict-single-valley,1,fixed-1-usd,corrected_guarded_vs_dca,outside-current-safety-theorem,0,0,0,0,0,0,0,0,1,1,1,0,7,7,strict-valley-score-direction|completed-recovery,single-valley
strict-single-valley-primary,strict-single-valley,1,fixed-1-usd,corrected_guarded_vs_neutral_guarded,outside-current-safety-theorem,0,0,0,0,0,0,0,0,1,1,1,1,7,7,strict-valley-score-direction|completed-recovery,single-valley
strict-single-valley-primary,strict-single-valley,1,fixed-1-usd,neutral_guarded_vs_dca,outside-current-safety-theorem,0,0,0,0,0,0,0,0,1,1,1,0,7,7,strict-valley-score-direction|completed-recovery,single-valley
strict-single-valley-primary,strict-single-valley,0.9,frictionless,corrected_guarded_vs_dca,epsilon-dca,-154.97419432844398429461632332998805463373522298375292777825,-0.0153392787731120763094145725729019826423229075609021821852956,491.829959189175600139379330311778489492344216642660914166057,-4.9754165655201506494922742587828195702006110740493372457254,491.829959189175600139379330311778489492344216642660914166057,-646.804153517619584433995653641766544126079439626413841944302,0.0702614227413108000199113329016826413560491738060944163094367,0,0.950560517204669310346686710252457262208280045494597120554729,1,1,0,7,7,strict-valley-score-direction|completed-recovery,single-valley
strict-single-valley-primary,strict-single-valley,0.9,frictionless,corrected_guarded_vs_neutral_guarded,epsilon-dca,1.29125270824328676765473894107421642853583928730934328403,0.000129815502563844561416284420428551516876536719992004431699008,73.180901947589061677840868773316951030805755104199375704514,-0.5529973018411213454629702294787902661713070447453079416961,73.180901947589061677840868773316951030805755104199375704514,-71.889649239345774910186129832242734602269915816890032420493,0.0702614227413108000199113329016826413560491738060944163094367,0.0598070081773695054945054945054945054945054945054945054945061,0.950560517204669310346686710252457262208280045494597120554729,0.957911307820113656668288358539984092299649100978962488223217,1,1,7,7,strict-valley-score-direction|completed-recovery,single-valley
strict-single-valley-primary,strict-single-valley,0.9,frictionless,neutral_guarded_vs_dca,epsilon-dca,-156.26544703668727106227106227106227106227106227106227106228,-0.0154670864080806574708726335997563579869803799292640524700487,418.649057241586538461538461538461538461538461538461538461543,-4.4224192636790293040293040293040293040293040293040293040293,418.649057241586538461538461538461538461538461538461538461543,-574.914504278273809523809523809523809523809523809523809523809,0.0598070081773695054945054945054945054945054945054945054945061,0,0.957911307820113656668288358539984092299649100978962488223217,1,1,0,7,7,strict-valley-score-direction|completed-recovery,single-valley
strict-single-valley-primary,strict-single-valley,0.9,proportional-10bps,corrected_guarded_vs_dca,outside-current-safety-theorem,-154.23160360428444654991987648010014955450886495328549857154,-0.0152810432416546713686322707491253752682361881091745314518057,491.654996673327386867608578185128015411438143118184215523814,-4.9683584636739371801348342666556012689688231390113054930412,491.654996673327386867608578185128015411438143118184215523814,-645.886600277611833417528454665228164965947008071469714095356,0.0702364280961896266953726540264468593444911633025977450748307,0.000000000000000000000000000000000000000000000000000000000000142857142857142857142857142857142857142857142857142857142857,0.950531608499171944302192154419305619884320834211825270084552,1,1,0,7,7,strict-valley-score-direction|completed-recovery,single-valley
strict-single-valley-primary,strict-single-valley,0.9,proportional-10bps,corrected_guarded_vs_neutral_guarded,outside-current-safety-theorem,1.37438716598244068821560459856614308119977384444209773903,0.000138304555044953439543289221885841371525961454293264973300204,73.172815683064229129387280911017564855779118880380681487405,-0.5522956039775522187782436639419340136506103464302967980644,73.172815683064229129387280911017564855779118880380681487405,-71.798428517081788441171676312451421774579345035938583748372,0.0702364280961896266953726540264468593444911633025977450748307,0.0597831687128947368197458996105872072222370034625433620052014,0.950531608499171944302192154419305619884320834211825270084552,0.957888145881566334443453564501364705361030280646099578950152,1,1,7,7,strict-valley-score-direction|completed-recovery,single-valley
strict-single-valley-primary,strict-single-valley,0.9,proportional-10bps,neutral_guarded_vs_dca,outside-current-safety-theorem,-155.60599077026688723813548107866629263570863879772759631057,-0.0154172155255663292090252678234140604599968481896968482173992,418.482180990263157738221297274110450555659024237803534036409,-4.4160628596963849613565906027136672553182127925810086949768,418.482180990263157738221297274110450555659024237803534036409,-574.088171760530044976356778352776743191367663035531130346984,0.0597831687128947368197458996105872072222370034625433620052014,0.000000000000000000000000000000000000000000000000000000000000142857142857142857142857142857142857142857142857142857142857,0.957888145881566334443453564501364705361030280646099578950152,1,1,0,7,7,strict-valley-score-direction|completed-recovery,single-valley
strict-single-valley-primary,strict-single-valley,0.9,fixed-1-usd,corrected_guarded_vs_dca,outside-current-safety-theorem,-154.82381919556768354891729652197244264989736181766766998125,-0.0153397344418956290654345964608655566963652295482201078820495,491.395286181025753217182328556123916624927154722962805372588,-4.9709161952045648982007663467545873790371116656971575027215,491.395286181025753217182328556123916624927154722962805372588,-646.219105376593436766099625078096359274824516540630475353795,0.070199326597289393316740332650874845232132450674708972196084,0,0.950554743069598339426308900453571924680855216869841752085309,1,1,0,7,7,strict-valley-score-direction|completed-recovery,single-valley
strict-single-valley-primary,strict-single-valley,0.9,fixed-1-usd,corrected_guarded_vs_neutral_guarded,outside-current-safety-theorem,1.29029416616823678075303314835722767977296785266200034846,0.000129849049403473226524390331204597507653573233216281179929969,73.116315139859887832566943940739301240311770107578189987972,-0.5525078536437819311677993137875544120041446327301245356885,73.116315139859887832566943940739301240311770107578189987972,-71.826020973691651051813910792382073560538802254916189639505,0.070199326597289393316740332650874845232132450674708972196084,0.0597541387201665521978021978021978021978021978021978021978023,0.950554743069598339426308900453571924680855216869841752085309,0.957906399796837799763987838631376835637733206156290580119001,1,1,7,7,strict-valley-score-direction|completed-recovery,single-valley
strict-single-valley-primary,strict-single-valley,0.9,fixed-1-usd,neutral_guarded_vs_dca,outside-current-safety-theorem,-156.11411336173592032967032967032967032967032967032967032971,-0.0154675750413834017691864179267850938484643384131989698412097,418.278971041165865384615384615384615384615384615384615384616,-4.418408341560782967032967032967032967032967032967032967033,418.278971041165865384615384615384615384615384615384615384616,-574.39308440290178571428571428571428571428571428571428571429,0.0597541387201665521978021978021978021978021978021978021978023,0,0.957906399796837799763987838631376835637733206156290580119001,1,1,0,7,7,strict-valley-score-direction|completed-recovery,single-valley
strict-single-valley-primary,strict-single-valley,0.75,frictionless,corrected_guarded_vs_dca,epsilon-dca,-364.53437418509342751911131955214683546327606632341564248241,-0.0360814548011545824141650965550165368686107387777990172372003,1067.43814762372452441285489731435515032577585751943888439971,-11.0151732446832150148612785912807845060696301834065732837086,1067.43814762372452441285489731435515032577585751943888439971,-1431.97252180881795193196621686650198578905192384285452688212,0.152491163946246360630407842473479307189396551074205554914244,0,0.890390565655392353405840578464854992839272838913163943416193,1,0.714285714285714285714285714285714285714285714285714285714286,0,7,7,strict-valley-score-direction|completed-recovery,single-valley
strict-single-valley-primary,strict-single-valley,0.75,frictionless,corrected_guarded_vs_neutral_guarded,epsilon-dca,14.57351987397250654682274638191909860265799961065029158354,0.00149871851518920432884714174111326547260519104187285558452437,168.67669179439760133593182039127822724885278059636196132279,-1.1854090147725007291469928769950702203553444691208589979943,168.67669179439760133593182039127822724885278059636196132279,-154.103171920425094789109074009359128646194780985711669739259,0.152491163946246360630407842473479307189396551074205554914244,0.128394493689903846153846153846153846153846153846153846153846,0.890390565655392353405840578464854992839272838913163943416193,0.907572745209243082955627979693978072684417076735282140378377,0.714285714285714285714285714285714285714285714285714285714286,0.714285714285714285714285714285714285714285714285714285714286,7,7,strict-valley-score-direction|completed-recovery,single-valley
strict-single-valley-primary,strict-single-valley,0.75,frictionless,neutral_guarded_vs_dca,epsilon-dca,-379.10789405906593406593406593406593406593406593406593406595,-0.0375239354994479985642524232772388688774520556388442232007397,898.76145582932692307692307692307692307692307692307692307692,-9.8297642299107142857142857142857142857142857142857142857143,898.76145582932692307692307692307692307692307692307692307692,-1277.86934988839285714285714285714285714285714285714285714286,0.128394493689903846153846153846153846153846153846153846153846,0,0.907572745209243082955627979693978072684417076735282140378377,1,0.714285714285714285714285714285714285714285714285714285714286,0,7,7,strict-valley-score-direction|completed-recovery,single-valley
strict-single-valley-primary,strict-single-valley,0.75,proportional-10bps,corrected_guarded_vs_dca,outside-current-safety-theorem,-362.94332666905019880321726437715338246442619593474250575937,-0.0359598975792901950323683459311014599617500674698664822829766,1067.34563995356941404262328687685312208704438655195632234665,-11.002222820173997021891081163492357727319004480666914062354,1067.34563995356941404262328687685312208704438655195632234665,-1430.28896662261961284584055125400650455147058248669882810602,0.152477948564795630577517612410979017441006340935993760335236,0.000000000000000000000000000000000000000000000000000000000000142857142857142857142857142857142857142857142857142857142857,0.89030429826633116495023892982948878768750217143043324265346,1,0.714285714285714285714285714285714285714285714285714285714286,0,7,7,strict-valley-score-direction|completed-recovery,single-valley
strict-single-valley-primary,strict-single-valley,0.75,proportional-10bps,corrected_guarded_vs_neutral_guarded,outside-current-safety-theorem,14.74717774948191942819178153214197871120456277325020094247,0.00151793150411806837453333982815289675342346003188059889760381,168.650163469613253449651943993537412311934247961978821329605,-1.1838691209240871847804627881645802584671514245286816952856,168.650163469613253449651943993537412311934247961978821329605,-153.902985720131334021460162461395433600729685188728620387128,0.152477948564795630577517612410979017441006340935993760335236,0.128385068069136594370424477554759387110730019798568214431006,0.89030429826633116495023892982948878768750217143043324265346,0.907497000474458936543566905194570865048922159116775844211545,0.714285714285714285714285714285714285714285714285714285714286,0.714285714285714285714285714285714285714285714285714285714286,7,7,strict-valley-score-direction|completed-recovery,single-valley
strict-single-valley-primary,strict-single-valley,0.75,proportional-10bps,neutral_guarded_vs_dca,outside-current-safety-theorem,-377.69050441853211823140904590929536117563075870799270670184,-0.0374210265283244816880373744682643121498500420842302674219565,898.695476483956160592971342883315709775110138589977501017044,-9.8183536992499098371106183753277774688518530561382323670684,898.695476483956160592971342883315709775110138589977501017044,-1276.38598090248827882438038879261107095074089729797020771889,0.128385068069136594370424477554759387110730019798568214431006,0.000000000000000000000000000000000000000000000000000000000000142857142857142857142857142857142857142857142857142857142857,0.907497000474458936543566905194570865048922159116775844211545,1,0.714285714285714285714285714285714285714285714285714285714286,0,7,7,strict-valley-score-direction|completed-recovery,single-valley
strict-single-valley-primary,strict-single-valley,0.75,fixed-1-usd,corrected_guarded_vs_dca,outside-current-safety-theorem,-364.333377649652115461727274055980582307310837404407113056,-0.0360976579088583289046182031732465018854478996966119815013372,1067.31144494914203952573155035337984304449514167598096832082,-11.0126524815291858075958371108412340411677383006183698567444,1067.31144494914203952573155035337984304449514167598096832082,-1431.64482259879415498745882440936042535180597908038808137677,0.152473063564163148503675935764768549006356448810854424045831,0,0.890292025786107562115962781654848736143586291991493621060976,1,0.714285714285714285714285714285714285714285714285714285714286,0,7,7,strict-valley-score-direction|completed-recovery,single-valley
strict-single-valley-primary,strict-single-valley,0.75,fixed-1-usd,corrected_guarded_vs_neutral_guarded,outside-current-safety-theorem,14.54888432665282959321778088907436274763421754064783199899,0.00149770637815078874052912104993927606927235411783686850164726,168.66074445334877029496231958414907381372591090675019909005,-1.1854758471284303130903426053467285466622437951238643622389,168.66074445334877029496231958414907381372591090675019909005,-154.111860126695940701744538695074711066091693366102367091057,0.152473063564163148503675935764768549006356448810854424045831,0.128378671499399038461538461538461538461538461538461538461539,0.890292025786107562115962781654848736143586291991493621060976,0.90749016518080531538304648510745720112238005298186830601175,0.714285714285714285714285714285714285714285714285714285714286,0.714285714285714285714285714285714285714285714285714285714286,7,7,strict-valley-score-direction|completed-recovery,single-valley
strict-single-valley-primary,strict-single-valley,0.75,fixed-1-usd,neutral_guarded_vs_dca,outside-current-safety-theorem,-378.88226197630494505494505494505494505494505494505494505499,-0.0375391416750920262338262479661862217891723229549921040034909,898.65070049579326923076923076923076923076923076923076923077,-9.8271766344007554945054945054945054945054945054945054945055,898.65070049579326923076923076923076923076923076923076923077,-1277.53296247209821428571428571428571428571428571428571428572,0.128378671499399038461538461538461538461538461538461538461539,0,0.90749016518080531538304648510745720112238005298186830601175,1,0.714285714285714285714285714285714285714285714285714285714286,0,7,7,strict-valley-score-direction|completed-recovery,single-valley
strict-single-valley-primary,strict-single-valley,0.5,frictionless,corrected_guarded_vs_dca,epsilon-dca,-321.25620111744056074939881473346048397157386540856775763889,-0.0317977999362112119140168034756094085424224126202715947984667,1120.52940251438597041432227700193737504650543100774640630131,-11.0906584894755887012593930133492143001390715108947243380015,1120.52940251438597041432227700193737504650543100774640630131,-1441.7856036318265311637210917353978590180792964163141639402,0.16007562893062656720204603957170533929235791871539234375733,0,0.885447981889856842095809784772975788152476087834228424707898,1,0.428571428571428571428571428571428571428571428571428571428571,0,7,7,strict-valley-score-direction|completed-recovery,single-valley
strict-single-valley-primary,strict-single-valley,0.5,frictionless,corrected_guarded_vs_neutral_guarded,epsilon-dca,120.14547012798068467184660651196076144967155583685348778235,0.0124352391531243694287974381772226535881189197880464160881674,141.19818685504531107366293634259671570584609034840574696065,-0.1619439748235740492447409986971996481244194962427096859869,141.19818685504531107366293634259671570584609034840574696065,-21.052716727064626401816329830635954256174534511552259178297,0.16007562893062656720204603957170533929235791871539234375733,0.139904459379905808477237048665620094191522762951334379905809,0.885447981889856842095809784772975788152476087834228424707898,0.898637727549182624089422662082632862645860759528914049721606,0.428571428571428571428571428571428571428571428571428571428571,0.428571428571428571428571428571428571428571428571428571428571,7,7,strict-valley-score-direction|completed-recovery,single-valley
strict-single-valley-primary,strict-single-valley,0.5,frictionless,neutral_guarded_vs_dca,epsilon-dca,-441.40167124542124542124542124542124542124542124542124542124,-0.0436897466413114611450812049402768889960462557262217903699764,979.33121565934065934065934065934065934065934065934065934066,-10.9287145146520146520146520146520146520146520146520146520146,979.33121565934065934065934065934065934065934065934065934066,-1420.7328869047619047619047619047619047619047619047619047619,0.139904459379905808477237048665620094191522762951334379905809,0,0.898637727549182624089422662082632862645860759528914049721606,1,0.428571428571428571428571428571428571428571428571428571428571,0,7,7,strict-valley-score-direction|completed-recovery,single-valley
strict-single-valley-primary,strict-single-valley,0.5,proportional-10bps,corrected_guarded_vs_dca,outside-current-safety-theorem,-319.89943944197972287746301410508072663375545514498041072005,-0.0316951717602331004388431174769773617447183721283087842657657,1120.5204094516128214418489897929054360017893156260998878855,-11.0801526837968657255331692607537397125811136213160022969658,1120.5204094516128214418489897929054360017893156260998878855,-1440.41984889359254431931200389798616263554477077108029860555,0.160074344207373260205978427113272205143112759375157126840786,0.000000000000000000000000000000000000000000000000000000000000142857142857142857142857142857142857142857142857142857142857,0.885346503276076196171066565262697564793638786686066785622674,1,0.428571428571428571428571428571428571428571428571428571428571,0,7,7,strict-valley-score-direction|completed-recovery,single-valley
strict-single-valley-primary,strict-single-valley,0.5,proportional-10bps,corrected_guarded_vs_neutral_guarded,outside-current-safety-theorem,120.15697466343654795580840100208105143952869448041039107673,0.0124477000992432535425279307526102486379724345542296279791954,141.201267739275362543258914687038429727498018665164872697045,-0.1618791775064524199034654898842875252920717244981113970793,141.201267739275362543258914687038429727498018665164872697045,-21.044293075838814587450513684957378287969324184754481620309,0.160074344207373260205978427113272205143112759375157126840786,0.139902734530333922699798582157981000896327328137276430741208,0.885346503276076196171066565262697564793638786686066785622674,0.898547121283397722455806797673408162604163240453461972535732,0.428571428571428571428571428571428571428571428571428571428571,0.428571428571428571428571428571428571428571428571428571428571,7,7,strict-valley-score-direction|completed-recovery,single-valley
strict-single-valley-primary,strict-single-valley,0.5,proportional-10bps,neutral_guarded_vs_dca,outside-current-safety-theorem,-440.05641410541627083327141510716177807328414962539080179678,-0.0436001502646994340687021818724466699826951010264432872743861,979.319141712337458898590075105867006274291296960935015188454,-10.9182735062904133056297037708694521872890418968178908998865,979.319141712337458898590075105867006274291296960935015188454,-1419.37555581775372973186149021302878434757544658632581698524,0.139902734530333922699798582157981000896327328137276430741208,0.000000000000000000000000000000000000000000000000000000000000142857142857142857142857142857142857142857142857142857142857,0.898547121283397722455806797673408162604163240453461972535732,1,0.428571428571428571428571428571428571428571428571428571428571,0,7,7,strict-valley-score-direction|completed-recovery,single-valley
strict-single-valley-primary,strict-single-valley,0.5,fixed-1-usd,corrected_guarded_vs_dca,outside-current-safety-theorem,-321.41052505042676275633430946792317592785479626387794046164,-0.0318449197721698887296460106269698477705426809768382515369252,1120.5138242208429648451717030139766369805055225216323468017,-11.09172576362515175078081548062999856083354091373469451741,1120.5138242208429648451717030139766369805055225216323468017,-1441.9243492712697276015060124818998129083603187855102872633,0.160073403460120423549310243287710948140072217503090335257386,0,0.885329328654540952117323708531634504400020341281625866893951,1,0.428571428571428571428571428571428571428571428571428571428571,0,7,7,strict-valley-score-direction|completed-recovery,single-valley
strict-single-valley-primary,strict-single-valley,0.5,fixed-1-usd,corrected_guarded_vs_neutral_guarded,outside-current-safety-theorem,120.13619007472586239629084315722944922477035636127468469103,0.0124474816724894306755272651351092107272435522853229617724167,141.20563111186860587081272865500227800614654816265798782734,-0.1620726233626364882655529653674832983182783984721792548947,141.20563111186860587081272865500227800614654816265798782734,-21.069441037142743474521885497772828781376191801383303136311,0.160073403460120423549310243287710948140072217503090335257386,0.139901170444139194139194139194139194139194139194139194139194,0.885329328654540952117323708531634504400020341281625866893951,0.89853248402616687888803618701805130575399683130988595857054,0.428571428571428571428571428571428571428571428571428571428571,0.428571428571428571428571428571428571428571428571428571428571,7,7,strict-valley-score-direction|completed-recovery,single-valley
strict-single-valley-primary,strict-single-valley,0.5,fixed-1-usd,neutral_guarded_vs_dca,outside-current-safety-theorem,-441.54671512515262515262515262515262515262515262515262515267,-0.0437478508727104552680558776443268858763088882728471413378643,979.30819310897435897435897435897435897435897435897435897436,-10.9296531402625152625152625152625152625152625152625152625153,979.30819310897435897435897435897435897435897435897435897436,-1420.85490823412698412698412698412698412698412698412698412699,0.139901170444139194139194139194139194139194139194139194139194,0,0.89853248402616687888803618701805130575399683130988595857054,1,0.428571428571428571428571428571428571428571428571428571428571,0,7,7,strict-valley-score-direction|completed-recovery,single-valley
incomplete-recovery-primary,incomplete-recovery,1,frictionless,corrected_guarded_vs_dca,epsilon-dca,0,0,0,0,0,0,0,0,1,1,1,0,5,5,incomplete-recovery|cash-unit-attribution,
incomplete-recovery-primary,incomplete-recovery,1,frictionless,corrected_guarded_vs_neutral_guarded,epsilon-dca,0,0,0,0,0,0,0,0,1,1,1,1,5,5,incomplete-recovery|cash-unit-attribution,
incomplete-recovery-primary,incomplete-recovery,1,frictionless,neutral_guarded_vs_dca,epsilon-dca,0,0,0,0,0,0,0,0,1,1,1,0,5,5,incomplete-recovery|cash-unit-attribution,
incomplete-recovery-primary,incomplete-recovery,1,proportional-10bps,corrected_guarded_vs_dca,outside-current-safety-theorem,0,0,0,0,0,0,0.0000000000000000000000000000000000000000000000000000000000002,0.0000000000000000000000000000000000000000000000000000000000002,1,1,1,0,5,5,incomplete-recovery|cash-unit-attribution,
incomplete-recovery-primary,incomplete-recovery,1,proportional-10bps,corrected_guarded_vs_neutral_guarded,outside-current-safety-theorem,0,0,0,0,0,0,0.0000000000000000000000000000000000000000000000000000000000002,0.0000000000000000000000000000000000000000000000000000000000002,1,1,1,1,5,5,incomplete-recovery|cash-unit-attribution,
incomplete-recovery-primary,incomplete-recovery,1,proportional-10bps,neutral_guarded_vs_dca,outside-current-safety-theorem,0,0,0,0,0,0,0.0000000000000000000000000000000000000000000000000000000000002,0.0000000000000000000000000000000000000000000000000000000000002,1,1,1,0,5,5,incomplete-recovery|cash-unit-attribution,
incomplete-recovery-primary,incomplete-recovery,1,fixed-1-usd,corrected_guarded_vs_dca,outside-current-safety-theorem,0,0,0,0,0,0,0,0,1,1,1,0,5,5,incomplete-recovery|cash-unit-attribution,
incomplete-recovery-primary,incomplete-recovery,1,fixed-1-usd,corrected_guarded_vs_neutral_guarded,outside-current-safety-theorem,0,0,0,0,0,0,0,0,1,1,1,1,5,5,incomplete-recovery|cash-unit-attribution,
incomplete-recovery-primary,incomplete-recovery,1,fixed-1-usd,neutral_guarded_vs_dca,outside-current-safety-theorem,0,0,0,0,0,0,0,0,1,1,1,0,5,5,incomplete-recovery|cash-unit-attribution,
incomplete-recovery-primary,incomplete-recovery,0.9,frictionless,corrected_guarded_vs_dca,epsilon-dca,-38.57765236851092377021411673787453845174513612297278727633,-0.00643274359338407407577436758866557393978392811021779290517059,291.473461300322092593461312881874362320891556368825505774259,-3.3005111366883301636367542961974890077263669249179829305059,291.473461300322092593461312881874362320891556368825505774259,-330.05111366883301636367542961974890077263669249179829305059,0.0582946922600644185186922625763748724641783112737651011548518,0,0.951082732065887104147599116016190027089790845943450534267692,1,1,0,5,5,incomplete-recovery|cash-unit-attribution,
incomplete-recovery-primary,incomplete-recovery,0.9,frictionless,corrected_guarded_vs_neutral_guarded,epsilon-dca,6.86596970751246804265138033814885336112036095305060453652,0.0011536279871711392122578155030151924660102455469784916533719,21.447419633655425926794646215207695654224889702158839107591,-0.1458144992614295788414326587705884229310452874910823457107,21.447419633655425926794646215207695654224889702158839107591,-14.58144992614295788414326587705884229310452874910823457107,0.0582946922600644185186922625763748724641783112737651011548518,0.0540052083333333333333333333333333333333333333333333333333336,0.951082732065887104147599116016190027089790845943450534267692,0.95462991941387892299745458121263078577282926073236117818369,1,1,5,5,incomplete-recovery|cash-unit-attribution,
incomplete-recovery-primary,incomplete-recovery,0.9,frictionless,neutral_guarded_vs_dca,epsilon-dca,-45.44362207602339181286549707602339181286549707602339181285,-0.00757762981472452462213554363725012189176011701608971233544355,270.026041666666666666666666666666666666666666666666666666668,-3.1546966374269005847953216374269005847953216374269005847952,270.026041666666666666666666666666666666666666666666666666668,-315.46966374269005847953216374269005847953216374269005847952,0.0540052083333333333333333333333333333333333333333333333333336,0,0.95462991941387892299745458121263078577282926073236117818369,1,1,0,5,5,incomplete-recovery|cash-unit-attribution,
incomplete-recovery-primary,incomplete-recovery,0.9,proportional-10bps,corrected_guarded_vs_dca,outside-current-safety-theorem,-38.21497274154825250297037951632514866458241074946916517006,-0.00637863978463535439218521972909692054808896716762299997203739,291.345419457787357294116434552600449996371053497769924673924,-3.2956039219933560979708681406892559866095346424723908984398,291.345419457787357294116434552600449996371053497769924673924,-329.56039219933560979708681406892559866095346424723908984398,0.058269083891557471458823286910520089999274210699553984934785,0.0000000000000000000000000000000000000000000000000000000000002,0.951057990324680326854930769956857685158703764387281155949301,1,1,0,5,5,incomplete-recovery|cash-unit-attribution,
incomplete-recovery-primary,incomplete-recovery,0.9,proportional-10bps,corrected_guarded_vs_neutral_guarded,outside-current-safety-theorem,6.88435951598011667118340196361824956429561416333051282722,0.00115781637762568444632183371665918456044821058640959664964909,21.431149654532647477796041356176550649380452466145340817721,-0.145467901385525308066126393925583010850848383028148279905,21.431149654532647477796041356176550649380452466145340817721,-14.5467901385525308066126393925583010850848383028148279905,0.058269083891557471458823286910520089999274210699553984934785,0.0539828539606509419632640786392847798693981202063249167712408,0.951057990324680326854930769956857685158703764387281155949301,0.954605630137752291295891814206343352321849834876283665728194,1,1,5,5,incomplete-recovery|cash-unit-attribution,
incomplete-recovery-primary,incomplete-recovery,0.9,proportional-10bps,neutral_guarded_vs_dca,outside-current-safety-theorem,-45.09933225752836917415378147994339822887802491279967799728,-0.00752774042111495707450909500702427247024405695012075444414668,269.914269803254709816320393196423899346990601031624583856203,-3.1501360206078307899047417467636729757586862594442426185348,269.914269803254709816320393196423899346990601031624583856203,-315.01360206078307899047417467636729757586862594442426185348,0.0539828539606509419632640786392847798693981202063249167712408,0.0000000000000000000000000000000000000000000000000000000000002,0.954605630137752291295891814206343352321849834876283665728194,1,1,0,5,5,incomplete-recovery|cash-unit-attribution,
incomplete-recovery-primary,incomplete-recovery,0.9,fixed-1-usd,corrected_guarded_vs_dca,outside-current-safety-theorem,-38.53217012028305683161743857518147594289506987634839032941,-0.00643159111385242162514204306340082880172718496053886626395202,291.240252281036844758446444508294429145296902546084524483472,-3.2977242240131990159006388308347590508819197242243291481288,291.240252281036844758446444508294429145296902546084524483472,-329.77242240131990159006388308347590508819197242243291481288,0.0582480504562073689516892889016588858290593805092169048966944,0,0.951073000653398108155669076435583329254745572189949776913388,1,1,0,5,5,incomplete-recovery|cash-unit-attribution,
incomplete-recovery-primary,incomplete-recovery,0.9,fixed-1-usd,corrected_guarded_vs_neutral_guarded,outside-current-safety-theorem,6.86142362971694316838256142481852405710493012365160967059,0.00115401727835147259403745543269392020982857194192234721439019,21.430721031036844758446444508294429145296902546084524483472,-0.1456929740131990159006388308347590508819197242243291481288,21.430721031036844758446444508294429145296902546084524483472,-14.56929740131990159006388308347590508819197242243291481288,0.0582480504562073689516892889016588858290593805092169048966944,0.05396190625,0.951073000653398108155669076435583329254745572189949776913388,0.954620953649052501014809446786765522979395030373771192458545,1,1,5,5,incomplete-recovery|cash-unit-attribution,
incomplete-recovery-primary,incomplete-recovery,0.9,fixed-1-usd,neutral_guarded_vs_dca,outside-current-safety-theorem,-45.39359375,-0.00757686455958640258981555909883554934749473998620756299937187,269.80953125,-3.15203125,269.80953125,-315.203125,0.05396190625,0,0.954620953649052501014809446786765522979395030373771192458545,1,1,0,5,5,incomplete-recovery|cash-unit-attribution,
incomplete-recovery-primary,incomplete-recovery,0.75,frictionless,corrected_guarded_vs_dca,epsilon-dca,-96.44413092127730942553529184468634612936284030743196819087,-0.016081858983460185189435918971663934849459820275544482262934,728.683653250805231483653282204685905802228890922063764435634,-8.251277841720825409091885740493722519315917312294957326265,728.683653250805231483653282204685905802228890922063764435634,-825.1277841720825409091885740493722519315917312294957326265,0.145736730650161046296730656440937181160445778184412752887127,0,0.8765075221552733271654946352432295114317290495755902447952,1,1,0,5,5,incomplete-recovery|cash-unit-attribution,
incomplete-recovery-primary,incomplete-recovery,0.75,frictionless,corrected_guarded_vs_neutral_guarded,epsilon-dca,17.16492426878117010662845084537213340280090238262651134128,0.00291748459905563538685000276332425181157091243626103493171594,53.618549084138564816986615538019239135562224255397097768968,-0.3645362481535739471035816469264710573276132187277058642768,53.618549084138564816986615538019239135562224255397097768968,-36.45362481535739471035816469264710573276132187277058642768,0.145736730650161046296730656440937181160445778184412752887127,0.135013020833333333333333333333333333333333333333333333333333,0.8765075221552733271654946352432295114317290495755902447952,0.885260662154614564326444892375268705107828571528411542948263,1,1,5,5,incomplete-recovery|cash-unit-attribution,
incomplete-recovery-primary,incomplete-recovery,0.75,frictionless,neutral_guarded_vs_dca,epsilon-dca,-113.60905519005847953216374269005847953216374269005847953215,-0.018944074536811311555338859093125304729400292540224280838613,675.065104166666666666666666666666666666666666666666666666666,-7.8867415935672514619883040935672514619883040935672514619882,675.065104166666666666666666666666666666666666666666666666666,-788.67415935672514619883040935672514619883040935672514619882,0.135013020833333333333333333333333333333333333333333333333333,0,0.885260662154614564326444892375268705107828571528411542948263,1,1,0,5,5,incomplete-recovery|cash-unit-attribution,
incomplete-recovery-primary,incomplete-recovery,0.75,proportional-10bps,corrected_guarded_vs_dca,outside-current-safety-theorem,-95.53743185387063125742594879081287166145602687367291292512,-0.0159465994615883859804630493227423013702224179190574999300885,728.363548644468393235291086381501124990927633744424811684814,-8.2390098049833902449271703517231399665238366061809772460994,728.363548644468393235291086381501124990927633744424811684814,-823.90098049833902449271703517231399665238366061809772460994,0.145672709728893678647058217276300224998185526748884962336963,0.0000000000000000000000000000000000000000000000000000000000002,0.876455316859182861080336756611425858303518545700195674413076,1,1,0,5,5,incomplete-recovery|cash-unit-attribution,
incomplete-recovery-primary,incomplete-recovery,0.75,proportional-10bps,corrected_guarded_vs_neutral_guarded,outside-current-safety-theorem,17.21089878995029167795850490904562391073903540832628206804,0.00292785186324395230897178243291638363335694913103392310796823,53.577874136331618694490103390441376623451131165363352044286,-0.3636697534638132701653159848139575271271209575703706997625,53.577874136331618694490103390441376623451131165363352044286,-36.36697534638132701653159848139575271271209575703706997625,0.145672709728893678647058217276300224998185526748884962336963,0.134957134901627354908160196598211949673495300515812291928106,0.876455316859182861080336756611425858303518545700195674413076,0.885208058073492308174076005375546140445866504660973308792564,1,1,5,5,incomplete-recovery|cash-unit-attribution,
incomplete-recovery-primary,incomplete-recovery,0.75,proportional-10bps,neutral_guarded_vs_dca,outside-current-safety-theorem,-112.74833064382092293538445369985849557219506228199919499316,-0.01881935105278739268627273751756068117561014237530188611036,674.785674508136774540800982991059748367476502579061459640528,-7.8753400515195769747618543669091824393967156486106065463369,674.785674508136774540800982991059748367476502579061459640528,-787.53400515195769747618543669091824393967156486106065463369,0.134957134901627354908160196598211949673495300515812291928106,0.0000000000000000000000000000000000000000000000000000000000002,0.885208058073492308174076005375546140445866504660973308792564,1,1,0,5,5,incomplete-recovery|cash-unit-attribution,
incomplete-recovery-primary,incomplete-recovery,0.75,fixed-1-usd,corrected_guarded_vs_dca,outside-current-safety-theorem,-96.33042530070764207904359643795368985723767469087097582354,-0.0160789777846310540628551076585020720043179624013471656598825,728.100630702592111896116111270736072863242256365211311208662,-8.244310560032997539751597077086897627204799310560822870322,728.100630702592111896116111270736072863242256365211311208662,-824.4310560032997539751597077086897627204799310560822870322,0.145620126140518422379223222254147214572648451273042262241732,0,0.876483173459078333467470626800671206837136801322049403539592,1,1,0,5,5,incomplete-recovery|cash-unit-attribution,
incomplete-recovery-primary,incomplete-recovery,0.75,fixed-1-usd,corrected_guarded_vs_neutral_guarded,outside-current-safety-theorem,17.15355907429235792095640356204631014276232530912902417646,0.00291846566194077472924751042042335214956254852926658817346846,53.576802577592111896116111270736072863242256365211311208662,-0.364232435032997539751597077086897627204799310560822870322,53.576802577592111896116111270736072863242256365211311208662,-36.4232435032997539751597077086897627204799310560822870322,0.145620126140518422379223222254147214572648451273042262241732,0.134904765625,0.876483173459078333467470626800671206837136801322049403539592,0.885238123352843391167449033281313920206835853112597917845071,1,1,5,5,incomplete-recovery|cash-unit-attribution,
incomplete-recovery-primary,incomplete-recovery,0.75,fixed-1-usd,neutral_guarded_vs_dca,outside-current-safety-theorem,-113.483984375,-0.0189421613989660064745388977470888733687368499655189074984297,674.523828125,-7.880078125,674.523828125,-788.0078125,0.134904765625,0,0.885238123352843391167449033281313920206835853112597917845071,1,1,0,5,5,incomplete-recovery|cash-unit-attribution,
incomplete-recovery-primary,incomplete-recovery,0.5,frictionless,corrected_guarded_vs_dca,epsilon-dca,-98.33625450135977656418419214113846037121547415140104695801,-0.016397366669656286487055579576923136736692195104719238449361,893.208991138825391549938066543064813819463847912289879134066,-9.9154524564018516811412225868420327419067932206369092609208,893.208991138825391549938066543064813819463847912289879134066,-991.54524564018516811412225868420327419067932206369092609208,0.178641798227765078309987613308612962763892769582457975826813,0,0.848576301695906634602122384206429863604268213645592545965558,1,0.6,0,5,5,incomplete-recovery|cash-unit-attribution,
incomplete-recovery-primary,incomplete-recovery,0.5,frictionless,corrected_guarded_vs_neutral_guarded,epsilon-dca,63.51041947524841057031873183546972676328744982520714017649,0.010883962852567791723109550094657214168286746567916395314673,-16.947258861174608450061933456935186180536152087710120865934,0.8045767833642301902038066529240491294382360191291726104242,-16.947258861174608450061933456935186180536152087710120865934,80.45767833642301902038066529240491294382360191291726104242,0.178641798227765078309987613308612962763892769582457975826813,0.18203125,0.848576301695906634602122384206429863604268213645592545965558,0.844023911400977908965992413180239818667961149845562415098476,0.6,0.6,5,5,incomplete-recovery|cash-unit-attribution,
incomplete-recovery-primary,incomplete-recovery,0.5,frictionless,neutral_guarded_vs_dca,epsilon-dca,-161.8466739766081871345029239766081871345029239766081871345,-0.0269875975134080936128717698683568990736226231106777181862501,910.15625,-10.720029239766081871345029239766081871345029239766081871345,910.15625,-1072.0029239766081871345029239766081871345029239766081871345,0.18203125,0,0.844023911400977908965992413180239818667961149845562415098476,1,0.6,0,5,5,incomplete-recovery|cash-unit-attribution,
incomplete-recovery-primary,incomplete-recovery,0.5,proportional-10bps,corrected_guarded_vs_dca,outside-current-safety-theorem,-97.32342763674714496286712883832587996306103615899756959723,-0.0162447083686100882988190436961336705988855393665253759000755,893.174295010068379129863218912917130145939728377137650171151,-9.9049772264681552409273034775124301010900076453613521976838,893.174295010068379129863218912917130145939728377137650171151,-990.49772264681552409273034775124301010900076453613521976838,0.17863485900201367582597264378258342602918794567542753003423,0.0000000000000000000000000000000000000000000000000000000000002,0.848454286219274882740262295323856429033937773888433321687023,1,0.6,0,5,5,incomplete-recovery|cash-unit-attribution,
incomplete-recovery-primary,incomplete-recovery,0.5,proportional-10bps,corrected_guarded_vs_neutral_guarded,outside-current-safety-theorem,63.42081250748778733273471436718344227825942409380012860379,0.0108777198090466062218418012661603921658924788012084281182622,-16.939021368857390405296925637836811217392244345444463020353,0.8035983387634517773803164000502025349565166843924459162415,-16.939021368857390405296925637836811217392244345444463020353,80.35983387634517773803164000502025349565166843924459162415,0.17863485900201367582597264378258342602918794567542753003423,0.182022663275785153907032028910150788272666394544516422638301,0.848454286219274882740262295323856429033937773888433321687023,0.843900491674033630277943445753527656224114703392700331700565,0.6,0.6,5,5,incomplete-recovery|cash-unit-attribution,
incomplete-recovery-primary,incomplete-recovery,0.5,proportional-10bps,neutral_guarded_vs_dca,outside-current-safety-theorem,-160.74424014423493229560184320550932224132046025279769820102,-0.0268305727252353365148419922996881874182048410550284103352187,910.113316378925769535160144550753941363331972722582113191504,-10.7085755652316070183076198775626326360465243297537981139253,910.113316378925769535160144550753941363331972722582113191504,-1070.85755652316070183076198775626326360465243297537981139253,0.182022663275785153907032028910150788272666394544516422638301,0.0000000000000000000000000000000000000000000000000000000000002,0.843900491674033630277943445753527656224114703392700331700565,1,0.6,0,5,5,incomplete-recovery|cash-unit-attribution,
incomplete-recovery-primary,incomplete-recovery,0.5,fixed-1-usd,corrected_guarded_vs_dca,outside-current-safety-theorem,-98.3144178277318545246899961028852473979590505528827069163,-0.0164101355851630734817918741106717417613137248848487130550222,893.15138369210126932323154356030330665049564859023669420033,-9.9146580151983312384792153966318855404845469914311940111663,893.15138369210126932323154356030330665049564859023669420033,-991.46580151983312384792153966318855404845469914311940111663,0.178630276738420253864646308712060661330099129718047338840066,0,0.848432534642323839235848083276609489300636203846367333184699,1,0.6,0,5,5,incomplete-recovery|cash-unit-attribution,
incomplete-recovery-primary,incomplete-recovery,0.5,fixed-1-usd,corrected_guarded_vs_neutral_guarded,outside-current-safety-theorem,63.47921338571843787297082261056504499970176816056758548137,0.0108897077330895998275149018495349471324737693835149662246917,-16.924137141232064010101789773030026682837684743096639133,0.8040335052695050188307261238359507168253945290366422461437,-16.924137141232064010101789773030026682837684743096639133,80.40335052695050188307261238359507168253945290366422461437,0.178630276738420253864646308712060661330099129718047338840066,0.182015104166666666666666666666666666666666666666666666666666,0.848432534642323839235848083276609489300636203846367333184699,0.843878713860308309031211563582143394824652637042605623324275,0.6,0.6,5,5,incomplete-recovery|cash-unit-attribution,
incomplete-recovery-primary,incomplete-recovery,0.5,fixed-1-usd,neutral_guarded_vs_dca,outside-current-safety-theorem,-161.79363121345029239766081871345029239766081871345029239767,-0.0270057585010656683011631817092567945810266629379257365605504,910.07552083333333333333333333333333333333333333333333333333,-10.71869152046783625730994152046783625730994152046783625731,910.07552083333333333333333333333333333333333333333333333333,-1071.869152046783625730994152046783625730994152046783625731,0.182015104166666666666666666666666666666666666666666666666666,0,0.843878713860308309031211563582143394824652637042605623324275,1,0.6,0,5,5,incomplete-recovery|cash-unit-attribution,
completed-recovery-primary,completed-recovery,1,frictionless,corrected_guarded_vs_dca,epsilon-dca,0,0,0,0,0,0,0,0,1,1,1,0,5,5,completed-recovery|cash-unit-attribution,
completed-recovery-primary,completed-recovery,1,frictionless,corrected_guarded_vs_neutral_guarded,epsilon-dca,0,0,0,0,0,0,0,0,1,1,1,1,5,5,completed-recovery|cash-unit-attribution,
completed-recovery-primary,completed-recovery,1,frictionless,neutral_guarded_vs_dca,epsilon-dca,0,0,0,0,0,0,0,0,1,1,1,0,5,5,completed-recovery|cash-unit-attribution,
completed-recovery-primary,completed-recovery,1,proportional-10bps,corrected_guarded_vs_dca,outside-current-safety-theorem,0,0,0,0,0,0,0.0000000000000000000000000000000000000000000000000000000000002,0.0000000000000000000000000000000000000000000000000000000000002,1,1,1,0,5,5,completed-recovery|cash-unit-attribution,
completed-recovery-primary,completed-recovery,1,proportional-10bps,corrected_guarded_vs_neutral_guarded,outside-current-safety-theorem,0,0,0,0,0,0,0.0000000000000000000000000000000000000000000000000000000000002,0.0000000000000000000000000000000000000000000000000000000000002,1,1,1,1,5,5,completed-recovery|cash-unit-attribution,
completed-recovery-primary,completed-recovery,1,proportional-10bps,neutral_guarded_vs_dca,outside-current-safety-theorem,0,0,0,0,0,0,0.0000000000000000000000000000000000000000000000000000000000002,0.0000000000000000000000000000000000000000000000000000000000002,1,1,1,0,5,5,completed-recovery|cash-unit-attribution,
completed-recovery-primary,completed-recovery,1,fixed-1-usd,corrected_guarded_vs_dca,outside-current-safety-theorem,0,0,0,0,0,0,0,0,1,1,1,0,5,5,completed-recovery|cash-unit-attribution,
completed-recovery-primary,completed-recovery,1,fixed-1-usd,corrected_guarded_vs_neutral_guarded,outside-current-safety-theorem,0,0,0,0,0,0,0,0,1,1,1,1,5,5,completed-recovery|cash-unit-attribution,
completed-recovery-primary,completed-recovery,1,fixed-1-usd,neutral_guarded_vs_dca,outside-current-safety-theorem,0,0,0,0,0,0,0,0,1,1,1,0,5,5,completed-recovery|cash-unit-attribution,
completed-recovery-primary,completed-recovery,0.9,frictionless,corrected_guarded_vs_dca,epsilon-dca,-75.7944678425002093397379259720337423177054079977968917874,-0.0110305140434617325932724981627385276053852125681900157409748,345.603832850604836064450354088698634205467434634682790691597,-3.371186405544840363233506240485859012185382741059837459832,345.603832850604836064450354088698634205467434634682790691597,-421.398300693105045404188280060732376523172842632479682479,0.0691207665701209672128900708177397268410934869269365581383194,0,0.949142629470842526134135054464906446735318807412272261207321,1,1,0,5,5,completed-recovery|cash-unit-attribution,
completed-recovery-primary,completed-recovery,0.9,frictionless,corrected_guarded_vs_neutral_guarded,epsilon-dca,11.39757231649101873043751262445748575247003059869433628276,0.0016800287869149813258718506633725987591090361464435889144244,51.754463333060976415327547071154774556344627617138931042472,-0.3228551281325596614791202755735783104309967761475567580777,51.754463333060976415327547071154774556344627617138931042472,-40.3568910165699576848900344466972888038745970184445947597125,0.0691207665701209672128900708177397268410934869269365581383194,0.058769873903508771929824561403508771929824561403508771929825,0.949142629470842526134135054464906446735318807412272261207321,0.956685916430466693462525316835704424492363232897126526125972,1,1,5,5,completed-recovery|cash-unit-attribution,
completed-recovery-primary,completed-recovery,0.9,frictionless,neutral_guarded_vs_dca,epsilon-dca,-87.19204015899122807017543859649122807017543859649122807016,-0.0126892245678191489361702127659574468085106382978723404255297,293.849369517543859649122807017543859649122807017543859649125,-3.0483312774122807017543859649122807017543859649122807017543,293.849369517543859649122807017543859649122807017543859649125,-381.041409676535087719298245614035087719298245614035087719288,0.058769873903508771929824561403508771929824561403508771929825,0,0.956685916430466693462525316835704424492363232897126526125972,1,1,0,5,5,completed-recovery|cash-unit-attribution,
completed-recovery-primary,completed-recovery,0.9,proportional-10bps,corrected_guarded_vs_dca,outside-current-safety-theorem,-75.32280259439119251836952861239342830117495811829921594331,-0.0109728335684123700549462387932868046942471648987807617806232,345.474893350986582810259996992914147341115943706942831421285,-3.3663815675630222026290362048424606051383272146019363789168,345.474893350986582810259996992914147341115943706942831421285,-420.7976959453777753286295256053075756422909018252420473646,0.0690949786701973165620519993985828294682231887413885662842572,0.0000000000000000000000000000000000000000000000000000000000002,0.949113733062159032587475375243671745786541844343004360120548,1,1,0,5,5,completed-recovery|cash-unit-attribution,
completed-recovery-primary,completed-recovery,0.9,proportional-10bps,corrected_guarded_vs_neutral_guarded,outside-current-safety-theorem,11.44411811444146730938266424644921764997694103739601366403,0.0016884924242289705326988234840097021348073381667470581091069,51.742478428619951516803458148783696718867586023578419224883,-0.3223868825134278736593663512186758325511251598894592444869,51.742478428619951516803458148783696718867586023578419224883,-40.2983603141784842074207939023344790688906449861824055608625,0.0690949786701973165620519993985828294682231887413885662842572,0.0587464829844733262586913077688260901244496715366728824392806,0.949113733062159032587475375243671745786541844343004360120548,0.956662020403211964668262073117730973021231655358900167728273,1,1,5,5,completed-recovery|cash-unit-attribution,
completed-recovery-primary,completed-recovery,0.9,proportional-10bps,neutral_guarded_vs_dca,outside-current-safety-theorem,-86.76692070883265982775219285884264595115189915569522960734,-0.0126399834762992299705329111522050677022166993450038367209515,293.732414922366631293456538844130450622248357683364412196402,-3.0439946850495943289696698536237847725872020547124771344299,293.732414922366631293456538844130450622248357683364412196402,-380.499335631199291121208731702973096573400256839059641803738,0.0587464829844733262586913077688260901244496715366728824392806,0.0000000000000000000000000000000000000000000000000000000000002,0.956662020403211964668262073117730973021231655358900167728273,1,1,0,5,5,completed-recovery|cash-unit-attribution,
completed-recovery-primary,completed-recovery,0.9,fixed-1-usd,corrected_guarded_vs_dca,outside-current-safety-theorem,-75.72125136194666271196826050301262043919201398490749596354,-0.0110308895984434471269112282887271595809442075193654776561799,345.315659310148691581640790825821433375062184109776693586942,-3.3682952853767628343488724106306724305140335847574735164038,345.315659310148691581640790825821433375062184109776693586942,-421.036910672095354293609051328834053814254198094684189550475,0.0690631318620297383163281581651642866750124368219553387173884,0,0.94913415053415738305885780924081835327754718699936609031595,1,1,0,5,5,completed-recovery|cash-unit-attribution,
completed-recovery-primary,completed-recovery,0.9,fixed-1-usd,corrected_guarded_vs_neutral_guarded,outside-current-safety-theorem,11.39239376704334703462043345410238930739667997220751378306,0.00168094858489873547890463130748859083093143488152746388766072,51.713427493628223745383480884300965538804874168256225750685,-0.322568269812679013686104379441588609851265553568389695741,51.713427493628223745383480884300965538804874168256225750685,-40.321033726584876710763047430198576231408194196048711967625,0.0690631318620297383163281581651642866750124368219553387173884,0.0587204463633040935672514619883040935672514619883040935672514,0.94913415053415738305885780924081835327754718699936609031595,0.956678967898493221704915947410546370748517636704153217516485,1,1,5,5,completed-recovery|cash-unit-attribution,
completed-recovery-primary,completed-recovery,0.9,fixed-1-usd,neutral_guarded_vs_dca,outside-current-safety-theorem,-87.1136451289900097465886939571150097465886939571150097466,-0.012690506095080009087101285682845966533909796321143838874337,293.602231816520467836257309941520467836257309941520467836257,-3.0457270155640838206627680311890838206627680311890838206628,293.602231816520467836257309941520467836257309941520467836257,-380.71587694551047758284600389863547758284600389863547758285,0.0587204463633040935672514619883040935672514619883040935672514,0,0.956678967898493221704915947410546370748517636704153217516485,1,1,0,5,5,completed-recovery|cash-unit-attribution,
completed-recovery-primary,completed-recovery,0.75,frictionless,corrected_guarded_vs_dca,epsilon-dca,-189.48616960625052334934481493008435579426351999449222946855,-0.0275762851086543314831812454068463190134630314204750393524443,864.009582126512090161125885221746585513668586586706976728979,-8.4279660138621009080837656012146475304634568526495936495802,864.009582126512090161125885221746585513668586586706976728979,-1053.49575173276261351047070015183094130793210658119920619752,0.172801916425302418032225177044349317102733717317341395345796,0,0.870693230689715435071142749703448467365706327480586046611707,1,1,0,5,5,completed-recovery|cash-unit-attribution,
completed-recovery-primary,completed-recovery,0.75,frictionless,corrected_guarded_vs_neutral_guarded,epsilon-dca,28.49393079122754682609378156114371438117507649673584070688,0.00428263459106332293630759703746677426439421368942071019356624,129.386158332652441038318867677886936390861569042847327606168,-0.8071378203313991536978006889339457760774919403688918951943,129.386158332652441038318867677886936390861569042847327606168,-100.892227541424894212225086116743222009686492546111486899288,0.172801916425302418032225177044349317102733717317341395345796,0.146924684758771929824561403508771929824561403508771929824562,0.870693230689715435071142749703448467365706327480586046611707,0.889586182082201366669862218772861855102222886486961476823601,1,1,5,5,completed-recovery|cash-unit-attribution,
completed-recovery-primary,completed-recovery,0.75,frictionless,neutral_guarded_vs_dca,epsilon-dca,-217.98010039747807017543859649122807017543859649122807017543,-0.0317230614195478723404255319148936170212765957446808510638286,734.623423793859649122807017543859649122807017543859649122811,-7.6208281935307017543859649122807017543859649122807017543859,734.623423793859649122807017543859649122807017543859649122811,-952.603524191337719298245614035087719298245614035087719298238,0.146924684758771929824561403508771929824561403508771929824562,0,0.889586182082201366669862218772861855102222886486961476823601,1,1,0,5,5,completed-recovery|cash-unit-attribution,
completed-recovery-primary,completed-recovery,0.75,proportional-10bps,corrected_guarded_vs_dca,outside-current-safety-theorem,-188.30700648597798129592382153098357075293739529574803985828,-0.0274320839210309251373655969832170117356179122469519044515588,863.687233377466457025649992482285368352789859267357078553207,-8.4159539189075555065725905121061515128458180365048409472919,863.687233377466457025649992482285368352789859267357078553207,-1051.99423986344443832157381401326893910572725456310511841149,0.172737446675493291405129998496457073670557971853471415710642,0.0000000000000000000000000000000000000000000000000000000000002,0.87063139867209081880224566196871859057609292601016104228533,1,1,0,5,5,completed-recovery|cash-unit-attribution,
completed-recovery-primary,completed-recovery,0.75,proportional-10bps,corrected_guarded_vs_neutral_guarded,outside-current-safety-theorem,28.61029528610366827345666061612304412494235259349003416,0.00430387710855762707249280664665471305580342238766491796975397,129.356196071549878792008645371959241797168965058946048062183,-0.8059672062835696841484158780466895813778128997236481112175,129.356196071549878792008645371959241797168965058946048062183,-100.745900785446210518551984755836197672226612465456013902188,0.172737446675493291405129998496457073670557971853471415710642,0.146866207461183315646728269422065225311124178841682206098205,0.87063139867209081880224566196871859057609292601016104228533,0.889533802082099231201290517688940308784747130365569337419442,1,1,5,5,completed-recovery|cash-unit-attribution,
completed-recovery-primary,completed-recovery,0.75,proportional-10bps,neutral_guarded_vs_dca,outside-current-safety-theorem,-216.91730177208164956938048214710661487787974788923807401828,-0.0315999586907480749263322778805126692555417483625095918023685,734.331037305916578233641347110326126555620894208411030491024,-7.6099867126239858224241746340594619314680051367811928360744,734.331037305916578233641347110326126555620894208411030491024,-951.2483390779982278030218292574327414335006420976491045093,0.146866207461183315646728269422065225311124178841682206098205,0.0000000000000000000000000000000000000000000000000000000000002,0.889533802082099231201290517688940308784747130365569337419442,1,1,0,5,5,completed-recovery|cash-unit-attribution,
completed-recovery-primary,completed-recovery,0.75,fixed-1-usd,corrected_guarded_vs_dca,outside-current-safety-theorem,-189.30312840486665677992065125753155109798003496226873990888,-0.027577223996108617817278070721817898952360518798413694140454,863.289148275371728954101977064553583437655460274441733967343,-8.4207382134419070858721810265766810762850839618936837910097,863.289148275371728954101977064553583437655460274441733967343,-1052.59227668023838573402262832208513453563549523671047387621,0.172657829655074345790820395412910716687531092054888346793469,0,0.870671596919042759675576867873032613581359408586592474005113,1,1,0,5,5,completed-recovery|cash-unit-attribution,
completed-recovery-primary,completed-recovery,0.75,fixed-1-usd,corrected_guarded_vs_neutral_guarded,outside-current-safety-theorem,28.48098441760836758655108363525597326849169993051878445759,0.00428498790438630107290172957963819943054778501776026546901628,129.283568734070559363458702210752413847012185420640564376697,-0.8064206745316975342152609486039715246281638839209742393528,129.283568734070559363458702210752413847012185420640564376697,-100.8025843164621917769076185754964405785204854901217799191,0.172657829655074345790820395412910716687531092054888346793469,0.146801115908260233918128654970760233918128654970760233918129,0.870671596919042759675576867873032613581359408586592474005113,0.889568247221749483249495739325603554462023528503419645871061,1,1,5,5,completed-recovery|cash-unit-attribution,
completed-recovery-primary,completed-recovery,0.75,fixed-1-usd,neutral_guarded_vs_dca,outside-current-safety-theorem,-217.78411282247502436647173489278752436647173489278752436647,-0.031726265237700022717753214207114916334774490802859597185838,734.005579541301169590643274853801169590643274853801169590646,-7.6143175389102095516569200779727095516569200779727095516569,734.005579541301169590643274853801169590643274853801169590646,-951.789692363776193957115009746588693957115009746588693957112,0.146801115908260233918128654970760233918128654970760233918129,0,0.889568247221749483249495739325603554462023528503419645871061,1,1,0,5,5,completed-recovery|cash-unit-attribution,
completed-recovery-primary,completed-recovery,0.5,frictionless,corrected_guarded_vs_dca,epsilon-dca,-239.71361447848134229165623691955427921432606568726304640033,-0.0348859813411236676867006097985053461665104316872527497314523,1015.13722571583231701269422822309862956968525531979140486416,-10.0388067215545092744348037211412232702720905680564356101159,1015.13722571583231701269422822309862956968525531979140486416,-1254.85084019431365930435046514265290878401132100705445126449,0.203027445143166463402538845644619725913937051063958280972832,0,0.846924962769153890862147004448670033235728144298649603874875,1,0.6,0,5,5,completed-recovery|cash-unit-attribution,
completed-recovery-primary,completed-recovery,0.5,frictionless,corrected_guarded_vs_neutral_guarded,epsilon-dca,102.45732393526134776682329524418841084415346647647964365813,0.0156922334295269489259775902589761056783807080336499720962833,104.98097571583231701269422822309862956968525531979140486416,-0.0201892142445677539669674638312817498042543107464940896482,104.98097571583231701269422822309862956968525531979140486416,-2.523651780570969245870932978910218725531788843311761206025,0.203027445143166463402538845644619725913937051063958280972832,0.18203125,0.846924962769153890862147004448670033235728144298649603874875,0.860601626279373156900141653280526413154381083623542521568341,0.6,0.6,5,5,completed-recovery|cash-unit-attribution,
completed-recovery-primary,completed-recovery,0.5,frictionless,neutral_guarded_vs_dca,epsilon-dca,-342.17093841374269005847953216374269005847953216374269005846,-0.049796791888297872340425531914893617021276595744680851063827,910.15625,-10.0186175073099415204678362573099415204678362573099415204677,910.15625,-1252.32718841374269005847953216374269005847953216374269005846,0.18203125,0,0.860601626279373156900141653280526413154381083623542521568341,1,0.6,0,5,5,completed-recovery|cash-unit-attribution,
completed-recovery-primary,completed-recovery,0.5,proportional-10bps,corrected_guarded_vs_dca,outside-current-safety-theorem,-238.38620966541946629125595021001289355769183985609894933458,-0.0347274943784166089059919763858707378750329105702198410694037,1015.09495255908776714057913665866922184301407447625050479284,-10.0278492977960578674546806949494569232056473146587956330193,1015.09495255908776714057913665866922184301407447625050479284,-1253.48116222450723343183508686868211540070591433234945412741,0.203018990511817553428115827331733844368602814895250100958568,0.0000000000000000000000000000000000000000000000000000000000002,0.846803425876312832524331816505505133711114809245522001908995,1,0.6,0,5,5,completed-recovery|cash-unit-attribution,
completed-recovery-primary,completed-recovery,0.5,proportional-10bps,corrected_guarded_vs_neutral_guarded,outside-current-safety-theorem,102.44168584473447631829036474283621602274572171227250004392,0.0157031177609960729987459059804698612702026604372868140745262,104.981636180161997605418992107915280479682101753668391601335,-0.0203196026834201702970290189206325156554910403311671324593,104.981636180161997605418992107915280479682101753668391601335,-2.5399503354275212871286273650790644569363800413958915574125,0.203018990511817553428115827331733844368602814895250100958568,0.182022663275785153907032028910150788272666394544516422638301,0.846803425876312832524331816505505133711114809245522001908995,0.86049022460827122879969162257951086920877083576646223437743,0.6,0.6,5,5,completed-recovery|cash-unit-attribution,
completed-recovery-primary,completed-recovery,0.5,proportional-10bps,neutral_guarded_vs_dca,outside-current-safety-theorem,-340.8278955101539426095463149528491095804375615683714493785,-0.0496509376190370727748243849164205403710579385967827313715466,910.113316378925769535160144550753941363331972722582113191504,-10.00752969511263769715765167602882440755015627432762850056,910.113316378925769535160144550753941363331972722582113191504,-1250.94121188907971214470645950360305094376953429095356257,0.182022663275785153907032028910150788272666394544516422638301,0.0000000000000000000000000000000000000000000000000000000000002,0.86049022460827122879969162257951086920877083576646223437743,1,0.6,0,5,5,completed-recovery|cash-unit-attribution,
completed-recovery-primary,completed-recovery,0.5,fixed-1-usd,corrected_guarded_vs_dca,outside-current-safety-theorem,-239.60992260028947441560027972065273060439513069635277554394,-0.0349057966601916811492919709771316993021545522961909352910474,1015.06703780979597173706593266372006229434861200983075042972,-10.0374156832806835692213296990749823431899499416494682077892,1015.06703780979597173706593266372006229434861200983075042972,-1254.67696041008544615266621238437279289874374270618352597365,0.203013407561959194347413186532744012458869722401966150085944,0,0.846779183038916687488087040885688858356685539165274428311164,1,0.6,0,5,5,completed-recovery|cash-unit-attribution,
completed-recovery-primary,completed-recovery,0.5,fixed-1-usd,corrected_guarded_vs_neutral_guarded,outside-current-safety-theorem,102.39574831528070102299621150741744483420136053171739989469,0.0156989268642734861883422171297028572215155449933286550206296,104.99151697646263840373259933038672896101527867649741709639,-0.0207661492894554990458911025837542730145113451582401376136,104.99151697646263840373259933038672896101527867649741709639,-2.5957686611819373807363878229692841268139181447800172017,0.203013407561959194347413186532744012458869722401966150085944,0.182015104166666666666666666666666666666666666666666666666666,0.846779183038916687488087040885688858356685539165274428311164,0.860470680886698538738868621595467545755887405191190129939812,0.6,0.6,5,5,completed-recovery|cash-unit-attribution,
completed-recovery-primary,completed-recovery,0.5,fixed-1-usd,neutral_guarded_vs_dca,outside-current-safety-theorem,-342.00567091557017543859649122807017543859649122807017543863,-0.0498225627555747236598300428087662130215321704683406811066434,910.07552083333333333333333333333333333333333333333333333333,-10.0166495339912280701754385964912280701754385964912280701756,910.07552083333333333333333333333333333333333333333333333333,-1252.08119174890350877192982456140350877192982456140350877195,0.182015104166666666666666666666666666666666666666666666666666,0,0.860470680886698538738868621595467545755887405191190129939812,1,0.6,0,5,5,completed-recovery|cash-unit-attribution,
multiple-valleys-primary,multiple-valleys,1,frictionless,corrected_guarded_vs_dca,epsilon-dca,0,0,0,0,0,0,0,0,1,1,1,0,7,7,repeated-score-reversal|multiple-local-minima,
multiple-valleys-primary,multiple-valleys,1,frictionless,corrected_guarded_vs_neutral_guarded,epsilon-dca,0,0,0,0,0,0,0,0,1,1,1,1,7,7,repeated-score-reversal|multiple-local-minima,
multiple-valleys-primary,multiple-valleys,1,frictionless,neutral_guarded_vs_dca,epsilon-dca,0,0,0,0,0,0,0,0,1,1,1,0,7,7,repeated-score-reversal|multiple-local-minima,
multiple-valleys-primary,multiple-valleys,1,proportional-10bps,corrected_guarded_vs_dca,outside-current-safety-theorem,0,0,0,0,0,0,0.000000000000000000000000000000000000000000000000000000000000142857142857142857142857142857142857142857142857142857142857,0.000000000000000000000000000000000000000000000000000000000000142857142857142857142857142857142857142857142857142857142857,1,1,1,0,7,7,repeated-score-reversal|multiple-local-minima,
multiple-valleys-primary,multiple-valleys,1,proportional-10bps,corrected_guarded_vs_neutral_guarded,outside-current-safety-theorem,0,0,0,0,0,0,0.000000000000000000000000000000000000000000000000000000000000142857142857142857142857142857142857142857142857142857142857,0.000000000000000000000000000000000000000000000000000000000000142857142857142857142857142857142857142857142857142857142857,1,1,1,1,7,7,repeated-score-reversal|multiple-local-minima,
multiple-valleys-primary,multiple-valleys,1,proportional-10bps,neutral_guarded_vs_dca,outside-current-safety-theorem,0,0,0,0,0,0,0.000000000000000000000000000000000000000000000000000000000000142857142857142857142857142857142857142857142857142857142857,0.000000000000000000000000000000000000000000000000000000000000142857142857142857142857142857142857142857142857142857142857,1,1,1,0,7,7,repeated-score-reversal|multiple-local-minima,
multiple-valleys-primary,multiple-valleys,1,fixed-1-usd,corrected_guarded_vs_dca,outside-current-safety-theorem,0,0,0,0,0,0,0,0,1,1,1,0,7,7,repeated-score-reversal|multiple-local-minima,
multiple-valleys-primary,multiple-valleys,1,fixed-1-usd,corrected_guarded_vs_neutral_guarded,outside-current-safety-theorem,0,0,0,0,0,0,0,0,1,1,1,1,7,7,repeated-score-reversal|multiple-local-minima,
multiple-valleys-primary,multiple-valleys,1,fixed-1-usd,neutral_guarded_vs_dca,outside-current-safety-theorem,0,0,0,0,0,0,0,0,1,1,1,0,7,7,repeated-score-reversal|multiple-local-minima,
multiple-valleys-primary,multiple-valleys,0.9,frictionless,corrected_guarded_vs_dca,epsilon-dca,14.41387032697178955412309074404612500049638366447547438555,0.00164733273713981034439693744725242920717944289052926684768606,519.591926524932426220042522253620924432976606880664231253248,-5.051780561979606366659194315095747994324802232161887568677,519.591926524932426220042522253620924432976606880664231253248,-505.1780561979606366659194315095747994324802232161887568677,0.0742274180749903466028632174648029892047109438400948901790354,0,0.940714529075192235863322111547826308215896104707270121475552,1,1,0,7,7,repeated-score-reversal|multiple-local-minima,
multiple-valleys-primary,multiple-valleys,0.9,frictionless,corrected_guarded_vs_neutral_guarded,epsilon-dca,60.28548038223433541817271419216581372168886425545230596386,0.00692621957186933406577648541787769606952745362334661554104906,94.925461433919637838833088412608136051767173039651442872031,-0.3463998105168530242066037422044232233007830878419913690817,94.925461433919637838833088412608136051767173039651442872031,-34.63998105168530242066037422044232233007830878419913690817,0.0742274180749903466028632174648029892047109438400948901790354,0.0606666378701446840544584905487161126258870619772875411973167,0.940714529075192235863322111547826308215896104707270121475552,0.95120992379291504783943671546688078653532534357051293699001,1,1,7,7,repeated-score-reversal|multiple-local-minima,
multiple-valleys-primary,multiple-valleys,0.9,frictionless,neutral_guarded_vs_dca,epsilon-dca,-45.87161005526254586404962344811968872119248059097683157831,-0.00524257560496739384375625158256845439195096940624130024523401,424.666465091012788381209433841012788381209433841012788381217,-4.7053807514627533424525905728913247710240191443198961995953,424.666465091012788381209433841012788381209433841012788381217,-470.53807514627533424525905728913247710240191443198961995953,0.0606666378701446840544584905487161126258870619772875411973167,0,0.95120992379291504783943671546688078653532534357051293699001,1,1,0,7,7,repeated-score-reversal|multiple-local-minima,
multiple-valleys-primary,multiple-valleys,0.9,proportional-10bps,corrected_guarded_vs_dca,outside-current-safety-theorem,14.87815403675289103244964549125528242783789911712969740197,0.0017020951990428453325105385177510566799072030149961579107298,519.267849118096842370137282137029506710489983910272475520816,-5.0438969508134395133768763664577422428265208479314277811885,519.267849118096842370137282137029506710489983910272475520816,-504.38969508134395133768763664577422428265208479314277811885,0.0741811213025852631957338974481470723872128548443246393601167,0.000000000000000000000000000000000000000000000000000000000000142857142857142857142857142857142857142857142857142857142857,0.940695500152900894303131329055188233926517518896542377252754,1,1,0,7,7,repeated-score-reversal|multiple-local-minima,
multiple-valleys-primary,multiple-valleys,0.9,proportional-10bps,corrected_guarded_vs_neutral_guarded,outside-current-safety-theorem,60.27631104190916464564492154581198754549155599729640785818,0.00693175037016645890065934549308499430234318951429497585049241,94.825139980229506394729891028071658754298862747139246201009,-0.3454882893832034174908496948225967120880730674984283834283,94.825139980229506394729891028071658754298862747139246201009,-34.54882893832034174908496948225967120880730674984283834283,0.0741811213025852631957338974481470723872128548443246393601167,0.0606346727339810479964867701584225497080273030233047470456869,0.940695500152900894303131329055188233926517518896542377252754,0.951189267303779597247184826800417771849031585337260260072772,1,1,7,7,repeated-score-reversal|multiple-local-minima,
multiple-valleys-primary,multiple-valleys,0.9,proportional-10bps,neutral_guarded_vs_dca,outside-current-safety-theorem,-45.39815700515627361319527605455670511765365688016671045621,-0.00519365405768672706651654442239520730062681309135834231022131,424.442709137867335975407391108957847956191121163133229319807,-4.6984086614302360958860266716351455307384477804329993977602,424.442709137867335975407391108957847956191121163133229319807,-469.84086614302360958860266716351455307384477804329993977602,0.0606346727339810479964867701584225497080273030233047470456869,0.000000000000000000000000000000000000000000000000000000000000142857142857142857142857142857142857142857142857142857142857,0.951189267303779597247184826800417771849031585337260260072772,1,1,0,7,7,repeated-score-reversal|multiple-local-minima,
multiple-valleys-primary,multiple-valleys,0.9,fixed-1-usd,corrected_guarded_vs_dca,outside-current-safety-theorem,14.40480199128054640082217230153513458757979475735943838746,0.00164794427926499152978879922244425033539465893093709341959887,519.131096309042201254047086263461763113000710466605615574647,-5.0472629431776165485322491396192662852542091570924617718719,519.131096309042201254047086263461763113000710466605615574647,-504.72629431776165485322491396192662852542091570924617718719,0.0741615851870060287505781551804945375875715300666579450820924,0,0.940707853848962979855886507655584950147055532345579781244747,1,1,0,7,7,repeated-score-reversal|multiple-local-minima,
multiple-valleys-primary,multiple-valleys,0.9,fixed-1-usd,corrected_guarded_vs_neutral_guarded,outside-current-safety-theorem,60.2428359157351123027564952884897004895141177443140042894,0.00692825817970661138025310600138303532005794736419252841051521,94.846814879808058204114562646727620063068186849871472524717,-0.3460397896407294590135806735823791957355406910555746823532,94.846814879808058204114562646727620063068186849871472524717,-34.60397896407294590135806735823791957355406910555746823532,0.0741615851870060287505781551804945375875715300666579450820924,0.06061204020417630614999036051667630614999036051667630614999,0.940707853848962979855886507655584950147055532345579781244747,0.951204969044871307741395190300780670102543882218127048075122,1,1,7,7,repeated-score-reversal|multiple-local-minima,
multiple-valleys-primary,multiple-valleys,0.9,fixed-1-usd,neutral_guarded_vs_dca,outside-current-safety-theorem,-45.83803392445456590193432298695456590193432298695456590194,-0.00524398223760966451336321191487324452452687712242928318606283,424.28428142923414304993252361673414304993252361673414304993,-4.7012231535368870895186684660368870895186684660368870895187,424.28428142923414304993252361673414304993252361673414304993,-470.12231535368870895186684660368870895186684660368870895187,0.06061204020417630614999036051667630614999036051667630614999,0,0.951204969044871307741395190300780670102543882218127048075122,1,1,0,7,7,repeated-score-reversal|multiple-local-minima,
multiple-valleys-primary,multiple-valleys,0.75,frictionless,corrected_guarded_vs_dca,epsilon-dca,6.72045991638177929734595515055241762444428714080998114295,0.000768068074552842824745148271818694516980357473766445228748237,951.897175598370896092652470277696022282891322046561173386432,-9.4517671568198911679530651512714360465844703490575119224348,951.897175598370896092652470277696022282891322046561173386432,-945.17671568198911679530651512714360465844703490575119224348,0.135985310799767270870378924325385146040413046006651596198062,0,0.891293048457133477951008486565063371704461306675790082887169,1,0.714285714285714285714285714285714285714285714285714285714286,0,7,7,repeated-score-reversal|multiple-local-minima,
multiple-valleys-primary,multiple-valleys,0.75,frictionless,corrected_guarded_vs_neutral_guarded,epsilon-dca,131.09134698349916831323121163731266378318668648471308444453,0.0151981995923582953590409264034979534049726632478089380602593,93.760113379020436610614040870845562800852892639710713904392,0.3733123360447873170261717076646710098233379384500237054014,93.760113379020436610614040870845562800852892639710713904392,37.33123360447873170261717076646710098233379384500237054014,0.135985310799767270870378924325385146040413046006651596198062,0.122591008888478637068862632772407208497434061343835779926006,0.891293048457133477951008486565063371704461306675790082887169,0.900511066143432583335325490971634385739791570723147153474764,0.714285714285714285714285714285714285714285714285714285714286,0.857142857142857142857142857142857142857142857142857142857143,7,7,repeated-score-reversal|multiple-local-minima,
multiple-valleys-primary,multiple-valleys,0.75,frictionless,neutral_guarded_vs_dca,epsilon-dca,-124.37088706711738901588525648676024615874239934390310330158,-0.0142141027472268110878418172992044139845191579966397087934126,858.13706221935045948203842940685045948203842940685045948204,-9.8250794928646784849792368589361070564078082875075356278362,858.13706221935045948203842940685045948203842940685045948204,-982.50794928646784849792368589361070564078082875075356278362,0.122591008888478637068862632772407208497434061343835779926006,0,0.900511066143432583335325490971634385739791570723147153474764,1,0.857142857142857142857142857142857142857142857142857142857143,0,7,7,repeated-score-reversal|multiple-local-minima,
multiple-valleys-primary,multiple-valleys,0.75,proportional-10bps,corrected_guarded_vs_dca,outside-current-safety-theorem,7.73960184265555156772356952780446701958059528933658130756,0.00088542833380707865230538361796459558596745892168295123438312,951.756307851652212566010274905940532702762754266174782319018,-9.4401670600899666099828670537813606568318215897683820101146,951.756307851652212566010274905940532702762754266174782319018,-944.01670600899666099828670537813606568318215897683820101146,0.135965186835950316080858610700848647528966107752310683188431,0.000000000000000000000000000000000000000000000000000000000000142857142857142857142857142857142857142857142857142857142857,0.891213202181134084997116748839127999856682869521040241648446,1,0.714285714285714285714285714285714285714285714285714285714286,0,7,7,repeated-score-reversal|multiple-local-minima,
multiple-valleys-primary,multiple-valleys,0.75,proportional-10bps,corrected_guarded_vs_neutral_guarded,outside-current-safety-theorem,131.10041700128679645847941904434844974470993368097176653933,0.0152128864741444910549477266394968351058352957570623196654662,93.765156393969504156516251423633880656996037681164605696619,0.3733526060731729230196316762071456908771389599980716084271,93.765156393969504156516251423633880656996037681164605696619,37.33526060731729230196316762071456908771389599980716084271,0.135965186835950316080858610700848647528966107752310683188431,0.1225701644939546726299277176403295217208238166550014538032,0.891213202181134084997116748839127999856682869521040241648446,0.90043874549370713569083500926889312967571057548683090363477,0.714285714285714285714285714285714285714285714285714285714286,0.857142857142857142857142857142857142857142857142857142857143,7,7,repeated-score-reversal|multiple-local-minima,
multiple-valleys-primary,multiple-valleys,0.75,proportional-10bps,neutral_guarded_vs_dca,outside-current-safety-theorem,-123.36081515863124489075584951654398272512933839163518523177,-0.0141127622897863058737536122249571657224134329177336830731585,857.991151457682708409494023482306652045766716585010176622399,-9.8135196661631395330024987299885063477089605497664536185417,857.991151457682708409494023482306652045766716585010176622399,-981.35196661631395330024987299885063477089605497664536185417,0.1225701644939546726299277176403295217208238166550014538032,0.000000000000000000000000000000000000000000000000000000000000142857142857142857142857142857142857142857142857142857142857,0.90043874549370713569083500926889312967571057548683090363477,1,0.857142857142857142857142857142857142857142857142857142857143,0,7,7,repeated-score-reversal|multiple-local-minima,
multiple-valleys-primary,multiple-valleys,0.75,fixed-1-usd,corrected_guarded_vs_dca,outside-current-safety-theorem,6.9134178947188965654599038339524339389324829485243811197,0.000790911772106728408357250899068328769173771197399608064567783,951.627211867685141888205546100583737493814553244101961094427,-9.4471379397296624532274564226663130355488207029557757997473,951.627211867685141888205546100583737493814553244101961094427,-944.71379397296624532274564226663130355488207029557757997473,0.13594674455252644884117222087151196249911636474915742301349,0,0.89121757657767647810525778896272903961346460912169323410838,1,0.714285714285714285714285714285714285714285714285714285714286,0,7,7,repeated-score-reversal|multiple-local-minima,
multiple-valleys-primary,multiple-valleys,0.75,fixed-1-usd,corrected_guarded_vs_neutral_guarded,outside-current-safety-theorem,131.16858642439143528405125400424997265752383311882191983829,0.0152223920821072419989042967121897030148690957500977965929684,93.778266383858387502240633819881983107849640963400206708462,0.3739032004053304778181062018436798954967419215542171312983,93.778266383858387502240633819881983107849640963400206708462,37.39032004053304778181062018436798954967419215542171312983,0.13594674455252644884117222087151196249911636474915742301349,0.122549849354832393483709273182957393483709273182957393483709,0.89121757657767647810525778896272903961346460912169323410838,0.900444814178856183750500696891015821527903503040485750389299,0.714285714285714285714285714285714285714285714285714285714286,0.857142857142857142857142857142857142857142857142857142857143,7,7,repeated-score-reversal|multiple-local-minima,
multiple-valleys-primary,multiple-valleys,0.75,fixed-1-usd,neutral_guarded_vs_dca,outside-current-safety-theorem,-124.25516852967253871859135017029753871859135017029753871859,-0.0142150925970054367581836073859928849793416907609451456215461,857.848945483826754385964912280701754385964912280701754385965,-9.8210411401349929310455626245099929310455626245099929310456,857.848945483826754385964912280701754385964912280701754385965,-982.10411401349929310455626245099929310455626245099929310456,0.122549849354832393483709273182957393483709273182957393483709,0,0.900444814178856183750500696891015821527903503040485750389299,1,0.857142857142857142857142857142857142857142857142857142857143,0,7,7,repeated-score-reversal|multiple-local-minima,
multiple-valleys-primary,multiple-valleys,0.5,frictionless,corrected_guarded_vs_dca,epsilon-dca,-35.86615320966563737950025218137749258366260588183046604375,-0.00409907172725114562165753565171138372230657341672173008979989,1056.41815883721775208435618273974875431988132201838277211334,-10.9228431204688338946385643492112624690354392790021323815709,1056.41815883721775208435618273974875431988132201838277211334,-1092.28431204688338946385643492112624690354392790021323815709,0.150916879833888250297765168962821250617125903145483253159049,0,0.878767115337597834915643689964543329175748626920659857860735,1,0.285714285714285714285714285714285714285714285714285714285714,0,7,7,repeated-score-reversal|multiple-local-minima,
multiple-valleys-primary,multiple-valleys,0.5,frictionless,corrected_guarded_vs_neutral_guarded,epsilon-dca,183.68771443219542553419424046048357033003188676003059686995,0.0215336357664412940727376420545995989585724718558352446167996,73.21503383721775208435618273974875431988132201838277211334,1.1047268059497767344983805772073481601015056474164782475661,73.21503383721775208435618273974875431988132201838277211334,110.47268059497767344983805772073481601015056474164782475661,0.150916879833888250297765168962821250617125903145483253159049,0.140457589285714285714285714285714285714285714285714285714286,0.878767115337597834915643689964543329175748626920659857860735,0.884739499080696332149591715214739892208476659514589688792439,0.285714285714285714285714285714285714285714285714285714285714,0.285714285714285714285714285714285714285714285714285714285714,7,7,repeated-score-reversal|multiple-local-minima,
multiple-valleys-primary,multiple-valleys,0.5,frictionless,neutral_guarded_vs_dca,epsilon-dca,-219.5538676418610629136944926418610629136944926418610629137,-0.0250923773787053086165868562531214195481653397573371720673352,983.203125,-12.027569926418610629136944926418610629136944926418610629137,983.203125,-1202.7569926418610629136944926418610629136944926418610629137,0.140457589285714285714285714285714285714285714285714285714286,0,0.884739499080696332149591715214739892208476659514589688792439,1,0.285714285714285714285714285714285714285714285714285714285714,0,7,7,repeated-score-reversal|multiple-local-minima,
multiple-valleys-primary,multiple-valleys,0.5,proportional-10bps,corrected_guarded_vs_dca,outside-current-safety-theorem,-34.76423600384359557157602031133023521008285212580557250008,-0.00397710892455907929786409520341868444941246335961390004250579,1056.41605589088252961951647842866285540805034550233435573254,-10.9118029189472612519109249873999309061813319762813992823262,1056.41605589088252961951647842866285540805034550233435573254,-1091.18029189472612519109249873999309061813319762813992823262,0.15091657941298321851707378263266612220115004935747633653322,0.000000000000000000000000000000000000000000000000000000000000142857142857142857142857142857142857142857142857142857142857,0.878660983782783190973731208455174460054621845532458596118785,1,0.285714285714285714285714285714285714285714285714285714285714,0,7,7,repeated-score-reversal|multiple-local-minima,
multiple-valleys-primary,multiple-valleys,0.5,proportional-10bps,corrected_guarded_vs_neutral_guarded,outside-current-safety-theorem,183.57152779444414132815617157809713129081740247014603898659,0.0215390108457423048098350579351957949504328461505080764568942,73.21566253423917297615983507201949876469370214569099908918,1.1035586526020496835199633650607763252612370032445503989741,73.21566253423917297615983507201949876469370214569099908918,110.35586526020496835199633650607763252612370032445503989741,0.15091657941298321851707378263266612220115004935747633653322,0.140457199050949050949050949050949050949050949050949050949051,0.878660983782783190973731208455174460054621845532458596118785,0.884638079823794024570021864098248651359301884167127348312537,0.285714285714285714285714285714285714285714285714285714285714,0.285714285714285714285714285714285714285714285714285714285714,7,7,repeated-score-reversal|multiple-local-minima,
multiple-valleys-primary,multiple-valleys,0.5,proportional-10bps,neutral_guarded_vs_dca,outside-current-safety-theorem,-218.33576379828773689973219188942736650090025459595161148667,-0.0249781158618468567626151573976128163971520121818309191616265,983.200393356643356643356643356643356643356643356643356643359,-12.0153615715493109354308883524607072314425689795259496813003,983.200393356643356643356643356643356643356643356643356643359,-1201.53615715493109354308883524607072314425689795259496813003,0.140457199050949050949050949050949050949050949050949050949051,0.000000000000000000000000000000000000000000000000000000000000142857142857142857142857142857142857142857142857142857142857,0.884638079823794024570021864098248651359301884167127348312537,1,0.285714285714285714285714285714285714285714285714285714285714,0,7,7,repeated-score-reversal|multiple-local-minima,
multiple-valleys-primary,multiple-valleys,0.5,fixed-1-usd,corrected_guarded_vs_dca,outside-current-safety-theorem,-35.84465790798315138266850716002034948917344152392016530559,-0.00410071578751498802384823085017710105887952586942918190907708,1056.41394873865463670974709470895478469839570703325384251898,-10.9225860664663778809241560186897513418756914855717400782457,1056.41394873865463670974709470895478469839570703325384251898,-1092.25860664663778809241560186897513418756914855717400782457,0.15091627839123637667282101352985068352834224386189340607414,0,0.878646044392205726758132266653590606651036645293818291784446,1,0.285714285714285714285714285714285714285714285714285714285714,0,7,7,repeated-score-reversal|multiple-local-minima,
multiple-valleys-primary,multiple-valleys,0.5,fixed-1-usd,corrected_guarded_vs_neutral_guarded,outside-current-safety-theorem,183.67604122566828490034672322363108679384178885973127097742,0.0215542925724758786569438224825473585099532647817133393340897,73.21629248865463670974709470895478469839570703325384251898,1.1045974873701364819059962851467630209544608182647742845844,73.21629248865463670974709470895478469839570703325384251898,110.45974873701364819059962851467630209544608182647742845844,0.15091627839123637667282101352985068352834224386189340607414,0.140456808035714285714285714285714285714285714285714285714286,0.878646044392205726758132266653590606651036645293818291784446,0.88462224143132545924523984363345198988051171594434289521163,0.285714285714285714285714285714285714285714285714285714285714,0.285714285714285714285714285714285714285714285714285714285714,7,7,repeated-score-reversal|multiple-local-minima,
multiple-valleys-primary,multiple-valleys,0.5,fixed-1-usd,neutral_guarded_vs_dca,outside-current-safety-theorem,-219.52069913365143628301523038365143628301523038365143628301,-0.025113700315806493646618209619472876325310298106208679374753,983.19765625,-12.0271835538365143628301523038365143628301523038365143628301,983.19765625,-1202.71835538365143628301523038365143628301523038365143628301,0.140456808035714285714285714285714285714285714285714285714286,0,0.88462224143132545924523984363345198988051171594434289521163,1,0.285714285714285714285714285714285714285714285714285714285714,0,7,7,repeated-score-reversal|multiple-local-minima,
crash-primary,crash,1,frictionless,corrected_guarded_vs_dca,epsilon-dca,0,0,0,0,0,0,0,0,1,1,1,0,6,6,crash-downside|guardrail-floor-activation,
crash-primary,crash,1,frictionless,corrected_guarded_vs_neutral_guarded,epsilon-dca,0,0,0,0,0,0,0,0,1,1,1,1,6,6,crash-downside|guardrail-floor-activation,
crash-primary,crash,1,frictionless,neutral_guarded_vs_dca,epsilon-dca,0,0,0,0,0,0,0,0,1,1,1,0,6,6,crash-downside|guardrail-floor-activation,
crash-primary,crash,1,proportional-10bps,corrected_guarded_vs_dca,outside-current-safety-theorem,0,0,0,0,0,0,0.000000000000000000000000000000000000000000000000000000000000166666666666666666666666666666666666666666666666666666666667,0.000000000000000000000000000000000000000000000000000000000000166666666666666666666666666666666666666666666666666666666667,1,1,1,0,6,6,crash-downside|guardrail-floor-activation,
crash-primary,crash,1,proportional-10bps,corrected_guarded_vs_neutral_guarded,outside-current-safety-theorem,0,0,0,0,0,0,0.000000000000000000000000000000000000000000000000000000000000166666666666666666666666666666666666666666666666666666666667,0.000000000000000000000000000000000000000000000000000000000000166666666666666666666666666666666666666666666666666666666667,1,1,1,1,6,6,crash-downside|guardrail-floor-activation,
crash-primary,crash,1,proportional-10bps,neutral_guarded_vs_dca,outside-current-safety-theorem,0,0,0,0,0,0,0.000000000000000000000000000000000000000000000000000000000000166666666666666666666666666666666666666666666666666666666667,0.000000000000000000000000000000000000000000000000000000000000166666666666666666666666666666666666666666666666666666666667,1,1,1,0,6,6,crash-downside|guardrail-floor-activation,
crash-primary,crash,1,fixed-1-usd,corrected_guarded_vs_dca,outside-current-safety-theorem,0,0,0,0,0,0,0,0,1,1,1,0,6,6,crash-downside|guardrail-floor-activation,
crash-primary,crash,1,fixed-1-usd,corrected_guarded_vs_neutral_guarded,outside-current-safety-theorem,0,0,0,0,0,0,0,0,1,1,1,1,6,6,crash-downside|guardrail-floor-activation,
crash-primary,crash,1,fixed-1-usd,neutral_guarded_vs_dca,outside-current-safety-theorem,0,0,0,0,0,0,0,0,1,1,1,0,6,6,crash-downside|guardrail-floor-activation,
crash-primary,crash,0.9,frictionless,corrected_guarded_vs_dca,epsilon-dca,68.60514681808697421112612032337989157338201902581663551179,0.0142606749570879392586110480579606547453777615461689000715604,218.930240507312035403840855922865301324252184822120142197577,-2.4245982853100816321405602516046033830785510612307017207385,218.930240507312035403840855922865301324252184822120142197577,-150.325093689225061192714735599485409750870165796303506685787,0.0364883734178853392339734759871442168873753641370200236995962,0,0.955131706723469403946121558775587227590484849625498913890717,1,1,0,6,6,crash-downside|guardrail-floor-activation,
crash-primary,crash,0.9,frictionless,corrected_guarded_vs_neutral_guarded,epsilon-dca,5.42475733535979645434452139505771470598623566428733339346,0.00111300525477671892692868417441990479310341314955668974949532,-48.738430128960737300715956579974188021983788100509452096185,0.8735997978116215121783948060489016569027423187870449272524,-48.738430128960737300715956579974188021983788100509452096185,54.1631874643205337550604779750319027279700237647967854896488,0.0364883734178853392339734759871442168873753641370200236995962,0.044611445106045462117426135417139914891039328820438265715627,0.955131706723469403946121558775587227590484849625498913890717,0.945082034358406715291589500705596588301105819283166401590727,1,1,6,6,crash-downside|guardrail-floor-activation,
crash-primary,crash,0.9,frictionless,neutral_guarded_vs_dca,epsilon-dca,63.18038948272717775678159892832217686739578336152930211833,0.0131330525458164678367796215595524146346405204434834781192021,267.668670636272772704556812502839489346235972922629594293762,-3.2981980831217031443189550576535050399812933800177466479909,267.668670636272772704556812502839489346235972922629594293762,-204.488281153545594947775213574517312478840189561100292175436,0.044611445106045462117426135417139914891039328820438265715627,0,0.945082034358406715291589500705596588301105819283166401590727,1,1,0,6,6,crash-downside|guardrail-floor-activation,
crash-primary,crash,0.9,proportional-10bps,corrected_guarded_vs_dca,outside-current-safety-theorem,68.73570284780272480928782859708806620032513822257319332354,0.0143021009251317021419426684933242785404568079105547517939561,218.807931555070964505434200604972160613160915475762736132509,-2.4205198178591651563894576130303886195618673750514442388543,218.807931555070964505434200604972160613160915475762736132509,-150.072228707268239696146372007884094412835777253189542808967,0.0364679885925118274175723667674953601021934859126271226887517,0.000000000000000000000000000000000000000000000000000000000000166666666666666666666666666666666666666666666666666666666667,0.955113763212527579852726580745099882381927489849766354143996,1,1,0,6,6,crash-downside|guardrail-floor-activation,
crash-primary,crash,0.9,proportional-10bps,corrected_guarded_vs_neutral_guarded,outside-current-safety-theorem,5.36986549717898095127973699329807360893193787981331847596,0.00110278846374497649212440078921706278123007440749380921835599,-48.739107228195306938432459573753904263740602591652815649228,0.8727253665382949659630999446298706108495571043784860342772,-48.739107228195306938432459573753904263740602591652815649228,54.1089727253742878897121965670519778726725404714661341251864,0.0364679885925118274175723667674953601021934859126271226887517,0.0445911731305443785739777766964543441461502530112359252969563,0.955113763212527579852726580745099882381927489849766354143996,0.945054901648036245019349310390832405040220554503340160979407,1,1,6,6,crash-downside|guardrail-floor-activation,
crash-primary,crash,0.9,proportional-10bps,neutral_guarded_vs_dca,outside-current-safety-theorem,63.36583735062374385800809160378999259139320034275987484758,0.0131847724464356937357684567624294510849600873785465871423915,267.547038783266271443866660178726064876901518067415551781737,-3.2932451843974601223525575576602592304114244794299302731315,267.547038783266271443866660178726064876901518067415551781737,-204.181201432642527585858568574936072285508317724655676934153,0.0445911731305443785739777766964543441461502530112359252969563,0.000000000000000000000000000000000000000000000000000000000000166666666666666666666666666666666666666666666666666666666667,0.945054901648036245019349310390832405040220554503340160979407,1,1,0,6,6,crash-downside|guardrail-floor-activation,
crash-primary,crash,0.9,fixed-1-usd,corrected_guarded_vs_dca,outside-current-safety-theorem,68.56142458723667525797155513496362028850935225238443209846,0.0142658524458836704451784604221740823100610620143837322721306,218.762376687696742181225236765869932070728357193860927168377,-2.4225960016203236600524787359823598674551452409915563720955,218.762376687696742181225236765869932070728357193860927168377,-150.200952100460066923253681630906311782219004941476495069921,0.0364603961146161236968708727943116553451213928656434878613962,0,0.955121459615892765273028799635211406399802740233731455897146,1,1,0,6,6,crash-downside|guardrail-floor-activation,
crash-primary,crash,0.9,fixed-1-usd,corrected_guarded_vs_neutral_guarded,outside-current-safety-theorem,5.42109650393706286591386030492614801283414414508728457566,0.00111336223789919507824109227821417930690379211062972048737151,-48.700814945180001265233352121504562500168012802958844763839,0.8729340556309203892120518133295275889193896281942924087016,-48.700814945180001265233352121504562500168012802958844763839,54.1219114491170641311472124264307105130021569480461293394992,0.0364603961146161236968708727943116553451213928656434878613962,0.044577198605479457241076431481229082428482728332803295322036,0.955121459615892765273028799635211406399802740233731455897146,0.94506952285837815696611347935302647629912202803938713501021,1,1,6,6,crash-downside|guardrail-floor-activation,
crash-primary,crash,0.9,fixed-1-usd,neutral_guarded_vs_dca,outside-current-safety-theorem,63.1403280832996123920576948300374722756752081072971475228,0.0131378630074253152685646461954272310654576826962879911345463,267.463191632876743446458588887374494570896369996819771932216,-3.2955300572512440492645305493118874563745348691858487807971,267.463191632876743446458588887374494570896369996819771932216,-204.32286354957713105440089405733702229522116188952262440942,0.044577198605479457241076431481229082428482728332803295322036,0,0.94506952285837815696611347935302647629912202803938713501021,1,1,0,6,6,crash-downside|guardrail-floor-activation,
crash-primary,crash,0.75,frictionless,corrected_guarded_vs_dca,epsilon-dca,171.51286704521743552781530080844972893345504756454158877943,0.0356516873927198481465276201449016368634444038654222501788916,547.325601268280088509602139807163253310630462055300355493916,-6.0614957132752040803514006290115084576963776530767543018467,547.325601268280088509602139807163253310630462055300355493916,-375.812734223062652981786838998713524377175414490758766714495,0.091220933544713348084933689967860542218438410342550059248986,0,0.890146112885224865329394190247285202001078151222911137313363,1,1,0,6,6,crash-downside|guardrail-floor-activation,
crash-primary,crash,0.75,frictionless,corrected_guarded_vs_neutral_guarded,epsilon-dca,13.56189333839949113586130348764428676496558916071833348362,0.00272944128852149408409655903151322407305238830430999502312389,-121.846075322401843251789891449935470054959470251273630240487,2.1839994945290537804459870151222541422568557969676123181305,-121.846075322401843251789891449935470054959470251273630240487,135.407968660801334387651194937579756819925059411991963724091,0.091220933544713348084933689967860542218438410342550059248986,0.111528612765113655293565338542849787227598322051095664289067,0.890146112885224865329394190247285202001078151222911137313363,0.865323759918959078965095617123194710271347083606353544686573,1,1,6,6,crash-downside|guardrail-floor-activation,
crash-primary,crash,0.75,frictionless,neutral_guarded_vs_dca,epsilon-dca,157.95097370681794439195399732080544216848945840382325529581,0.0328326313645411695919490538988810365866013011087086952980021,669.171676590681931761392031257098723365589932306573985734403,-8.2454952078042578607973876441337625999532334500443666199772,669.171676590681931761392031257098723365589932306573985734403,-511.220702883863987369438033936293281197100473902750730438586,0.111528612765113655293565338542849787227598322051095664289067,0,0.865323759918959078965095617123194710271347083606353544686573,1,1,0,6,6,crash-downside|guardrail-floor-activation,
crash-primary,crash,0.75,proportional-10bps,corrected_guarded_vs_dca,outside-current-safety-theorem,171.83925711950681202321957149272016550081284555643298330886,0.0357552523128292553548566712333106963511420197763868794848923,547.019828887677411263585501512430401532902288689406840331277,-6.0512995446479128909736440325759715489046684376286105971357,547.019828887677411263585501512430401532902288689406840331277,-375.180571768170599240365930019710236032089443132973857022413,0.0911699714812795685439309169187384002554837147815678067218797,0.000000000000000000000000000000000000000000000000000000000000166666666666666666666666666666666666666666666666666666666667,0.890108681142354172899424028505020278448706409536392411557397,1,1,0,6,6,crash-downside|guardrail-floor-activation,
crash-primary,crash,0.75,proportional-10bps,corrected_guarded_vs_neutral_guarded,outside-current-safety-theorem,13.4246637429474523781993424832451840223298446995332961899,0.00270418600395264143836612339684806784275155584261703552607699,-121.847768070488267346081148934384760659351506479132039123076,2.1818134163457374149077498615746765271238927609462150856931,-121.847768070488267346081148934384760659351506479132039123076,135.272431813435719724280491417629944681681351178665335312972,0.0911699714812795685439309169187384002554837147815678067218797,0.111477932826360946434944441741135860365375632528089813242392,0.890108681142354172899424028505020278448706409536392411557397,0.865267210499635984665661562895080721527182559989715540517197,1,1,6,6,crash-downside|guardrail-floor-activation,
crash-primary,crash,0.75,proportional-10bps,neutral_guarded_vs_dca,outside-current-safety-theorem,158.41459337655935964502022900947498147848300085689968711896,0.0329619311160892343394211419060736277124002184463664678559809,668.867596958165678609666650446815162192253795168538879454353,-8.2331129609936503058813938941506480760285611985748256828288,668.867596958165678609666650446815162192253795168538879454353,-510.453003581606318964646421437340180713770794311639192335386,0.111477932826360946434944441741135860365375632528089813242392,0.000000000000000000000000000000000000000000000000000000000000166666666666666666666666666666666666666666666666666666666667,0.865267210499635984665661562895080721527182559989715540517197,1,1,0,6,6,crash-downside|guardrail-floor-activation,
crash-primary,crash,0.75,fixed-1-usd,corrected_guarded_vs_dca,outside-current-safety-theorem,171.4035614680916881449288878374090507212733806309610802461,0.035664631114709176112946151055435205775152655035959330680316,546.90594171924185545306309191467483017682089298465231792093,-6.0564900040508091501311968399558996686378631024788909302392,546.90594171924185545306309191467483017682089298465231792093,-375.50238025115016730813420407726577945554751235369123767483,0.0911509902865403092421771819857791383628034821641087196534883,0,0.890121836616596964383063413331495787505004630208090599234791,1,1,0,6,6,crash-downside|guardrail-floor-activation,
crash-primary,crash,0.75,fixed-1-usd,corrected_guarded_vs_neutral_guarded,outside-current-safety-theorem,13.55274125984265716478465076231537003208536036271821143908,0.00273029789680177983094462109438454348348733357357222933831998,-121.75203736295000316308338030376140625042003200739711190962,2.1823351390773009730301295333238189722984740704857310217533,-121.75203736295000316308338030376140625042003200739711190962,135.304778622792660327868031066076776282505392370115323348705,0.0911509902865403092421771819857791383628034821641087196534883,0.111442996513698643102691078703072706071206820832008238305092,0.890121836616596964383063413331495787505004630208090599234791,0.865294006654043364582772330820234021932229975782595033461218,1,1,6,6,crash-downside|guardrail-floor-activation,
crash-primary,crash,0.75,fixed-1-usd,neutral_guarded_vs_dca,outside-current-safety-theorem,157.85082020824903098014423707509368068918802026824286880702,0.03284465751856328817141161548856807766364420674071997783637,668.65797908219185861614647221843623642724092499204942983055,-8.2388251431281101231613263732797186409363371729646219519925,668.65797908219185861614647221843623642724092499204942983055,-510.807158873942827636002235143342555738052904723806561023535,0.111442996513698643102691078703072706071206820832008238305092,0,0.865294006654043364582772330820234021932229975782595033461218,1,1,0,6,6,crash-downside|guardrail-floor-activation,
crash-primary,crash,0.5,frictionless,corrected_guarded_vs_dca,epsilon-dca,366.90554109852652115972137438830370210408670946307874385542,0.0762671738817868752670886818969232307394037398147288426918263,634.700162163743179381209011443557742496479586540749753765884,-4.3192680816970428745401231783105490385869818883495324179107,634.700162163743179381209011443557742496479586540749753765884,-267.794621065216658221487637055254040392392877077671009910463,0.105783360360623863230201501907259623749413264423458292294314,0,0.877416533681588923045665208052266521792544561414392696670348,1,0.666666666666666666666666666666666666666666666666666666666667,0,6,6,crash-downside|guardrail-floor-activation,
crash-primary,crash,0.5,frictionless,corrected_guarded_vs_neutral_guarded,epsilon-dca,31.95611151142934042291977005436384101254721983449806757825,0.00621020496545725146970872263772481964142008277090732786063208,-314.832258463866744470424493837699933750142864945371592340726,5.5933608060531626595700687724526415284304852383849945148222,-314.832258463866744470424493837699933750142864945371592340726,346.788369975296084893344263892063774762690084779869659918976,0.105783360360623863230201501907259623749413264423458292294314,0.158255403437934987308605584213542946041103741914353557684435,0.877416533681588923045665208052266521792544561414392696670348,0.815472200009841760112935766252273635900856948011696133727498,0.666666666666666666666666666666666666666666666666666666666667,0.666666666666666666666666666666666666666666666666666666666667,6,6,crash-downside|guardrail-floor-activation,
crash-primary,crash,0.5,frictionless,neutral_guarded_vs_dca,epsilon-dca,334.94942958709718073680160433393986109153948962858067627717,0.0696245859668404459900684228991856769439136680786511801749308,949.53242062760992385163350528125767624662245148612134610661,-9.9126288877502055341101919507631905670174671267345269327329,949.53242062760992385163350528125767624662245148612134610661,-614.58299104051274311483190094731781515508296185754066982944,0.158255403437934987308605584213542946041103741914353557684435,0,0.815472200009841760112935766252273635900856948011696133727498,1,0.666666666666666666666666666666666666666666666666666666666667,0,6,6,crash-downside|guardrail-floor-activation,
crash-primary,crash,0.5,proportional-10bps,corrected_guarded_vs_dca,outside-current-safety-theorem,367.04119987630145805308905673659406197653491144091581765016,0.0763716680970857440295728414769888188439499639588075208051178,634.676572112748397140596412685385978538021982139601619266836,-4.3166995522007570820565702572385792993788237209465451873657,634.676572112748397140596412685385978538021982139601619266836,-267.635372236446939087507355948791916561487070698685801616673,0.10577942868545806619009940211423099642300366368993360321114,0.000000000000000000000000000000000000000000000000000000000000166666666666666666666666666666666666666666666666666666666667,0.87731042272672941680080283810219597486055590093102777526969,1,0.666666666666666666666666666666666666666666666666666666666667,0,6,6,crash-downside|guardrail-floor-activation,
crash-primary,crash,0.5,proportional-10bps,corrected_guarded_vs_neutral_guarded,outside-current-safety-theorem,31.60252484575464343670015525847012822074341243492145010058,0.0061466469415106281712862564388121765697537922045642868939469,-314.795444251877357799266746814510329943143866346545507884754,5.5870640177037419554188210011771041639336657867978541610538,-314.795444251877357799266746814510329943143866346545507884754,346.397969097632001235966902072980458163887278781466957985336,0.10577942868545806619009940211423099642300366368993360321114,0.158245336060770959156643859916649384746860974747691187858598,0.87731042272672941680080283810219597486055590093102777526969,0.815329018996988458728580829931134307052729525469918129727624,0.666666666666666666666666666666666666666666666666666666666667,0.666666666666666666666666666666666666666666666666666666666667,6,6,crash-downside|guardrail-floor-activation,
crash-primary,crash,0.5,proportional-10bps,neutral_guarded_vs_dca,outside-current-safety-theorem,335.43867503054681461638890147812393375579149900599436754958,0.0697960097258639879195494298841474021742866810646795479963533,949.47201636462575493986315949989630848116584848614712715159,-9.9037635699044990374753912584156834633124895077443993484195,949.47201636462575493986315949989630848116584848614712715159,-614.033341334078940323474258021772374725374349480152759602009,0.158245336060770959156643859916649384746860974747691187858598,0.000000000000000000000000000000000000000000000000000000000000166666666666666666666666666666666666666666666666666666666667,0.815329018996988458728580829931134307052729525469918129727624,1,0.666666666666666666666666666666666666666666666666666666666667,0,6,6,crash-downside|guardrail-floor-activation,
crash-primary,crash,0.5,fixed-1-usd,corrected_guarded_vs_dca,outside-current-safety-theorem,366.6443501866090750824108804808681672606150222604554624654,0.0762891703515269359159674554013548765210252060047175892105675,634.654069623559217381553745974394190291923635376861125938556,-4.3227374102733893919216591208633229521178808567162203785994,634.654069623559217381553745974394190291923635376861125938556,-268.009719436950142299142865493526023031308613116405663473163,0.105775678270593202896925624329065698381987272562810187656426,0,0.877305246153727764522150357851499853020985885543554940995155,1,0.666666666666666666666666666666666666666666666666666666666667,0,6,6,crash-downside|guardrail-floor-activation,
crash-primary,crash,0.5,fixed-1-usd,corrected_guarded_vs_neutral_guarded,outside-current-safety-theorem,31.94387621425476045749426842223389939198128571321803854767,0.00621393730579384674960077718692630057357811538802225748263345,-314.758590234276695170644731058275915333229889555587903783869,5.5919752652988944456151451529114486246001802462710635859926,-314.758590234276695170644731058275915333229889555587903783869,346.702466448531455628138999480509814725211175268805942331541,0.105775678270593202896925624329065698381987272562810187656426,0.158235443309639318758699746172111684270858920822074838287071,0.877305246153727764522150357851499853020985885543554940995155,0.815313874054805088354824500327313640468830107354816947098273,0.666666666666666666666666666666666666666666666666666666666667,0.666666666666666666666666666666666666666666666666666666666667,6,6,crash-downside|guardrail-floor-activation,
crash-primary,crash,0.5,fixed-1-usd,neutral_guarded_vs_dca,outside-current-safety-theorem,334.70047397235431462491661205863426786863373654723742391773,0.069642479047114259560659551034415002338116068555357176172155,949.412659857835912552198477032670105625153524932449029722425,-9.914712675572283837536804273774771576718061102987283964592,949.412659857835912552198477032670105625153524932449029722425,-614.712185885481597927281864974035837756519788385211605804704,0.158235443309639318758699746172111684270858920822074838287071,0,0.815313874054805088354824500327313640468830107354816947098273,1,0.666666666666666666666666666666666666666666666666666666666667,0,6,6,crash-downside|guardrail-floor-activation,
sudden-rebound-primary,sudden-rebound,1,frictionless,corrected_guarded_vs_dca,epsilon-dca,0,0,0,0,0,0,0,0,1,1,1,0,5,5,rebound-missed-exposure|cash-drag,
sudden-rebound-primary,sudden-rebound,1,frictionless,corrected_guarded_vs_neutral_guarded,epsilon-dca,0,0,0,0,0,0,0,0,1,1,1,1,5,5,rebound-missed-exposure|cash-drag,
sudden-rebound-primary,sudden-rebound,1,frictionless,neutral_guarded_vs_dca,epsilon-dca,0,0,0,0,0,0,0,0,1,1,1,0,5,5,rebound-missed-exposure|cash-drag,
sudden-rebound-primary,sudden-rebound,1,proportional-10bps,corrected_guarded_vs_dca,outside-current-safety-theorem,0,0,0,0,0,0,0.0000000000000000000000000000000000000000000000000000000000002,0.0000000000000000000000000000000000000000000000000000000000002,1,1,1,0,5,5,rebound-missed-exposure|cash-drag,
sudden-rebound-primary,sudden-rebound,1,proportional-10bps,corrected_guarded_vs_neutral_guarded,outside-current-safety-theorem,0,0,0,0,0,0,0.0000000000000000000000000000000000000000000000000000000000002,0.0000000000000000000000000000000000000000000000000000000000002,1,1,1,1,5,5,rebound-missed-exposure|cash-drag,
sudden-rebound-primary,sudden-rebound,1,proportional-10bps,neutral_guarded_vs_dca,outside-current-safety-theorem,0,0,0,0,0,0,0.0000000000000000000000000000000000000000000000000000000000002,0.0000000000000000000000000000000000000000000000000000000000002,1,1,1,0,5,5,rebound-missed-exposure|cash-drag,
sudden-rebound-primary,sudden-rebound,1,fixed-1-usd,corrected_guarded_vs_dca,outside-current-safety-theorem,0,0,0,0,0,0,0,0,1,1,1,0,5,5,rebound-missed-exposure|cash-drag,
sudden-rebound-primary,sudden-rebound,1,fixed-1-usd,corrected_guarded_vs_neutral_guarded,outside-current-safety-theorem,0,0,0,0,0,0,0,0,1,1,1,1,5,5,rebound-missed-exposure|cash-drag,
sudden-rebound-primary,sudden-rebound,1,fixed-1-usd,neutral_guarded_vs_dca,outside-current-safety-theorem,0,0,0,0,0,0,0,0,1,1,1,0,5,5,rebound-missed-exposure|cash-drag,
sudden-rebound-primary,sudden-rebound,0.9,frictionless,corrected_guarded_vs_dca,epsilon-dca,-23.32829378752129268971150556870100663584036576293943794703,-0.0035759432228573458005029718659239321214970399484689316050303,349.808993474888172437042891326427307110900271521168577973091,-3.2446720631513866532761251903924201195368751068183305732185,349.808993474888172437042891326427307110900271521168577973091,-373.137287262409465126754396895128313746740637284108015920128,0.0699617986949776344874085782652854614221800543042337155946182,0,0.946186107692239955459434286949136883268956340301715262478974,1,1,0,5,5,rebound-missed-exposure|cash-drag,
sudden-rebound-primary,sudden-rebound,0.9,frictionless,corrected_guarded_vs_neutral_guarded,epsilon-dca,32.88001373554774353721945820436802959109059801012959827989,0.00508390872513965724000010182376236930950264533196281759351454,55.668742278715923633215140130255058307072520324996329169259,-0.1981628568971146095303972341381480757911471505640585294728,55.668742278715923633215140130255058307072520324996329169259,-22.788728543168180095995681925887028715981922314866730889372,0.0699617986949776344874085782652854614221800543042337155946182,0.0588280502392344497607655502392344497607655502392344497607664,0.946186107692239955459434286949136883268956340301715262478974,0.954520025402109849946121218494831710258490645680747217909842,1,1,5,5,rebound-missed-exposure|cash-drag,
sudden-rebound-primary,sudden-rebound,0.9,frictionless,neutral_guarded_vs_dca,epsilon-dca,-56.20830752306903622693096377306903622693096377306903622692,-0.00861604874261817791288107490069165495572543878375599680955812,294.140251196172248803827751196172248803827751196172248803832,-3.0465092062542720437457279562542720437457279562542720437457,294.140251196172248803827751196172248803827751196172248803832,-350.348558719241285030758714969241285030758714969241285030756,0.0588280502392344497607655502392344497607655502392344497607664,0,0.954520025402109849946121218494831710258490645680747217909842,1,1,0,5,5,rebound-missed-exposure|cash-drag,
sudden-rebound-primary,sudden-rebound,0.9,proportional-10bps,corrected_guarded_vs_dca,outside-current-safety-theorem,-22.9435663727344316009442818497454987465649980834633534458,-0.00352048616660371708869593148993545433842406574594121186721133,349.688492978326738089719208691446266720264011189540885687368,-3.2402787769657493016579433960103631779724261675913412098537,349.688492978326738089719208691446266720264011189540885687368,-372.632059351061169690663490541191765466829009273004239133176,0.0699376985956653476179438417382892533440528022379081771374738,0.0000000000000000000000000000000000000000000000000000000000002,0.946153846750501012932310190834175362947630609190009026295557,1,1,0,5,5,rebound-missed-exposure|cash-drag,
sudden-rebound-primary,sudden-rebound,0.9,proportional-10bps,corrected_guarded_vs_neutral_guarded,outside-current-safety-theorem,32.89533780133659222905109487536569897012853012612173776417,0.00509111757638643468342118968867788337299269748044885047253234,55.663343611050648984305025158284366870401217576896282475187,-0.1979826592149048413500341763732058078284581517458656061828,55.663343611050648984305025158284366870401217576896282475187,-22.768005809714056755253930282918667900272687450774544711022,0.0699376985956653476179438417382892533440528022379081771374738,0.0588050298734552178210828367066323799699725587225289206424364,0.946153846750501012932310190834175362947630609190009026295557,0.954494566528434801990541286274318439469256917475715475156078,1,1,5,5,rebound-missed-exposure|cash-drag,
sudden-rebound-primary,sudden-rebound,0.9,proportional-10bps,neutral_guarded_vs_dca,outside-current-safety-theorem,-55.83890417407102382999537672511119771669352820958509120997,-0.00856798313346518465090706408881750917165455279771415818649159,294.025149367276089105414183533161899849862793612644603212181,-3.0422961177508444603079092196371573701439680158454756036709,294.025149367276089105414183533161899849862793612644603212181,-349.864053541347112935409560258273097566556321822229694422154,0.0588050298734552178210828367066323799699725587225289206424364,0.0000000000000000000000000000000000000000000000000000000000002,0.954494566528434801990541286274318439469256917475715475156078,1,1,0,5,5,rebound-missed-exposure|cash-drag,
sudden-rebound-primary,sudden-rebound,0.9,fixed-1-usd,corrected_guarded_vs_dca,outside-current-safety-theorem,-23.30675335610027423556905886057527456624680950703593503142,-0.00357621755470798151793099431334260288863148486567599782638004,349.515289845435649372016740272669152172527555236067293258342,-3.2419308104481384661529199924629950151197770847226367677371,349.515289845435649372016740272669152172527555236067293258342,-372.822043201535923607585799133244426738774364743103228289766,0.0699030579690871298744033480545338304345055110472134586516684,0,0.946177453101038521440773261990092979465116126330889664970314,1,1,0,5,5,rebound-missed-exposure|cash-drag,
sudden-rebound-primary,sudden-rebound,0.9,fixed-1-usd,corrected_guarded_vs_neutral_guarded,outside-current-safety-theorem,32.86341643093834503989232186396334470921457121750268424404,0.00508644310438973408937146994085456324483278404158347925229716,55.627433984191630233260759411425133033771574374823274119591,-0.1979479787239416103771168482387981593439739404984399119613,55.627433984191630233260759411425133033771574374823274119591,-22.7640175532532851933684375474617883245570031573205898755495,0.0699030579690871298744033480545338304345055110472134586516684,0.0587775711722488038277511961722488038277511961722488038277502,0.946177453101038521440773261990092979465116126330889664970314,0.954513437120857898363320227433505191293441522935393933088401,1,1,5,5,rebound-missed-exposure|cash-drag,
sudden-rebound-primary,sudden-rebound,0.9,fixed-1-usd,neutral_guarded_vs_dca,outside-current-safety-theorem,-56.17016978703861927546138072453861927546138072453861927546,-0.00861882151384067481776677605006775662584005663723448594003929,293.887855861244019138755980861244019138755980861244019138751,-3.0439828317241968557758031442241968557758031442241968557758,293.887855861244019138755980861244019138755980861244019138751,-350.058025648282638414217361585782638414217361585782638414217,0.0587775711722488038277511961722488038277511961722488038277502,0,0.954513437120857898363320227433505191293441522935393933088401,1,1,0,5,5,rebound-missed-exposure|cash-drag,
sudden-rebound-primary,sudden-rebound,0.75,frictionless,corrected_guarded_vs_dca,epsilon-dca,-57.6346913370047181984722186463305795283733673454968576157,-0.00883469600328347142152602640936193949951058819369082881420864,874.903992549656111737713733014374740426025085551730321995257,-8.1090320337970506950972691448756984343860735034541493879214,874.903992549656111737713733014374740426025085551730321995257,-932.538683886660829936185951660705319954398452897227179610961,0.174980798509931222347542746602874948085205017110346064399051,0,0.864692476289808981342271465182566968603716771228368397007279,1,0.8,0,5,5,rebound-missed-exposure|cash-drag,
sudden-rebound-primary,sudden-rebound,0.75,frictionless,corrected_guarded_vs_neutral_guarded,epsilon-dca,82.88607747066787236885519078634201103895404208717573295161,0.0129851270727313335294586386445642529610474474628689783531471,139.553364559225489728144355023944118416455707561299699985682,-0.4927590181613705857329492542400183250217536128184692785571,139.553364559225489728144355023944118416455707561299699985682,-56.6672870885576173592891642376021073775016654741239670340665,0.174980798509931222347542746602874948085205017110346064399051,0.147070125598086124401913875598086124401913875598086124401915,0.864692476289808981342271465182566968603716771228368397007279,0.884798247922304675447736233425209067547108742554042859706617,0.8,1,5,5,rebound-missed-exposure|cash-drag,
sudden-rebound-primary,sudden-rebound,0.75,frictionless,neutral_guarded_vs_dca,epsilon-dca,-140.52076880767259056732740943267259056732740943267259056731,-0.0215401218565454447822026872517291373893135969593899920238968,735.350627990430622009569377990430622009569377990430622009575,-7.6162730156356801093643198906356801093643198906356801093643,735.350627990430622009569377990430622009569377990430622009575,-875.871396798103212576896787423103212576896787423103212576894,0.147070125598086124401913875598086124401913875598086124401915,0,0.884798247922304675447736233425209067547108742554042859706617,1,1,0,5,5,rebound-missed-exposure|cash-drag,
sudden-rebound-primary,sudden-rebound,0.75,proportional-10bps,corrected_guarded_vs_dca,outside-current-safety-theorem,-56.68048084835198253455256028932341478507691959906785727766,-0.00869711558793239194201659878632128214690935675505614954441026,874.577276560933609006583664023439507591335488091796613308248,-8.0978935426894399264446628201109819337079339799205606137906,874.577276560933609006583664023439507591335488091796613308248,-931.257757409285591541136224312762922376412407690864470585919,0.17491545531218672180131673280468790151826709761835932266165,0.0000000000000000000000000000000000000000000000000000000000002,0.864626538021694956205697586510160609167334983336732847540747,1,0.8,0,5,5,rebound-missed-exposure|cash-drag,
sudden-rebound-primary,sudden-rebound,0.75,proportional-10bps,corrected_guarded_vs_neutral_guarded,outside-current-safety-theorem,82.91677958682557704043588152345457950665690092489487074729,0.0130013301901858804989909544691946717243651024534579580357726,139.514403142743386243048205190534757966678504060185105277796,-0.4921532483123287756748897710180885083480139403068716046132,139.514403142743386243048205190534757966678504060185105277796,-56.597623555917809202612323667080178460021603135290234530518,0.17491545531218672180131673280468790151826709761835932266165,0.147012574683638044552707091766580949924931396806322301606091,0.864626538021694956205697586510160609167334983336732847540747,0.884742326276077993807498707032542135897296740063708118781221,0.8,1,5,5,rebound-missed-exposure|cash-drag,
sudden-rebound-primary,sudden-rebound,0.75,proportional-10bps,neutral_guarded_vs_dca,outside-current-safety-theorem,-139.59726043517755957498844181277799429173382052396272802495,-0.0214199578336629616272676602220437729291363819942853954662328,735.062873418190222763535458832904749624656984031611508030452,-7.6057402943771111507697730490928934253599200396136890091774,735.062873418190222763535458832904749624656984031611508030452,-874.660133853367782338523900645682743916390804555574236055401,0.147012574683638044552707091766580949924931396806322301606091,0.0000000000000000000000000000000000000000000000000000000000002,0.884742326276077993807498707032542135897296740063708118781221,1,1,0,5,5,rebound-missed-exposure|cash-drag,
sudden-rebound-primary,sudden-rebound,0.75,fixed-1-usd,corrected_guarded_vs_dca,outside-current-safety-theorem,-57.59064331805490039052453210111060170977107038363446487253,-0.00883678075938650910361122288123431339480945545896186845467177,874.16428199062384759390331956352432007130495978444034990452,-8.1022167418145978085602421883881297546180524362441288241483,874.16428199062384759390331956352432007130495978444034990452,-931.754925308678747984427851664634921781076030168074814777054,0.174832856398124769518780663912704864014260991956888069980904,0,0.864671262494453114466279644669356726584554800012263741622324,1,0.8,0,5,5,rebound-missed-exposure|cash-drag,
sudden-rebound-primary,sudden-rebound,0.75,fixed-1-usd,corrected_guarded_vs_neutral_guarded,outside-current-safety-theorem,82.83478114954164779812891971023594647888238142771208331612,0.0129901729811104443193871587631524457236562353348250692307207,139.444642337513799747013367410414272224415007631330302057631,-0.4922596625041056691207343278276376151785445756836366847088,139.444642337513799747013367410414272224415007631330302057631,-56.609861187972151948884447700178325745532626203618218741512,0.174832856398124769518780663912704864014260991956888069980904,0.146943927930622009569377990430622009569377990430622009569378,0.864671262494453114466279644669356726584554800012263741622324,0.884781065643391962785891369265298469520571181321062317790606,0.8,1,5,5,rebound-missed-exposure|cash-drag,
sudden-rebound-primary,sudden-rebound,0.75,fixed-1-usd,neutral_guarded_vs_dca,outside-current-safety-theorem,-140.42542446759654818865345181134654818865345181134654818865,-0.0215470537846016870444169401251693915646001415930862148500982,734.719639653110047846889952153110047846889952153110047846889,-7.6099570793104921394395078605604921394395078605604921394395,734.719639653110047846889952153110047846889952153110047846889,-875.145064120706596035543403964456596035543403964456596035542,0.146943927930622009569377990430622009569377990430622009569378,0,0.884781065643391962785891369265298469520571181321062317790606,1,1,0,5,5,rebound-missed-exposure|cash-drag,
sudden-rebound-primary,sudden-rebound,0.5,frictionless,corrected_guarded_vs_dca,epsilon-dca,-85.39111431931479304161608060928237038502248238268281335771,-0.0130894174826334534912017273359043819175161602319607147259069,1036.71112864431760405201001273549526186895683803419480689529,-9.7574108083794121486402268986502402804693853949293706108957,1036.71112864431760405201001273549526186895683803419480689529,-1122.10224296363239709362609334477763225397932041687762025301,0.207342225728863520810402002547099052373791367606838961379058,0,0.838977118788105121715775815583762660120660611926427164094227,1,0.6,0,5,5,rebound-missed-exposure|cash-drag,
sudden-rebound-primary,sudden-rebound,0.5,frictionless,corrected_guarded_vs_neutral_guarded,epsilon-dca,173.35315847203859041703053593207101307362413415867057010094,0.0276704001336416247252564999279123900030986079994271082613926,126.76047074958076194674685484075841976369368013945796479003,0.4051538062822419866981189660114138548689604697322835244427,126.76047074958076194674685484075841976369368013945796479003,46.5926877224578284702836810913125933099304540192126053109105,0.207342225728863520810402002547099052373791367606838961379058,0.181990131578947368421052631578947368421052631578947368421052,0.838977118788105121715775815583762660120660611926427164094227,0.854754888646121387484566865200893682640804011358331192901903,0.6,0.6,5,5,rebound-missed-exposure|cash-drag,
sudden-rebound-primary,sudden-rebound,0.5,frictionless,neutral_guarded_vs_dca,epsilon-dca,-258.74427279135338345864661654135338345864661654135338345865,-0.0396623446690442169342174711963233974782949218826740499076009,909.95065789473684210526315789473684210526315789473684210526,-10.1625646146616541353383458646616541353383458646616541353384,909.95065789473684210526315789473684210526315789473684210526,-1168.69493068609022556390977443609022556390977443609022556392,0.181990131578947368421052631578947368421052631578947368421052,0,0.854754888646121387484566865200893682640804011358331192901903,1,0.6,0,5,5,rebound-missed-exposure|cash-drag,
sudden-rebound-primary,sudden-rebound,0.5,proportional-10bps,corrected_guarded_vs_dca,outside-current-safety-theorem,-84.24072752837673697225846743322610161554787087463247194493,-0.0129259902802520585392451179577687974895803923219543823380466,1036.67110204198979458271428484024917509854768623845055453707,-9.7470593875684046222171543675954371888182222357659393607131,1036.67110204198979458271428484024917509854768623845055453707,-1120.91182957036653155497275227347527671409555711308302648201,0.207334220408397958916542856968049835019709537247690110907414,0.0000000000000000000000000000000000000000000000000000000000002,0.838849004848135362410144452386973633133504590889855063291264,1,0.6,0,5,5,rebound-missed-exposure|cash-drag,
sudden-rebound-primary,sudden-rebound,0.5,proportional-10bps,corrected_guarded_vs_neutral_guarded,outside-current-safety-theorem,173.26246330784950508736212955364983326587914860369521084607,0.0276792338445029415946059864988193004601321866140051351050034,126.76239269176800942744156450101640093228595491020679135982,0.4043484401398390926949614352402907159442886408129427781413,126.76239269176800942744156450101640093228595491020679135982,46.5000706160814956599205650526334323335931936934884194862495,0.207334220408397958916542856968049835019709537247690110907414,0.18198174187004435703105454406784655483325234626564875263545,0.838849004848135362410144452386973633133504590889855063291264,0.854639167293233107196811769211875175645602637450361731081092,0.6,0.6,5,5,rebound-missed-exposure|cash-drag,
sudden-rebound-primary,sudden-rebound,0.5,proportional-10bps,neutral_guarded_vs_dca,outside-current-safety-theorem,-257.503190836226242059620596986875934881427019478327682791,-0.0395115740276784980439938295445964910107654313683442001252766,909.908709350221785155272720339232774166261731328243763177249,-10.1514078277082437149121158028357279047625108765788821388544,909.908709350221785155272720339232774166261731328243763177249,-1167.41190018644802721489331732610870904768875080657144596826,0.18198174187004435703105454406784655483325234626564875263545,0.0000000000000000000000000000000000000000000000000000000000002,0.854639167293233107196811769211875175645602637450361731081092,1,0.6,0,5,5,rebound-missed-exposure|cash-drag,
sudden-rebound-primary,sudden-rebound,0.5,fixed-1-usd,corrected_guarded_vs_dca,outside-current-safety-theorem,-85.34056834337973316753677868923790243002833519536765133259,-0.0130947641645020967326131531414174718827849177076871770890459,1036.63357650626390345885584286189262796203993132557413859973,-9.7562969117360316228381967091402654816701588393125373037593,1036.63357650626390345885584286189262796203993132557413859973,-1121.97414484964363662639262155113053039206826652094178993232,0.207326715301252780691771168572378525592407986265114827719946,0,0.838827119077012048846314744657814831360286158274029653777405,1,0.6,0,5,5,rebound-missed-exposure|cash-drag,
sudden-rebound-primary,sudden-rebound,0.5,fixed-1-usd,corrected_guarded_vs_neutral_guarded,outside-current-safety-theorem,173.26013080327952862330395951992135936081240301379161045823,0.0276837438458179256410378485430059985354314843436390198345045,126.76597782205337714306636917768210164625045764136361228394,0.4042969824454447954803268725412109366483647423689391145591,126.76597782205337714306636917768210164625045764136361228394,46.4941529812261514802375903422392577145619453724279981742965,0.207326715301252780691771168572378525592407986265114827719946,0.181973519736842105263157894736842105263157894736842105263158,0.838827119077012048846314744657814831360286158274029653777405,0.854620093966208816157714455658166154402299701124172957257993,0.6,0.6,5,5,rebound-missed-exposure|cash-drag,
sudden-rebound-primary,sudden-rebound,0.5,fixed-1-usd,neutral_guarded_vs_dca,outside-current-safety-theorem,-258.60069914665926179084073820915926179084073820915926179082,-0.0396800165951033761247099015964982114359153405374187503531271,909.86759868421052631578947368421052631578947368421052631579,-10.1605938941814764183185235816814764183185235816814764183184,909.86759868421052631578947368421052631578947368421052631579,-1168.46829783086978810663021189336978810663021189336978810662,0.181973519736842105263157894736842105263157894736842105263158,0,0.854620093966208816157714455658166154402299701124172957257993,1,0.6,0,5,5,rebound-missed-exposure|cash-drag,
prolonged-drawdown-primary,prolonged-drawdown,1,frictionless,corrected_guarded_vs_dca,epsilon-dca,0,0,0,0,0,0,0,0,1,1,1,0,7,7,sustained-low-price-exposure|carried-cash,
prolonged-drawdown-primary,prolonged-drawdown,1,frictionless,corrected_guarded_vs_neutral_guarded,epsilon-dca,0,0,0,0,0,0,0,0,1,1,1,1,7,7,sustained-low-price-exposure|carried-cash,
prolonged-drawdown-primary,prolonged-drawdown,1,frictionless,neutral_guarded_vs_dca,epsilon-dca,0,0,0,0,0,0,0,0,1,1,1,0,7,7,sustained-low-price-exposure|carried-cash,
prolonged-drawdown-primary,prolonged-drawdown,1,proportional-10bps,corrected_guarded_vs_dca,outside-current-safety-theorem,0,0,0,0,0,0,0.000000000000000000000000000000000000000000000000000000000000142857142857142857142857142857142857142857142857142857142857,0.000000000000000000000000000000000000000000000000000000000000142857142857142857142857142857142857142857142857142857142857,1,1,1,0,7,7,sustained-low-price-exposure|carried-cash,
prolonged-drawdown-primary,prolonged-drawdown,1,proportional-10bps,corrected_guarded_vs_neutral_guarded,outside-current-safety-theorem,0,0,0,0,0,0,0.000000000000000000000000000000000000000000000000000000000000142857142857142857142857142857142857142857142857142857142857,0.000000000000000000000000000000000000000000000000000000000000142857142857142857142857142857142857142857142857142857142857,1,1,1,1,7,7,sustained-low-price-exposure|carried-cash,
prolonged-drawdown-primary,prolonged-drawdown,1,proportional-10bps,neutral_guarded_vs_dca,outside-current-safety-theorem,0,0,0,0,0,0,0.000000000000000000000000000000000000000000000000000000000000142857142857142857142857142857142857142857142857142857142857,0.000000000000000000000000000000000000000000000000000000000000142857142857142857142857142857142857142857142857142857142857,1,1,1,0,7,7,sustained-low-price-exposure|carried-cash,
prolonged-drawdown-primary,prolonged-drawdown,1,fixed-1-usd,corrected_guarded_vs_dca,outside-current-safety-theorem,0,0,0,0,0,0,0,0,1,1,1,0,7,7,sustained-low-price-exposure|carried-cash,
prolonged-drawdown-primary,prolonged-drawdown,1,fixed-1-usd,corrected_guarded_vs_neutral_guarded,outside-current-safety-theorem,0,0,0,0,0,0,0,0,1,1,1,1,7,7,sustained-low-price-exposure|carried-cash,
prolonged-drawdown-primary,prolonged-drawdown,1,fixed-1-usd,neutral_guarded_vs_dca,outside-current-safety-theorem,0,0,0,0,0,0,0,0,1,1,1,0,7,7,sustained-low-price-exposure|carried-cash,
prolonged-drawdown-primary,prolonged-drawdown,0.9,frictionless,corrected_guarded_vs_dca,epsilon-dca,-5.89810838110509931314090701970515792743321105732462136283,-0.000829789432895761220943164629879808624712330859041008980893914,345.060713192807841692504783930774358628265260444041733752906,-3.8995424619323660111738410105608835172855385722374039457304,345.060713192807841692504783930774358628265260444041733752906,-350.958821573912941005645690950479516555698471501366355115736,0.0492943875989725488132149691329677655183236086348631048218437,0,0.951413995125056538156864948486206219720951663130082254310455,1,1,0,7,7,sustained-low-price-exposure|carried-cash,
prolonged-drawdown-primary,prolonged-drawdown,0.9,frictionless,corrected_guarded_vs_neutral_guarded,epsilon-dca,-0.55034193130818412885126075014497158102017884802268465772,-0.0000774844625443324219582153236705013724237056159841889321532379,-3.700109000750632353774140396930456881428298030004545171417,0.0349974118826938691658097738531720588934235464664651168188,-3.700109000750632353774140396930456881428298030004545171417,3.149767069442448224922879646785485300408119181981860513692,0.0492943875989725488132149691329677655183236086348631048218437,0.0498229745990797820066112749039578307870990797820066112749033,0.951413995125056538156864948486206219720951663130082254310455,0.950896809189241048085896103017420232099972437286528332386026,1,1,7,7,sustained-low-price-exposure|carried-cash,
prolonged-drawdown-primary,prolonged-drawdown,0.9,frictionless,neutral_guarded_vs_dca,epsilon-dca,-5.34776644979691518428964626956018634641303220930193670511,-0.000752363266814796041629092358933477439882783804193884992337779,348.760822193558474046278924327704815509693558474046278924323,-3.9345398738150598803396507844140555761789621187038690625492,348.760822193558474046278924327704815509693558474046278924323,-354.108588643355389230568570597265001856106590683348215629428,0.0498229745990797820066112749039578307870990797820066112749033,0,0.950896809189241048085896103017420232099972437286528332386026,1,1,0,7,7,sustained-low-price-exposure|carried-cash,
prolonged-drawdown-primary,prolonged-drawdown,0.9,proportional-10bps,corrected_guarded_vs_dca,outside-current-safety-theorem,-5.53694984057392007787664432124301763265711430745570742328,-0.000779757961956708019224059854786240176974725550497814045879235,344.903322262907972994630113681056053761824447067090650300374,-3.8937808011497988119167417555811007932720173486060706413739,344.903322262907972994630113681056053761824447067090650300374,-350.440272103481893072506758002299071394481561374546357723651,0.0492719031804154247135185876687222933945463495810129500429107,0.000000000000000000000000000000000000000000000000000000000000142857142857142857142857142857142857142857142857142857142857,0.951390026636963006840193504065197355118630740310363212790854,1,1,0,7,7,sustained-low-price-exposure|carried-cash,
prolonged-drawdown-primary,prolonged-drawdown,0.9,proportional-10bps,corrected_guarded_vs_neutral_guarded,outside-current-safety-theorem,-0.5526411609986082734813872488927819041702160122401019898,-0.0000778820561240884959708881382329105394216914378875862258936705,-3.706077002968522435969858775072568901237063699898650018414,0.0350381760218879351387607947353309666340760854184283114292,-3.706077002968522435969858775072568901237063699898650018414,3.153435841969914162488471526179786997066847687658548028628,0.0492719031804154247135185876687222933945463495810129500429107,0.0498013427522680707757999960651612318090087872524270429026841,0.951390026636963006840193504065197355118630740310363212790854,0.95087152619984065656261562014989206487397128495995922952163,1,1,7,7,sustained-low-price-exposure|carried-cash,
prolonged-drawdown-primary,prolonged-drawdown,0.9,proportional-10bps,neutral_guarded_vs_dca,outside-current-safety-theorem,-4.98430867957531180439525707235023572848689829521560543348,-0.000701930573628950106777766587725249296987333015420608171141367,348.609399265876495430599972456128622663061510766989300318788,-3.9288189771716867470555025503164317599060934340244989528031,348.609399265876495430599972456128622663061510766989300318788,-353.593707945451807234995229528478858391548409062204905752279,0.0498013427522680707757999960651612318090087872524270429026841,0.000000000000000000000000000000000000000000000000000000000000142857142857142857142857142857142857142857142857142857142857,0.95087152619984065656261562014989206487397128495995922952163,1,1,0,7,7,sustained-low-price-exposure|carried-cash,
prolonged-drawdown-primary,prolonged-drawdown,0.9,fixed-1-usd,corrected_guarded_vs_dca,outside-current-safety-theorem,-5.88043155245907657125743118276738988326386008359915030169,-0.000828130656790280293412127611784925100780099926789193718705401,344.771482814538582993929656809362531001531709516684754669847,-3.8961323818555295507243009776903324542755063288920433885727,344.771482814538582993929656809362531001531709516684754669847,-350.651914366997659565187087992129920884795569600283904971543,0.0492530689735055118562756652584803615716473870738121078099781,0,0.951406206782395535429228470412737741702671914692100936104015,1,1,0,7,7,sustained-low-price-exposure|carried-cash,
prolonged-drawdown-primary,prolonged-drawdown,0.9,fixed-1-usd,corrected_guarded_vs_neutral_guarded,outside-current-safety-theorem,-0.55062863360343735155795323364812082138360738555592141199,-0.0000776022927640642157003770396506400368469935730915680568689953,-3.697377361743468288121625241919520280519572534597296612209,0.0349638747571114548507074667585711051015107238782375022247,-3.697377361743468288121625241919520280519572534597296612209,3.146748728140030936563672008271399459135965149041375200223,0.0492530689735055118562756652584803615716473870738121078099781,0.0497812657394688644688644688644688644688644688644688644688651,0.951406206782395535429228470412737741702671914692100936104015,0.950888891611773265000774321352338301217094490815709596884102,1,1,7,7,sustained-low-price-exposure|carried-cash,
prolonged-drawdown-primary,prolonged-drawdown,0.9,fixed-1-usd,neutral_guarded_vs_dca,outside-current-safety-theorem,-5.3298029188556392196994779491192690618802526980432288897,-0.00075058661126816849698421255906262088650904311429970275569956,348.468860176282051282051282051282051282051282051282051282056,-3.9310962566126410055750084444489035593770170527702808907974,348.468860176282051282051282051282051282051282051282051282056,-353.798663095137690501750760000401320343931534749325280171766,0.0497812657394688644688644688644688644688644688644688644688651,0,0.950888891611773265000774321352338301217094490815709596884102,1,1,0,7,7,sustained-low-price-exposure|carried-cash,
prolonged-drawdown-primary,prolonged-drawdown,0.75,frictionless,corrected_guarded_vs_dca,epsilon-dca,-14.04061201272475455679449361551524405154881317871450154262,-0.00197533696004503448910206190366528438833791601382829060969764,831.646789620347880284719906742039262821157714667834052345321,-9.3965266848119181649057155595283834096967391982949839320882,831.646789620347880284719906742039262821157714667834052345321,-845.687401633072634841514400357554506872706527846548553887938,0.118806684231478268612102843820291323260165387809690578906474,0,0.882766213341019668911025126854704238644669792288822343657514,1,0.857142857142857142857142857142857142857142857142857142857143,0,7,7,sustained-low-price-exposure|carried-cash,
prolonged-drawdown-primary,prolonged-drawdown,0.75,frictionless,corrected_guarded_vs_neutral_guarded,epsilon-dca,-0.93555162119809016427644256087882356146978651432198349156,-0.000131863428062801108337486382480117638029919701351456992059327,-28.623613613060867829910560829604779411119811727339401651659,0.3076451332429197518403790918747328427738891690335268684455,-28.623613613060867829910560829604779411119811727339401651659,27.688061991862777665634118268725955849650025213017418160095,0.118806684231478268612102843820291323260165387809690578906474,0.12289577189048696401637578108166343460461107519931049342814,0.882766213341019668911025126854704238644669792288822343657514,0.87874725257163920857818264491994301273163794309284639770585,0.857142857142857142857142857142857142857142857142857142857143,0.857142857142857142857142857142857142857142857142857142857143,7,7,sustained-low-price-exposure|carried-cash,
prolonged-drawdown-primary,prolonged-drawdown,0.75,frictionless,neutral_guarded_vs_dca,epsilon-dca,-13.10506039152666439251805105463642049007902666439251805106,-0.00184371665078018172185001087986098620649589160710738225769112,860.27040323340874811463046757164404223227752639517345399698,-9.7041718180548379167460946514031162524706283673285108005337,860.27040323340874811463046757164404223227752639517345399698,-873.375463624935412507148518626280462722356553059565972048033,0.12289577189048696401637578108166343460461107519931049342814,0,0.87874725257163920857818264491994301273163794309284639770585,1,0.857142857142857142857142857142857142857142857142857142857143,0,7,7,sustained-low-price-exposure|carried-cash,
prolonged-drawdown-primary,prolonged-drawdown,0.75,proportional-10bps,corrected_guarded_vs_dca,outside-current-safety-theorem,-13.17452085522158282720988387231951479663187922226460868631,-0.00185534235050229552989318540313302071413465424572893001654275,831.489529090099487158787438031481178516464498495628802115249,-9.3851561105035674442888591322644521479232930857543712311285,831.489529090099487158787438031481178516464498495628802115249,-844.664049945321069985997321903800693313096377717893410801565,0.118784218441442783879826776861640168359494928356518400302179,0.000000000000000000000000000000000000000000000000000000000000142857142857142857142857142857142857142857142857142857142857,0.88268527508189303318192070932792230582107103952715451443084,1,0.857142857142857142857142857142857142857142857142857142857143,0,7,7,sustained-low-price-exposure|carried-cash,
prolonged-drawdown-primary,prolonged-drawdown,0.75,proportional-10bps,corrected_guarded_vs_neutral_guarded,outside-current-safety-theorem,-0.96134896460472197885499739088982065088559673219657559096,-0.000135618177159113879073606224660322906497113680311935500289521,-28.626766189959362738822183434787023425244607612604004508781,0.3073935247261626751107465115988578086039890097823047657536,-28.626766189959362738822183434787023425244607612604004508781,27.665417225354640759967186043897202774359010880407428917824,0.118784218441442783879826776861640168359494928356518400302179,0.12287375646857983569965851735232402884881558658689040094629,0.88268527508189303318192070932792230582107103952715451443084,0.878662786973829363483535570642360651019928883784335686048362,0.857142857142857142857142857142857142857142857142857142857143,0.857142857142857142857142857142857142857142857142857142857143,7,7,sustained-low-price-exposure|carried-cash,
prolonged-drawdown-primary,prolonged-drawdown,0.75,proportional-10bps,neutral_guarded_vs_dca,outside-current-safety-theorem,-12.21317189061686084835488648142969414574628249006803309535,-0.0017199574308347427313157258077151789065132804230002980738299,860.11629528005884989760962146626820194170910610823280662403,-9.6925496352297301193996056438633099565272820955366759968821,860.11629528005884989760962146626820194170910610823280662403,-872.329467170675710745964507947697896087455388598300839719389,0.12287375646857983569965851735232402884881558658689040094629,0.000000000000000000000000000000000000000000000000000000000000142857142857142857142857142857142857142857142857142857142857,0.878662786973829363483535570642360651019928883784335686048362,1,0.857142857142857142857142857142857142857142857142857142857143,0,7,7,sustained-low-price-exposure|carried-cash,
prolonged-drawdown-primary,prolonged-drawdown,0.75,fixed-1-usd,corrected_guarded_vs_dca,outside-current-safety-theorem,-14.00674399972545165274469824779167486874164783868685775153,-0.00197254470263076481026942123678648781008438636417894243534004,831.377972253767907367273434821827134569437169498027094558238,-9.3931635139277039891113125896624312159797646370745994701086,831.377972253767907367273434821827134569437169498027094558238,-845.384716253493359020018133069618809438178817336713952309774,0.118768281750538272481039062117403876367062452785432442079748,0,0.882687122416671718228733843017876758296851100508603371573507,1,0.857142857142857142857142857142857142857142857142857142857143,0,7,7,sustained-low-price-exposure|carried-cash,
prolonged-drawdown-primary,prolonged-drawdown,0.75,fixed-1-usd,corrected_guarded_vs_neutral_guarded,outside-current-safety-theorem,-0.93653472916149414922478439789217217153450299883039666122,-0.000132133723153533576132857776003477357527058313145179269052167,-28.605065017631036825788405298836515505977611799107143752472,0.3074281143163282519618180100104927037160345422252971899028,-28.605065017631036825788405298836515505977611799107143752472,27.668530288469542676563620900944343334443108800276747091252,0.118768281750538272481039062117403876367062452785432442079748,0.122854719610199849170437405731523378582202111613876319758673,0.882687122416671718228733843017876758296851100508603371573507,0.878666794700403072529520065967467365392182476676848946019383,0.857142857142857142857142857142857142857142857142857142857143,0.857142857142857142857142857142857142857142857142857142857143,7,7,sustained-low-price-exposure|carried-cash,
prolonged-drawdown-primary,prolonged-drawdown,0.75,fixed-1-usd,neutral_guarded_vs_dca,outside-current-safety-theorem,-13.07020927056395750351991384989950269720714483985646109031,-0.00184065419196865421133732397339178237386483842371625677494845,859.98303727139894419306184012066365007541478129713423831071,-9.7005916282440322410731305996729239196957991792998966600114,859.98303727139894419306184012066365007541478129713423831071,-873.053246541962901696581753970563152772621926136990699401026,0.122854719610199849170437405731523378582202111613876319758673,0,0.878666794700403072529520065967467365392182476676848946019383,1,0.857142857142857142857142857142857142857142857142857142857143,0,7,7,sustained-low-price-exposure|carried-cash,
prolonged-drawdown-primary,prolonged-drawdown,0.5,frictionless,corrected_guarded_vs_dca,epsilon-dca,40.32456350220088952292209219790199705687813296043666941355,0.0056731573104784122086108408604556851345144283969695748796114,909.834492229596856265485722052378998724886890838105709058349,-9.6612214303043996304729292206053000185334306430852115516089,909.834492229596856265485722052378998724886890838105709058349,-869.509928727395966742563629854477001668008757877669039644801,0.129976356032799550895069388864625571246412412976872244151193,0,0.872719846640975286466984586086021544502675514496071631114083,1,0.428571428571428571428571428571428571428571428571428571428571,0,7,7,sustained-low-price-exposure|carried-cash,
prolonged-drawdown-primary,prolonged-drawdown,0.5,frictionless,corrected_guarded_vs_neutral_guarded,epsilon-dca,2.64872563690009156430490832964208862480327333894864046497,0.000370677496546281215251220312751153038380986623963465870366198,-70.992330687069810401180944614287667941779775828560957608316,0.818233959155221132949842810488108406295367212972328867481,-70.992330687069810401180944614287667941779775828560957608316,73.64105632396990196548585294392975656658304916750959807329,0.129976356032799550895069388864625571246412412976872244151193,0.140118117559523809523809523809523809523809523809523809523809,0.872719846640975286466984586086021544502675514496071631114083,0.862737602491100758407674683124174914659893506541262502416595,0.428571428571428571428571428571428571428571428571428571428571,0.428571428571428571428571428571428571428571428571428571428571,7,7,sustained-low-price-exposure|carried-cash,
prolonged-drawdown-primary,prolonged-drawdown,0.5,frictionless,neutral_guarded_vs_dca,epsilon-dca,37.67583786530079795861718386825990843207485962148802894858,0.00530051503228955596981248210533702732226630509699167579771683,980.826822916666666666666666666666666666666666666666666666665,-10.4794553894596207634227720310934084248287978560575404190899,980.826822916666666666666666666666666666666666666666666666665,-943.150985051365868708049482798406758234591807045178637718091,0.140118117559523809523809523809523809523809523809523809523809,0,0.862737602491100758407674683124174914659893506541262502416595,1,0.428571428571428571428571428571428571428571428571428571428571,0,7,7,sustained-low-price-exposure|carried-cash,
prolonged-drawdown-primary,prolonged-drawdown,0.5,proportional-10bps,corrected_guarded_vs_dca,outside-current-safety-theorem,41.16626948384022799041185674604770455455389871580847209721,0.0057973662970283750751184995791158416453802363459987753935104,909.825134868401511656299494407285429775677301280924743992006,-9.6517651709395698185098626406804191691235933618346252432756,909.825134868401511656299494407285429775677301280924743992006,-868.658865384561283665887637661237725221123402565116271894804,0.129975019266914501665185642058183632825096757325846391998858,0.000000000000000000000000000000000000000000000000000000000000142857142857142857142857142857142857142857142857142857142857,0.872609610603947374300171121450008872517874197683133101538889,1,0.428571428571428571428571428571428571428571428571428571428571,0,7,7,sustained-low-price-exposure|carried-cash,
prolonged-drawdown-primary,prolonged-drawdown,0.5,proportional-10bps,corrected_guarded_vs_neutral_guarded,outside-current-safety-theorem,2.57651559109988524177944766808559412877471616325526620855,0.000360884484893985623530116464638249431373306173336649750960355,-70.988482343973193225897895282611752628997610886494915935148,0.8173888659452564274186371438966371861974703005527798015966,-70.988482343973193225897895282611752628997610886494915935148,73.564997935073078467677342950697346757772327049750182143694,0.129975019266914501665185642058183632825096757325846391998858,0.140116231030339243554599627098556740343524987452488522846736,0.872609610603947374300171121450008872517874197683133101538889,0.862620502570452928953299495785181899392449994373493335936772,0.428571428571428571428571428571428571428571428571428571428571,0.428571428571428571428571428571428571428571428571428571428571,7,7,sustained-low-price-exposure|carried-cash,
prolonged-drawdown-primary,prolonged-drawdown,0.5,proportional-10bps,neutral_guarded_vs_dca,outside-current-safety-theorem,38.58975389274034274863240907796211042577918255255320588866,0.00543452057797496119268595242536647120993440958186183650201456,980.813617212374704882197389689897182404674912167419659927154,-10.4691540368848262459284997845770563553210636623874050448722,980.813617212374704882197389689897182404674912167419659927154,-942.223863319634362133564980611935071978895729614866454038498,0.140116231030339243554599627098556740343524987452488522846736,0.000000000000000000000000000000000000000000000000000000000000142857142857142857142857142857142857142857142857142857142857,0.862620502570452928953299495785181899392449994373493335936772,1,0.428571428571428571428571428571428571428571428571428571428571,0,7,7,sustained-low-price-exposure|carried-cash,
prolonged-drawdown-primary,prolonged-drawdown,0.5,fixed-1-usd,corrected_guarded_vs_dca,outside-current-safety-theorem,40.27345805882692321941497255602649336680710824181037449144,0.00567163905845059144313007157363064123564733049878791563464397,909.817997935977124876054781143546088286514754703527379357288,-9.6616059986350022406293312065279954991078627384635222762872,909.817997935977124876054781143546088286514754703527379357288,-869.544539877150201656639808587519594919707646461717004865848,0.129973999705139589268007825877649441183787822100503911336755,0,0.872594556495915083118770910601432730043296707265333469471087,1,0.428571428571428571428571428571428571428571428571428571428571,0,7,7,sustained-low-price-exposure|carried-cash,
prolonged-drawdown-primary,prolonged-drawdown,0.5,fixed-1-usd,corrected_guarded_vs_neutral_guarded,outside-current-safety-theorem,2.65330024629687644887322353508091574978042378327512686009,0.000371690319834441223505234261295532671273624173225812730183903,-70.983499459856208457278552189787245046818578629805953976042,0.8181866634017009434016863969429795644066555823675675648459,-70.983499459856208457278552189787245046818578629805953976042,73.636799706153084906151775724868160796599002413081080836131,0.129973999705139589268007825877649441183787822100503911336755,0.14011449962797619047619047619047619047619047619047619047619,0.872594556495915083118770910601432730043296707265333469471087,0.862603403904268756132291972511163980187832605809554048324158,0.428571428571428571428571428571428571428571428571428571428571,0.428571428571428571428571428571428571428571428571428571428571,7,7,sustained-low-price-exposure|carried-cash,
prolonged-drawdown-primary,prolonged-drawdown,0.5,fixed-1-usd,neutral_guarded_vs_dca,outside-current-safety-theorem,37.62015781253004677054174902094557761702668445853524763135,0.00529797953090983002202183815264622901658364853140195567631428,980.80149739583333333333333333333333333333333333333333333333,-10.4797926620367031840310176034709750635145183208310898411331,980.80149739583333333333333333333333333333333333333333333333,-943.181339583303286562791584312387755716306648874798085701979,0.14011449962797619047619047619047619047619047619047619047619,0,0.862603403904268756132291972511163980187832605809554048324158,1,0.428571428571428571428571428571428571428571428571428571428571,0,7,7,sustained-low-price-exposure|carried-cash,
flat-segments-primary,flat-segments,1,frictionless,corrected_guarded_vs_dca,epsilon-dca,0,0,0,0,0,0,0,0,1,1,1,0,6,6,neutral-score-segments|floor-feedback,
flat-segments-primary,flat-segments,1,frictionless,corrected_guarded_vs_neutral_guarded,epsilon-dca,0,0,0,0,0,0,0,0,1,1,1,1,6,6,neutral-score-segments|floor-feedback,
flat-segments-primary,flat-segments,1,frictionless,neutral_guarded_vs_dca,epsilon-dca,0,0,0,0,0,0,0,0,1,1,1,0,6,6,neutral-score-segments|floor-feedback,
flat-segments-primary,flat-segments,1,proportional-10bps,corrected_guarded_vs_dca,outside-current-safety-theorem,0,0,0,0,0,0,0.000000000000000000000000000000000000000000000000000000000000166666666666666666666666666666666666666666666666666666666667,0.000000000000000000000000000000000000000000000000000000000000166666666666666666666666666666666666666666666666666666666667,1,1,1,0,6,6,neutral-score-segments|floor-feedback,
flat-segments-primary,flat-segments,1,proportional-10bps,corrected_guarded_vs_neutral_guarded,outside-current-safety-theorem,0,0,0,0,0,0,0.000000000000000000000000000000000000000000000000000000000000166666666666666666666666666666666666666666666666666666666667,0.000000000000000000000000000000000000000000000000000000000000166666666666666666666666666666666666666666666666666666666667,1,1,1,1,6,6,neutral-score-segments|floor-feedback,
flat-segments-primary,flat-segments,1,proportional-10bps,neutral_guarded_vs_dca,outside-current-safety-theorem,0,0,0,0,0,0,0.000000000000000000000000000000000000000000000000000000000000166666666666666666666666666666666666666666666666666666666667,0.000000000000000000000000000000000000000000000000000000000000166666666666666666666666666666666666666666666666666666666667,1,1,1,0,6,6,neutral-score-segments|floor-feedback,
flat-segments-primary,flat-segments,1,fixed-1-usd,corrected_guarded_vs_dca,outside-current-safety-theorem,0,0,0,0,0,0,0,0,1,1,1,0,6,6,neutral-score-segments|floor-feedback,
flat-segments-primary,flat-segments,1,fixed-1-usd,corrected_guarded_vs_neutral_guarded,outside-current-safety-theorem,0,0,0,0,0,0,0,0,1,1,1,1,6,6,neutral-score-segments|floor-feedback,
flat-segments-primary,flat-segments,1,fixed-1-usd,neutral_guarded_vs_dca,outside-current-safety-theorem,0,0,0,0,0,0,0,0,1,1,1,0,6,6,neutral-score-segments|floor-feedback,
flat-segments-primary,flat-segments,0.9,frictionless,corrected_guarded_vs_dca,epsilon-dca,-21.57434052188723928401196641990952411528101923831630432638,-0.0032924696378783738666363643532392044834565410885783918249094,314.732803733692921039789976509689110940350487513625338815492,-3.3630714425558016032380194292959863505563150675194164314187,314.732803733692921039789976509689110940350487513625338815492,-336.30714425558016032380194292959863505563150675194164314187,0.0524554672889488201732983294182815184900584145856042231359153,0,0.951809823089290630464662525851945508643431515417007617791697,1,1,0,6,6,neutral-score-segments|floor-feedback,
flat-segments-primary,flat-segments,0.9,frictionless,corrected_guarded_vs_neutral_guarded,epsilon-dca,3.46677789916539229493540200114310746366634918273632725257,0.000531096109679323850639233621632621989885831346726303952620786,7.701553733692921039789976509689110940350487513625338815492,-0.0423477583452752874485457450854600347668413833088901156292,7.701553733692921039789976509689110940350487513625338815492,-4.23477583452752874485457450854600347668413833088901156292,0.0524554672889488201732983294182815184900584145856042231359153,0.051171875,0.951809823089290630464662525851945508643431515417007617791697,0.952964075816845248218908857267040837538031256496022072301907,1,1,6,6,neutral-score-segments|floor-feedback,
flat-segments-primary,flat-segments,0.9,frictionless,neutral_guarded_vs_dca,epsilon-dca,-25.04111842105263157894736842105263157894736842105263157895,-0.00382153614457831325301204819277108433734939759036144578313293,307.03125,-3.3207236842105263157894736842105263157894736842105263157895,307.03125,-332.07236842105263157894736842105263157894736842105263157895,0.051171875,0,0.952964075816845248218908857267040837538031256496022072301907,1,1,0,6,6,neutral-score-segments|floor-feedback,
flat-segments-primary,flat-segments,0.9,proportional-10bps,corrected_guarded_vs_dca,outside-current-safety-theorem,-21.22361967124981340025564175224553802877556313681401404968,-0.00324218491989960000850973534526873805437174646826558821856116,314.582238269588957418979837843246681970250378026701088328461,-3.3580585794083877081923547959549221999902594116351510237814,314.582238269588957418979837843246681970250378026701088328461,-335.80585794083877081923547959549221999902594116351510237814,0.052430373044931492903163306307207780328375063004450181388077,0.000000000000000000000000000000000000000000000000000000000000166666666666666666666666666666666666666666666666666666666667,0.951787142110455760173120189888029290237118215937334298624593,1,1,0,6,6,neutral-score-segments|floor-feedback,
flat-segments-primary,flat-segments,0.9,proportional-10bps,corrected_guarded_vs_neutral_guarded,outside-current-safety-theorem,3.47199823146670027752248053754839035734981815097094465238,0.000532401573548497834410278990699595111058496556106328578256282,7.687230858179349817971425447048402383356897827647204571091,-0.0421523262671264954044894490950001202600707967667625991871,7.687230858179349817971425447048402383356897827647204571091,-4.21523262671264954044894490950001202600707967667625991871,0.052430373044931492903163306307207780328375063004450181388077,0.0511491679019016012668347353993663799311489133665089806262285,0.951787142110455760173120189888029290237118215937334298624593,0.952940245366717878479506137668030722723207082372969428916366,1,1,6,6,neutral-score-segments|floor-feedback,
flat-segments-primary,flat-segments,0.9,proportional-10bps,neutral_guarded_vs_dca,outside-current-safety-theorem,-24.69561790271651367777812228979392838612538128778495870206,-0.00377257796700213151516194464120153191948368374869383236589943,306.89500741140960760100841239619827958689348019905388375737,-3.3159062531412612127878653468599220797301886148683884245943,306.89500741140960760100841239619827958689348019905388375737,-331.59062531412612127878653468599220797301886148683884245943,0.0511491679019016012668347353993663799311489133665089806262285,0.000000000000000000000000000000000000000000000000000000000000166666666666666666666666666666666666666666666666666666666667,0.952940245366717878479506137668030722723207082372969428916366,1,1,0,6,6,neutral-score-segments|floor-feedback,
flat-segments-primary,flat-segments,0.9,fixed-1-usd,corrected_guarded_vs_dca,outside-current-safety-theorem,-21.55296171363972120600773007311331443483948041331023998731,-0.00329249950801528197204551436086008075756037264455535503181004,314.470254631938118547344203917941325022620815787627517223481,-3.3602321634557783975335193399105463945746029620093775721079,314.470254631938118547344203917941325022620815787627517223481,-336.02321634557783975335193399105463945746029620093775721079,0.0524117091053230197578907006529902208371034692979379195372468,0,0.951801823561841657312844269638342115716640598235587160924408,1,1,0,6,6,neutral-score-segments|floor-feedback,
flat-segments-primary,flat-segments,0.9,fixed-1-usd,corrected_guarded_vs_neutral_guarded,outside-current-safety-theorem,3.46414354951817353083437519004458030200262484984765474953,0.000531223845655143724259091067553754671759340712368690683778856,7.695254631938118547344203917941325022620815787627517223481,-0.0423111108241994501650982872789674472061819093777986247395,7.695254631938118547344203917941325022620815787627517223481,-4.23111108241994501650982872789674472061819093777986247395,0.0524117091053230197578907006529902208371034692979379195372468,0.0511291666666666666666666666666666666666666666666666666666667,0.951801823561841657312844269638342115716640598235587160924408,0.952956281135196136728620439801638698250426199962994402550279,1,1,6,6,neutral-score-segments|floor-feedback,
flat-segments-primary,flat-segments,0.9,fixed-1-usd,neutral_guarded_vs_dca,outside-current-safety-theorem,-25.01710526315789473684210526315789473684210526315789473684,-0.00382169317912289799840000643213494619117109076948434378153221,306.775,-3.3179210526315789473684210526315789473684210526315789473684,306.775,-331.79210526315789473684210526315789473684210526315789473684,0.0511291666666666666666666666666666666666666666666666666666667,0,0.952956281135196136728620439801638698250426199962994402550279,1,1,0,6,6,neutral-score-segments|floor-feedback,
flat-segments-primary,flat-segments,0.75,frictionless,corrected_guarded_vs_dca,epsilon-dca,-53.77765654520982475172635409778370714344183589842023605269,-0.0082070319225621419299823351635171922548224488519677468674788,783.826308903575106891707264186410817600422687034023376537057,-8.3760396544878493164343361828419452474386452293244361258975,783.826308903575106891707264186410817600422687034023376537057,-837.60396544878493164343361828419452474386452293244361258975,0.130637718150595851148617877364401802933403781172337229422843,0,0.879390071193683496487889375665244523716262812291574992658175,1,0.833333333333333333333333333333333333333333333333333333333333,0,6,6,neutral-score-segments|floor-feedback,
flat-segments-primary,flat-segments,0.75,frictionless,corrected_guarded_vs_neutral_guarded,epsilon-dca,8.82513950742175419564206695484787180392658515421134289468,0.0013597997486053508325842405533659633627718036014915331223481,16.248183903575106891707264186410817600422687034023376537057,-0.0742304439615335269606519723156294579649610187981203364238,16.248183903575106891707264186410817600422687034023376537057,-7.42304439615335269606519723156294579649610187981203364238,0.130637718150595851148617877364401802933403781172337229422843,0.1279296875,0.879390071193683496487889375665244523716262812291574992658175,0.881729626989783796626277025421715371822285578522214302684723,0.833333333333333333333333333333333333333333333333333333333333,1,6,6,neutral-score-segments|floor-feedback,
flat-segments-primary,flat-segments,0.75,frictionless,neutral_guarded_vs_dca,epsilon-dca,-62.60279605263157894736842105263157894736842105263157894737,-0.00955384036144578313253012048192771084337349397590361445783157,767.578125,-8.3018092105263157894736842105263157894736842105263157894737,767.578125,-830.18092105263157894736842105263157894736842105263157894737,0.1279296875,0,0.881729626989783796626277025421715371822285578522214302684723,1,1,0,6,6,neutral-score-segments|floor-feedback,
flat-segments-primary,flat-segments,0.75,proportional-10bps,corrected_guarded_vs_dca,outside-current-safety-theorem,-52.91694581842661827435482679365156032825829177845198079269,-0.00808375415679241648963818835974665884243489519144078893731865,783.700586705476318431546765427244438320058527214269427924351,-8.3661753252390293670590159222089599864831681899272140871704,783.700586705476318431546765427244438320058527214269427924351,-836.61753252390293670590159222089599864831681899272140871704,0.130616764450912719738591127571207406386676421202378237987392,0.000000000000000000000000000000000000000000000000000000000000166666666666666666666666666666666666666666666666666666666667,0.879303828176327891789000958187703558415972706014158688004629,1,0.833333333333333333333333333333333333333333333333333333333333,0,6,6,neutral-score-segments|floor-feedback,
flat-segments-primary,flat-segments,0.75,proportional-10bps,corrected_guarded_vs_neutral_guarded,outside-current-safety-theorem,8.82209893836466592009047893083326063705516144101041596252,0.00136052245329014754138428052187303810566788766752658057173886,16.463068176952299429025734436748739352824826716634718530948,-0.0764096923858763350893525550591547871576966527562430256843,16.463068176952299429025734436748739352824826716634718530948,-7.64096923858763350893525550591547871576966527562430256843,0.130616764450912719738591127571207406386676421202378237987392,0.127872919754754003167086838498415949827872283416272451565567,0.879303828176327891789000958187703558415972706014158688004629,0.881678512306713294504042041749263481394391578539698544169254,0.833333333333333333333333333333333333333333333333333333333333,1,6,6,neutral-score-segments|floor-feedback,
flat-segments-primary,flat-segments,0.75,proportional-10bps,neutral_guarded_vs_dca,outside-current-safety-theorem,-61.73904475679128419444530572448482096531345321946239675521,-0.00943144491750532878790486160300382979870920937173458091475775,767.237518528524019002521030990495698967233700497634709393403,-8.2897656328531530319696633671498051993254715371709710614861,767.237518528524019002521030990495698967233700497634709393403,-828.97656328531530319696633671498051993254715371709710614861,0.127872919754754003167086838498415949827872283416272451565567,0.000000000000000000000000000000000000000000000000000000000000166666666666666666666666666666666666666666666666666666666667,0.881678512306713294504042041749263481394391578539698544169254,1,1,0,6,6,neutral-score-segments|floor-feedback,
flat-segments-primary,flat-segments,0.75,fixed-1-usd,corrected_guarded_vs_dca,outside-current-safety-theorem,-53.74769598420946376235172769969481111704192720153532413063,-0.00821067029841069834078803965647737224150895165711230233029793,783.616178881938350567676157616172288125473336666003552143483,-8.3736387486614781433002788531586709924251526386753887627411,783.616178881938350567676157616172288125473336666003552143483,-837.36387486614781433002788531586709924251526386753887627411,0.13060269648032305842794602626936204802091222277766725869058,0,0.879301263515341155649792457230545896533581037107298492411619,1,0.833333333333333333333333333333333333333333333333333333333333,0,6,6,neutral-score-segments|floor-feedback,
flat-segments-primary,flat-segments,0.75,fixed-1-usd,corrected_guarded_vs_neutral_guarded,outside-current-safety-theorem,8.79506717368527307975353545819992572506333595635941271148,0.00135652318793316219282396697063806728095162805117885203376463,16.678678881938350567676157616172288125473336666003552143483,-0.07883611708253077487922622157972362400410000709644139432,16.678678881938350567676157616172288125473336666003552143483,-7.883611708253077487922622157972362400410000709644139432,0.13060269648032305842794602626936204802091222277766725869058,0.127822916666666666666666666666666666666666666666666666666667,0.879301263515341155649792457230545896533581037107298492411619,0.881709999264330959743682759215523124107367091240718520341249,0.833333333333333333333333333333333333333333333333333333333333,1,6,6,neutral-score-segments|floor-feedback,
flat-segments-primary,flat-segments,0.75,fixed-1-usd,neutral_guarded_vs_dca,outside-current-safety-theorem,-62.54276315789473684210526315789473684210526315789473684211,-0.00955423294780724499600001608033736547792772692371085945383206,766.9375,-8.2948026315789473684210526315789473684210526315789473684211,766.9375,-829.48026315789473684210526315789473684210526315789473684211,0.127822916666666666666666666666666666666666666666666666666667,0,0.881709999264330959743682759215523124107367091240718520341249,1,1,0,6,6,neutral-score-segments|floor-feedback,
flat-segments-primary,flat-segments,0.5,frictionless,corrected_guarded_vs_dca,epsilon-dca,-21.95340264730345035139897257090234210881278412072235669389,-0.00335031847629530567611711227989674297242926022725883355167799,924.56153944424215107303481277209259557575919894853539321925,-9.4651494209154560142443378534299493768457198306925774991314,924.56153944424215107303481277209259557575919894853539321925,-946.51494209154560142443378534299493768457198306925774991314,0.154093589907373691845505802128682099262626533158089232203208,0,0.858427943548115616698597692969910368055281512613899857522353,1,0.333333333333333333333333333333333333333333333333333333333333,0,6,6,neutral-score-segments|floor-feedback,
flat-segments-primary,flat-segments,0.5,frictionless,corrected_guarded_vs_neutral_guarded,epsilon-dca,26.566334194801812806495764271202921049081952721382906464,0.00408454449119724419935501951621984473330176438351265827035327,-44.18846055575784892696518722790740442424080105146460678075,0.7075479475055966173346095149911032547332275377284751324475,-44.18846055575784892696518722790740442424080105146460678075,70.75479475055966173346095149911032547332275377284751324475,0.154093589907373691845505802128682099262626533158089232203208,0.161458333333333333333333333333333333333333333333333333333333,0.858427943548115616698597692969910368055281512613899857522353,0.85105575926160070805411556454671892780376785940068276646858,0.333333333333333333333333333333333333333333333333333333333333,0.333333333333333333333333333333333333333333333333333333333333,6,6,neutral-score-segments|floor-feedback,
flat-segments-primary,flat-segments,0.5,frictionless,neutral_guarded_vs_dca,epsilon-dca,-48.51973684210526315789473684210526315789473684210526315789,-0.00740461847389558232931726907630522088353413654618473895582257,968.75,-10.1726973684210526315789473684210526315789473684210526315789,968.75,-1017.26973684210526315789473684210526315789473684210526315789,0.161458333333333333333333333333333333333333333333333333333333,0,0.85105575926160070805411556454671892780376785940068276646858,1,0.333333333333333333333333333333333333333333333333333333333333,0,6,6,neutral-score-segments|floor-feedback,
flat-segments-primary,flat-segments,0.5,proportional-10bps,corrected_guarded_vs_dca,outside-current-safety-theorem,-21.05885500300938332709760061984588073555946669758995666201,-0.0032170149662830157550045724191875406081092811013772159498375,924.535616909781285996221892530009186251053362850520625809078,-9.4559447191279066932331949314985506698661282954811058247109,924.535616909781285996221892530009186251053362850520625809078,-945.59447191279066932331949314985506698661282954811058247109,0.15408926948496354766603698208833486437517556047508677096818,0.000000000000000000000000000000000000000000000000000000000000166666666666666666666666666666666666666666666666666666666667,0.858309296170279907181139566965227919539437635717237742421203,1,0.5,0,6,6,neutral-score-segments|floor-feedback,
flat-segments-primary,flat-segments,0.5,proportional-10bps,corrected_guarded_vs_neutral_guarded,outside-current-safety-theorem,26.49309448747072908904713065179013871061816873282434743657,0.00407678044719496473466199370269856067441224462764429896977748,-44.183156512101526495981209063701798069321566915018530339471,0.7067625099957225558502833971549193677993973564784287777604,-44.183156512101526495981209063701798069321566915018530339471,70.67625099957225558502833971549193677993973564784287777604,0.15408926948496354766603698208833486437517556047508677096818,0.161453128903647135415367183598951830720062488294256526024758,0.858309296170279907181139566965227919539437635717237742421203,0.850932711685125134409117192854466880554585558866694936186199,0.5,0.5,6,6,neutral-score-segments|floor-feedback,
flat-segments-primary,flat-segments,0.5,proportional-10bps,neutral_guarded_vs_dca,outside-current-safety-theorem,-47.55194949048011241614473127163601944617763543041430409858,-0.00726418094264611452243097706068470244053696745583172409358148,968.718773421882812492203101593710984320374929765539156148549,-10.1627072291236292490834783286534700376655256519595346024713,968.718773421882812492203101593710984320374929765539156148549,-1016.27072291236292490834783286534700376655256519595346024713,0.161453128903647135415367183598951830720062488294256526024758,0.000000000000000000000000000000000000000000000000000000000000166666666666666666666666666666666666666666666666666666666667,0.850932711685125134409117192854466880554585558866694936186199,1,0.5,0,6,6,neutral-score-segments|floor-feedback,
flat-segments-primary,flat-segments,0.5,fixed-1-usd,corrected_guarded_vs_dca,outside-current-safety-theorem,-22.05557287915521307007190432446063938624490543013348955261,-0.00336928000051416113568481077193460246060239519175831495350443,924.509655488282458153520959297959625335030964289765066208496,-9.4656522836743767122359286362242026472127586971989855576111,924.509655488282458153520959297959625335030964289765066208496,-946.56522836743767122359286362242026472127586971989855576111,0.154084942581380409692253493216326604222505160714960844368083,0,0.858291486339032646874116720900747247632976646342829886670379,1,0.5,0,6,6,neutral-score-segments|floor-feedback,
flat-segments-primary,flat-segments,0.5,fixed-1-usd,corrected_guarded_vs_neutral_guarded,outside-current-safety-theorem,26.5612034366342606141386219913288342979656208856559841316,0.00408793506408844102173401258910752129517245662931626349863137,-44.177844511717541846479040702040374664969035710234933791504,0.707390479483518024606176626933692089629346565958909179231,-44.177844511717541846479040702040374664969035710234933791504,70.7390479483518024606176626933692089629346565958909179231,0.154084942581380409692253493216326604222505160714960844368083,0.161447916666666666666666666666666666666666666666666666666667,0.858291486339032646874116720900747247632976646342829886670379,0.850912945008640772447339636907831169912746803724227348886471,0.5,0.5,6,6,neutral-score-segments|floor-feedback,
flat-segments-primary,flat-segments,0.5,fixed-1-usd,neutral_guarded_vs_dca,outside-current-safety-theorem,-48.61677631578947368421052631578947368421052631578947368421,-0.00742685456540878227625215577022805938468589070998709552926412,968.6875,-10.1730427631578947368421052631578947368421052631578947368421,968.6875,-1017.30427631578947368421052631578947368421052631578947368421,0.161447916666666666666666666666666666666666666666666666666667,0,0.850912945008640772447339636907831169912746803724227348886471,1,0.5,0,6,6,neutral-score-segments|floor-feedback,
hostile-carried-cash-primary,hostile-carried-cash,1,frictionless,corrected_guarded_vs_dca,epsilon-dca,0,0,0,0,0,0,0,0,1,1,1,0,5,5,strict-rise-with-high-evaluation|carried-cash-hostility,
hostile-carried-cash-primary,hostile-carried-cash,1,frictionless,corrected_guarded_vs_neutral_guarded,epsilon-dca,0,0,0,0,0,0,0,0,1,1,1,1,5,5,strict-rise-with-high-evaluation|carried-cash-hostility,
hostile-carried-cash-primary,hostile-carried-cash,1,frictionless,neutral_guarded_vs_dca,epsilon-dca,0,0,0,0,0,0,0,0,1,1,1,0,5,5,strict-rise-with-high-evaluation|carried-cash-hostility,
hostile-carried-cash-primary,hostile-carried-cash,1,proportional-10bps,corrected_guarded_vs_dca,outside-current-safety-theorem,0,0,0,0,0,0,0.0000000000000000000000000000000000000000000000000000000000002,0.0000000000000000000000000000000000000000000000000000000000002,1,1,1,0,5,5,strict-rise-with-high-evaluation|carried-cash-hostility,
hostile-carried-cash-primary,hostile-carried-cash,1,proportional-10bps,corrected_guarded_vs_neutral_guarded,outside-current-safety-theorem,0,0,0,0,0,0,0.0000000000000000000000000000000000000000000000000000000000002,0.0000000000000000000000000000000000000000000000000000000000002,1,1,1,1,5,5,strict-rise-with-high-evaluation|carried-cash-hostility,
hostile-carried-cash-primary,hostile-carried-cash,1,proportional-10bps,neutral_guarded_vs_dca,outside-current-safety-theorem,0,0,0,0,0,0,0.0000000000000000000000000000000000000000000000000000000000002,0.0000000000000000000000000000000000000000000000000000000000002,1,1,1,0,5,5,strict-rise-with-high-evaluation|carried-cash-hostility,
hostile-carried-cash-primary,hostile-carried-cash,1,fixed-1-usd,corrected_guarded_vs_dca,outside-current-safety-theorem,0,0,0,0,0,0,0,0,1,1,1,0,5,5,strict-rise-with-high-evaluation|carried-cash-hostility,
hostile-carried-cash-primary,hostile-carried-cash,1,fixed-1-usd,corrected_guarded_vs_neutral_guarded,outside-current-safety-theorem,0,0,0,0,0,0,0,0,1,1,1,1,5,5,strict-rise-with-high-evaluation|carried-cash-hostility,
hostile-carried-cash-primary,hostile-carried-cash,1,fixed-1-usd,neutral_guarded_vs_dca,outside-current-safety-theorem,0,0,0,0,0,0,0,0,1,1,1,0,5,5,strict-rise-with-high-evaluation|carried-cash-hostility,
hostile-carried-cash-primary,hostile-carried-cash,0.9,frictionless,corrected_guarded_vs_dca,epsilon-dca,-149.33109175546696982499700247212699273997609528551973009332,-0.0199111821928544004062538971318676173823755264826341920724961,325.264536762593548165358033738528765929595351214501671544671,-3.1639708567870701199357002414043717244638096433334760109199,325.264536762593548165358033738528765929595351214501671544671,-474.595628518060517990355036210655758669571446500021401637985,0.0650529073525187096330716067477057531859190702429003343089342,0,0.955749509700531650452558118443005523819778966034814021925427,1,1,0,5,5,strict-rise-with-high-evaluation|carried-cash-hostility,
hostile-carried-cash-primary,hostile-carried-cash,0.9,frictionless,corrected_guarded_vs_neutral_guarded,epsilon-dca,-13.54905789259071564439499578316378203763495816177391069531,-0.00183988501550707005688061107422133647386828800337762965664819,40.098379606796446716082671419688186219450423678269787486708,-0.3576495833292477490698511146856797883805692122669579878801,40.098379606796446716082671419688186219450423678269787486708,-53.647437499387162360477667202851968257085381840043698182015,0.0650529073525187096330716067477057531859190702429003343089342,0.0570332314311594202898550724637681159420289855072463768115926,0.955749509700531650452558118443005523819778966034814021925427,0.961276057446946032416610936270071443520069240718116984572877,1,1,5,5,strict-rise-with-high-evaluation|carried-cash-hostility,
hostile-carried-cash-primary,hostile-carried-cash,0.9,frictionless,neutral_guarded_vs_dca,epsilon-dca,-135.78203386287625418060200668896321070234113712374581939801,-0.0181046075735335104702800126349430498522826511083446366524856,285.166157155797101449275362318840579710144927536231884057963,-2.8063212734578223708658491267186919360832404310665180230398,285.166157155797101449275362318840579710144927536231884057963,-420.94819101867335562987736900780379041248606465997770345597,0.0570332314311594202898550724637681159420289855072463768115926,0,0.961276057446946032416610936270071443520069240718116984572877,1,1,0,5,5,strict-rise-with-high-evaluation|carried-cash-hostility,
hostile-carried-cash-primary,hostile-carried-cash,0.9,proportional-10bps,corrected_guarded_vs_dca,outside-current-safety-theorem,-148.81097085645356426654763140234243891953572753173518092974,-0.0198616732825354742368665814813755839207022607099444320780796,325.153823561402548162537026456085840749245756028825917203486,-3.1597652961190407495272310523895218644585432237370739875549,325.153823561402548162537026456085840749245756028825917203486,-473.964794417856112429084657858428279668781483560561098133235,0.0650307647122805096325074052912171681498491512057651834406974,0.0000000000000000000000000000000000000000000000000000000000002,0.955722572869299805773218020350839143551301260838002013126769,1,1,0,5,5,strict-rise-with-high-evaluation|carried-cash-hostility,
hostile-carried-cash-primary,hostile-carried-cash,0.9,proportional-10bps,corrected_guarded_vs_neutral_guarded,outside-current-safety-theorem,-13.49501676949857225060224190722412675391052970245504287925,-0.00183429669584451749765199321299123617572306084160393069792993,40.100064198819743912144853827195389021839053336816498319309,-0.3573005397887887744183139715627967718383305535951436079904,40.100064198819743912144853827195389021839053336816498319309,-53.59508096831831616274709573441951577574958303927154119856,0.0650307647122805096325074052912171681498491512057651834406974,0.0570107518725165608500784345257780903454813405384018837768356,0.955722572869299805773218020350839143551301260838002013126769,0.961254352042107764264157196594979551945167979523366517139534,1,1,5,5,strict-rise-with-high-evaluation|carried-cash-hostility,
hostile-carried-cash-primary,hostile-carried-cash,0.9,proportional-10bps,neutral_guarded_vs_dca,outside-current-safety-theorem,-135.31595408695499201594538949511831216562519782928013805049,-0.0180605049111748083711910392079374566065632387454716212661136,285.053759362582804250392172628890451727406702692009418884177,-2.8024647563302519751089170808267250926202126701419303795645,285.053759362582804250392172628890451727406702692009418884177,-420.369713449537796266337562124008763893031900521289556934675,0.0570107518725165608500784345257780903454813405384018837768356,0.0000000000000000000000000000000000000000000000000000000000002,0.961254352042107764264157196594979551945167979523366517139534,1,1,0,5,5,strict-rise-with-high-evaluation|carried-cash-hostility,
hostile-carried-cash-primary,hostile-carried-cash,0.9,fixed-1-usd,corrected_guarded_vs_dca,outside-current-safety-theorem,-149.22257294936517759139880089596191070036580302519858463437,-0.0199166293792379219256395285869013008844111396650710623170085,324.979654367625188714810760896983161902357910355447616367186,-3.1613481821132691087080637452863004840181580892043080066771,324.979654367625188714810760896983161902357910355447616367186,-474.202227316990366306209561792945072602723713380646201001565,0.0649959308735250377429621521793966323804715820710895232734372,0,0.955743764458617241008839087320735556469555330586088830870085,1,1,0,5,5,strict-rise-with-high-evaluation|carried-cash-hostility,
hostile-carried-cash-primary,hostile-carried-cash,0.9,fixed-1-usd,corrected_guarded_vs_neutral_guarded,outside-current-safety-theorem,-13.53801498996346818968939918656020129865640131579687523266,-0.00184023525983763365445555238223958262169767543190291525786671,40.062876929521323980511243988770601515884480403756795111153,-0.3573392794632319478013376211688720187636058781303578022921,40.062876929521323980511243988770601515884480403756795111153,-53.600891919484792170200643175330802814540881719553670343815,0.0649959308735250377429621521793966323804715820710895232734372,0.0569833554876207729468599033816425120772946859903381642512066,0.955743764458617241008839087320735556469555330586088830870085,0.961270991327043497069745753462718285449012925489518854496265,1,1,5,5,strict-rise-with-high-evaluation|carried-cash-hostility,
hostile-carried-cash-primary,hostile-carried-cash,0.9,fixed-1-usd,neutral_guarded_vs_dca,outside-current-safety-theorem,-135.68455795940170940170940170940170940170940170940170940171,-0.0181097202651780650876385344386112392454638377701484287138673,284.916777438103864734299516908212560386473429951690821256033,-2.804008902650037160906726124117428465254552211073950204385,284.916777438103864734299516908212560386473429951690821256033,-420.60133539750557413600891861761426978818283166109253065775,0.0569833554876207729468599033816425120772946859903381642512066,0,0.961270991327043497069745753462718285449012925489518854496265,1,1,0,5,5,strict-rise-with-high-evaluation|carried-cash-hostility,
hostile-carried-cash-primary,hostile-carried-cash,0.75,frictionless,corrected_guarded_vs_dca,epsilon-dca,-373.32772938866742456249250618031748184994023821379932523331,-0.0497779554821360010156347428296690434559388162065854801812415,813.161341906483870413395084346321914823988378036254178861682,-7.9099271419676752998392506035109293111595241083336900272999,813.161341906483870413395084346321914823988378036254178861682,-1186.48907129515129497588759052663939667392861625005350409498,0.162632268381296774082679016869264382964797675607250835772336,0,0.885896641276624365747816517745321442068920771045649895094129,1,1,0,5,5,strict-rise-with-high-evaluation|carried-cash-hostility,
hostile-carried-cash-primary,hostile-carried-cash,0.75,frictionless,corrected_guarded_vs_neutral_guarded,epsilon-dca,-33.87264473147678911098748945790945509408739540443477673834,-0.0047305483521086046167834518569079182009063824259426198116862,100.245949016991116790206678549220465548626059195674468716747,-0.8941239583231193726746277867141994709514230306673949697005,100.245949016991116790206678549220465548626059195674468716747,-134.118593748467905901194168007129920642713454600109245455075,0.162632268381296774082679016869264382964797675607250835772336,0.142583078577898550724637681159420289855072463768115942028987,0.885896641276624365747816517745321442068920771045649895094129,0.900436450600141431554319402076893942907082874603183532757094,1,1,5,5,strict-rise-with-high-evaluation|carried-cash-hostility,
hostile-carried-cash-primary,hostile-carried-cash,0.75,frictionless,neutral_guarded_vs_dca,epsilon-dca,-339.45508465719063545150501672240802675585284280936454849497,-0.0452615189338337761757000315873576246307066277708615916312066,712.915392889492753623188405797101449275362318840579710144935,-7.0158031836445559271646228167967298402081010776662950575994,712.915392889492753623188405797101449275362318840579710144935,-1052.37047754668338907469342251950947603121516164994425863991,0.142583078577898550724637681159420289855072463768115942028987,0,0.900436450600141431554319402076893942907082874603183532757094,1,1,0,5,5,strict-rise-with-high-evaluation|carried-cash-hostility,
hostile-carried-cash-primary,hostile-carried-cash,0.75,proportional-10bps,corrected_guarded_vs_dca,outside-current-safety-theorem,-372.02742714113391066636907850585609729883931882933795232439,-0.0496541832063386855921664537034389598017556517748610801952044,812.884558903506370406342566140214601873114390072064793008695,-7.8994132402976018738180776309738046611463580593426849688873,812.884558903506370406342566140214601873114390072064793008695,-1184.9119860446402810727116446460706991719537089014027453331,0.162576911780701274081268513228042920374622878014412958601739,0.0000000000000000000000000000000000000000000000000000000000002,0.885836285664785771506816828599486862177225055101545488286838,1,1,0,5,5,strict-rise-with-high-evaluation|carried-cash-hostility,
hostile-carried-cash-primary,hostile-carried-cash,0.75,proportional-10bps,corrected_guarded_vs_neutral_guarded,outside-current-safety-theorem,-33.73754192374643062650560476806031688477632425613760719816,-0.00471584739080670308132160600749687990210090707721555923875219,100.250160497049359780362134567988472554597633342041245798251,-0.8932513494719719360457849289069919295958263839878590199762,100.250160497049359780362134567988472554597633342041245798251,-133.98770242079579040686773933604878943937395759817885299643,0.162576911780701274081268513228042920374622878014412958601739,0.142526879681291402125196086314445225863703351346004709442089,0.885836285664785771506816828599486862177225055101545488286838,0.900387672702415892426319938462212989388375862382641520532652,1,1,5,5,strict-rise-with-high-evaluation|carried-cash-hostility,
hostile-carried-cash-primary,hostile-carried-cash,0.75,proportional-10bps,neutral_guarded_vs_dca,outside-current-safety-theorem,-338.28988521738748003986347373779578041406299457320034512623,-0.0451512622779370209279775980198436415164080968636790531652847,712.634398406457010625980431572226129318516756730023547210444,-7.0061618908256299377722927020668127315505316753548259489111,712.634398406457010625980431572226129318516756730023547210444,-1050.92428362384449066584390531002190973257975130322389233666,0.142526879681291402125196086314445225863703351346004709442089,0.0000000000000000000000000000000000000000000000000000000000002,0.900387672702415892426319938462212989388375862382641520532652,1,1,0,5,5,strict-rise-with-high-evaluation|carried-cash-hostility,
hostile-carried-cash-primary,hostile-carried-cash,0.75,fixed-1-usd,corrected_guarded_vs_dca,outside-current-safety-theorem,-373.05643237341294397849700223990477675091450756299646158591,-0.0497915734480948048140988214672532522110278491626776557925192,812.449135919062971787026902242457904755894775888619040917989,-7.9033704552831727717701593632157512100453952230107700166927,812.449135919062971787026902242457904755894775888619040917989,-1185.5055682924759157655239044823626815068092834516155025039,0.162489827183812594357405380448491580951178955177723808183598,0,0.885880825489565813634139781782766260890934733284167824479895,1,1,0,5,5,strict-rise-with-high-evaluation|carried-cash-hostility,
hostile-carried-cash-primary,hostile-carried-cash,0.75,fixed-1-usd,corrected_guarded_vs_neutral_guarded,outside-current-safety-theorem,-33.84503747490867047422349796640050324664100328949218808165,-0.00473148757626023777944776331039863165136604602424227012964748,100.157192323803309951278109971926503789711201009391987777892,-0.8933481986580798695033440529221800469090146953258945057303,100.157192323803309951278109971926503789711201009391987777892,-134.002229798711980425501607938327007036352204298884175859545,0.162489827183812594357405380448491580951178955177723808183598,0.142458388719051932367149758454106280193236714975845410628019,0.885880825489565813634139781782766260890934733284167824479895,0.900422610425833972519262539468948798715698214310974195762586,1,1,5,5,strict-rise-with-high-evaluation|carried-cash-hostility,
hostile-carried-cash-primary,hostile-carried-cash,0.75,fixed-1-usd,neutral_guarded_vs_dca,outside-current-safety-theorem,-339.21139489850427350427350427350427350427350427350427350426,-0.0452743006629451627190963360965280981136595944253710717846662,712.291943595259661835748792270531400966183574879227053140097,-7.0100222566250929022668153102935711631363805276848755109624,712.291943595259661835748792270531400966183574879227053140097,-1051.50333849376393534002229654403567447045707915273132664436,0.142458388719051932367149758454106280193236714975845410628019,0,0.900422610425833972519262539468948798715698214310974195762586,1,1,0,5,5,strict-rise-with-high-evaluation|carried-cash-hostility,
hostile-carried-cash-primary,hostile-carried-cash,0.5,frictionless,corrected_guarded_vs_dca,epsilon-dca,-642.33017096885187690617611538916594050910940156113969820082,-0.085645614130186013650917330385786707094025698463418838593974,1172.00834855200183447027905658674316467208518461287740750449,-12.0955901301390247425097011465060607012079639078267807047021,1172.00834855200183447027905658674316467208518461287740750449,-1814.33851952085371137645517197590910518119458617401710570532,0.234401669710400366894055811317348632934417036922575481500898,0,0.829091776884276764828126055462919761793034342238966726161847,1,0.4,0,5,5,strict-rise-with-high-evaluation|carried-cash-hostility,
hostile-carried-cash-primary,hostile-carried-cash,0.5,frictionless,corrected_guarded_vs_neutral_guarded,epsilon-dca,-79.23356422414730611464880212272223928279947959904382306147,-0.0114222660261920494830627060963818595677124156959260112996532,232.55522355200183447027905658674316467208518461287740750449,-2.0785919185076609372328523913964360263658977614128082037731,232.55522355200183447027905658674316467208518461287740750449,-311.788787776149140584927858709465403954884664211921230565965,0.234401669710400366894055811317348632934417036922575481500898,0.187890625,0.829091776884276764828126055462919761793034342238966726161847,0.864568966220793105418220695171017946478850250140780700394186,0.4,0.4,5,5,strict-rise-with-high-evaluation|carried-cash-hostility,
hostile-carried-cash-primary,hostile-carried-cash,0.5,frictionless,neutral_guarded_vs_dca,epsilon-dca,-563.09660674470457079152731326644370122630992196209587513935,-0.0750809426039131161857336628328285549712926661587915048588785,939.453125,-10.016998211631363805276848755109624674842066146413972500929,939.453125,-1502.54973174470457079152731326644370122630992196209587513935,0.187890625,0,0.864568966220793105418220695171017946478850250140780700394186,1,0.4,0,5,5,strict-rise-with-high-evaluation|carried-cash-hostility,
hostile-carried-cash-primary,hostile-carried-cash,0.5,proportional-10bps,corrected_guarded_vs_dca,outside-current-safety-theorem,-640.46636814610451152239645305023555849039722810315385340041,-0.0854824995721634073590999770347940106299785874761162467539967,1171.9822650884267268422015274111192759201881043252873460314,-12.0829908882302082557639865364090322294039022161896079962121,1171.9822650884267268422015274111192759201881043252873460314,-1812.44863323453123836459798046135483441058533242844119943182,0.23439645301768534536844030548222385518403762086505746920628,0.0000000000000000000000000000000000000000000000000000000000002,0.828955189310578756270517821582700484312381486527033656759541,1,0.4,0,5,5,strict-rise-with-high-evaluation|carried-cash-hostility,
hostile-carried-cash-primary,hostile-carried-cash,0.5,proportional-10bps,corrected_guarded_vs_neutral_guarded,outside-current-safety-theorem,-78.91589199225514225967799771837356639900243238926586055392,-0.0113862309246643704011513647720833788509281501099728023339905,232.546700652862291277765962975554840355752539889722910466964,-2.0764172843007828902496264046261893783650331485265918068059,232.546700652862291277765962975554840355752539889722910466964,-311.462592645117433537443960693928406754754972278988771020885,0.23439645301768534536844030548222385518403762086505746920628,0.187887112887112887112887112887112887112887112887112887112887,0.828955189310578756270517821582700484312381486527033656759541,0.864455307980862385467780352361420142717148151731595960873695,0.4,0.4,5,5,strict-rise-with-high-evaluation|carried-cash-hostility,
hostile-carried-cash-primary,hostile-carried-cash,0.5,proportional-10bps,neutral_guarded_vs_dca,outside-current-safety-theorem,-561.55047615384936926271845533186199209139479571388799284649,-0.074949662816048293296105407069936325403725392576913415279048,939.435564435564435564435564435564435564435564435564435564435,-10.0065736039294253655143601317828428510388690676630161894062,939.435564435564435564435564435564435564435564435564435564435,-1500.98604058941380482715401976742642765583036014945242841093,0.187887112887112887112887112887112887112887112887112887112887,0.0000000000000000000000000000000000000000000000000000000000002,0.864455307980862385467780352361420142717148151731595960873695,1,0.4,0,5,5,strict-rise-with-high-evaluation|carried-cash-hostility,
hostile-carried-cash-primary,hostile-carried-cash,0.5,fixed-1-usd,corrected_guarded_vs_dca,outside-current-safety-theorem,-642.22735988144718294705515654351094808613762213377377619169,-0.0857176233538442841813936756458838028177776166406277069531594,1171.95612945792446899886784317714413939078722987712210443536,-12.0945565955958110129728199981377005831794990134059725375137,1171.95612945792446899886784317714413939078722987712210443536,-1814.18348933937165194592299972065508747692485201089588062706,0.234391225891584893799773568635428827878157445975424420887072,0,0.828914846388620910028515090311607464771969697100487998504239,1,0.4,0,5,5,strict-rise-with-high-evaluation|carried-cash-hostility,
hostile-carried-cash-primary,hostile-carried-cash,0.5,fixed-1-usd,corrected_guarded_vs_neutral_guarded,outside-current-safety-theorem,-79.22113252637471917893921451452544083976081053957087764097,-0.011432685664507567990069166076212136882197294223734206813328,232.53816070792446899886784317714413939078722987712210443536,-2.0783952882286612545187137179444638682036536027779532138422,232.53816070792446899886784317714413939078722987712210443536,-311.75929323429918817780705769166958023054804041669298207633,0.234391225891584893799773568635428827878157445975424420887072,0.18788359375,0.828914846388620910028515090311607464771969697100487998504239,0.864429224856974843587790229560272184401208468911329225166552,0.4,0.4,5,5,strict-rise-with-high-evaluation|carried-cash-hostility,
hostile-carried-cash-primary,hostile-carried-cash,0.5,fixed-1-usd,neutral_guarded_vs_dca,outside-current-safety-theorem,-563.00622735507246376811594202898550724637681159420289855072,-0.0751440358305498869240298846943340523674606433483410015861375,939.41796875,-10.0161613073671497584541062801932367149758454106280193236715,939.41796875,-1502.42419610507246376811594202898550724637681159420289855072,0.18788359375,0,0.864429224856974843587790229560272184401208468911329225166552,1,0.4,0,5,5,strict-rise-with-high-evaluation|carried-cash-hostility,
hostile-adaptive-timing-primary,hostile-adaptive-timing,1,frictionless,corrected_guarded_vs_dca,epsilon-dca,0,0,0,0,0,0,0,0,1,1,1,0,6,6,alternating-signal-whipsaw|evaluation-below-all-purchases,arbitrary-horizon
hostile-adaptive-timing-primary,hostile-adaptive-timing,1,frictionless,corrected_guarded_vs_neutral_guarded,epsilon-dca,0,0,0,0,0,0,0,0,1,1,1,1,6,6,alternating-signal-whipsaw|evaluation-below-all-purchases,arbitrary-horizon
hostile-adaptive-timing-primary,hostile-adaptive-timing,1,frictionless,neutral_guarded_vs_dca,epsilon-dca,0,0,0,0,0,0,0,0,1,1,1,0,6,6,alternating-signal-whipsaw|evaluation-below-all-purchases,arbitrary-horizon
hostile-adaptive-timing-primary,hostile-adaptive-timing,1,proportional-10bps,corrected_guarded_vs_dca,outside-current-safety-theorem,0,0,0,0,0,0,0.000000000000000000000000000000000000000000000000000000000000166666666666666666666666666666666666666666666666666666666667,0.000000000000000000000000000000000000000000000000000000000000166666666666666666666666666666666666666666666666666666666667,1,1,1,0,6,6,alternating-signal-whipsaw|evaluation-below-all-purchases,arbitrary-horizon
hostile-adaptive-timing-primary,hostile-adaptive-timing,1,proportional-10bps,corrected_guarded_vs_neutral_guarded,outside-current-safety-theorem,0,0,0,0,0,0,0.000000000000000000000000000000000000000000000000000000000000166666666666666666666666666666666666666666666666666666666667,0.000000000000000000000000000000000000000000000000000000000000166666666666666666666666666666666666666666666666666666666667,1,1,1,1,6,6,alternating-signal-whipsaw|evaluation-below-all-purchases,arbitrary-horizon
hostile-adaptive-timing-primary,hostile-adaptive-timing,1,proportional-10bps,neutral_guarded_vs_dca,outside-current-safety-theorem,0,0,0,0,0,0,0.000000000000000000000000000000000000000000000000000000000000166666666666666666666666666666666666666666666666666666666667,0.000000000000000000000000000000000000000000000000000000000000166666666666666666666666666666666666666666666666666666666667,1,1,1,0,6,6,alternating-signal-whipsaw|evaluation-below-all-purchases,arbitrary-horizon
hostile-adaptive-timing-primary,hostile-adaptive-timing,1,fixed-1-usd,corrected_guarded_vs_dca,outside-current-safety-theorem,0,0,0,0,0,0,0,0,1,1,1,0,6,6,alternating-signal-whipsaw|evaluation-below-all-purchases,arbitrary-horizon
hostile-adaptive-timing-primary,hostile-adaptive-timing,1,fixed-1-usd,corrected_guarded_vs_neutral_guarded,outside-current-safety-theorem,0,0,0,0,0,0,0,0,1,1,1,1,6,6,alternating-signal-whipsaw|evaluation-below-all-purchases,arbitrary-horizon
hostile-adaptive-timing-primary,hostile-adaptive-timing,1,fixed-1-usd,neutral_guarded_vs_dca,outside-current-safety-theorem,0,0,0,0,0,0,0,0,1,1,1,0,6,6,alternating-signal-whipsaw|evaluation-below-all-purchases,arbitrary-horizon
hostile-adaptive-timing-primary,hostile-adaptive-timing,0.9,frictionless,corrected_guarded_vs_dca,epsilon-dca,184.01046309168654173132800123756576175025285777083256565395,0.108241448877462671606663530139744565735442857512254450384676,171.61200254850456237823807559587588676385983474441493021847,0.4132820181060659784363308547229958328797674342139211811825,171.61200254850456237823807559587588676385983474441493021847,12.398460543181979353089925641689874986393023026417635435475,0.0286020004247507603963730125993126477939766391240691550364117,0,0.908911332548075685783144104370865097043451785582379349447992,1,1,0,6,6,alternating-signal-whipsaw|evaluation-below-all-purchases,arbitrary-horizon
hostile-adaptive-timing-primary,hostile-adaptive-timing,0.9,frictionless,corrected_guarded_vs_neutral_guarded,epsilon-dca,-19.12755774164679160200533209576757158308047556250076767938,-0.0100505362891501398802280328196642708901867154931894209657596,-77.14667800705099317731747995967966879169572081114062533708,1.9339706755134733858437382621304032402871748416213285885899,-77.14667800705099317731747995967966879169572081114062533708,58.019120265404201575312147863912097208615245248639857657697,0.0286020004247507603963730125993126477939766391240691550364117,0.0414597800925925925925925925925925925925925925925925925925917,0.908911332548075685783144104370865097043451785582379349447992,0.869290257547042872813769290941724080523076151184880599703982,1,1,6,6,alternating-signal-whipsaw|evaluation-below-all-purchases,arbitrary-horizon
hostile-adaptive-timing-primary,hostile-adaptive-timing,0.9,frictionless,neutral_guarded_vs_dca,epsilon-dca,203.13802083333333333333333333333333333333333333333333333333,0.119492953431372549019607843137254901960784313725490196078429,248.75868055555555555555555555555555555555555555555555555555,-1.5206886574074074074074074074074074074074074074074074074074,248.75868055555555555555555555555555555555555555555555555555,-45.620659722222222222222222222222222222222222222222222222222,0.0414597800925925925925925925925925925925925925925925925925917,0,0.869290257547042872813769290941724080523076151184880599703982,1,1,0,6,6,alternating-signal-whipsaw|evaluation-below-all-purchases,arbitrary-horizon
hostile-adaptive-timing-primary,hostile-adaptive-timing,0.9,proportional-10bps,corrected_guarded_vs_dca,outside-current-safety-theorem,183.90444898502438237724153907882068954793685109417948027758,0.108287266725887886329187518010529123669108698791337446916387,171.540571288856117507690208178428802418393264169906611960498,0.4121292565389421623183776966797295709847862308090956105695,171.540571288856117507690208178428802418393264169906611960498,12.363877696168264869551330900391887129543586924272868317085,0.0285900952148093529179483680297381337363988773616511019934165,0.000000000000000000000000000000000000000000000000000000000000166666666666666666666666666666666666666666666666666666666667,0.90886196417106655254513660719025478921542501894561360969024,1,1,0,6,6,alternating-signal-whipsaw|evaluation-below-all-purchases,arbitrary-horizon
hostile-adaptive-timing-primary,hostile-adaptive-timing,0.9,proportional-10bps,corrected_guarded_vs_neutral_guarded,outside-current-safety-theorem,-19.19156041515118809185235221696697278991369460404975373312,-0.0100933962092270983322283014479918863918537643475557991428068,-77.121883859042811544739850824143185836325516345926079144058,1.9310107814630541150962499535725404348803940580625441803649,-77.121883859042811544739850824143185836325516345926079144058,57.930323443891623452887498607176213046411821741876325410947,0.0285900952148093529179483680297381337363988773616511019934165,0.0414437425246498215087383431670953313757864634193054485174262,0.90886196417106655254513660719025478921542501894561360969024,0.86922122913020388598546171321744920258577684109982862928041,1,1,6,6,alternating-signal-whipsaw|evaluation-below-all-purchases,arbitrary-horizon
hostile-adaptive-timing-primary,hostile-adaptive-timing,0.9,proportional-10bps,neutral_guarded_vs_dca,outside-current-safety-theorem,203.0960094001755704690938912957876623378505456982292340107,0.119587709064456321199742932462990264705993174261133801908653,248.662455147898929052430059002571988254718780515832691104556,-1.5188815249241119527778722568928108638956078272534485697954,248.662455147898929052430059002571988254718780515832691104556,-45.566445747723358583336167706784325916868234817603457093862,0.0414437425246498215087383431670953313757864634193054485174262,0.000000000000000000000000000000000000000000000000000000000000166666666666666666666666666666666666666666666666666666666667,0.86922122913020388598546171321744920258577684109982862928041,1,1,0,6,6,alternating-signal-whipsaw|evaluation-below-all-purchases,arbitrary-horizon
hostile-adaptive-timing-primary,hostile-adaptive-timing,0.9,fixed-1-usd,corrected_guarded_vs_dca,outside-current-safety-theorem,183.8660464806319059519502921802096582114643016144103172515,0.108264762692475950039421946758646680922960785264329221722605,171.48382254011192141461976326729669753280360640368839697596,0.4127407980173328179110176304304320226220231736907306758514,171.48382254011192141461976326729669753280360640368839697596,12.382223940519984537330528912912960678660695210721920275542,0.0285806370900186535691032938778827829221339344006147328293267,0,0.908890173180649529313906649117383976695394292526588882512786,1,1,0,6,6,alternating-signal-whipsaw|evaluation-below-all-purchases,arbitrary-horizon
hostile-adaptive-timing-primary,hostile-adaptive-timing,0.9,fixed-1-usd,corrected_guarded_vs_neutral_guarded,outside-current-safety-theorem,-19.11187018603476071471637448645700845520236505225634941517,-0.0100521181140849840064411280324169731219124497022321255849208,-77.08812190433252302982468117714774691164083804075604746849,1.9325417239432587438369435563563579485479490996166566017774,-77.08812190433252302982468117714774691164083804075604746849,57.976251718297762315108306690690738456438472988499698053322,0.0285806370900186535691032938778827829221339344006147328293267,0.0414286574074074074074074074074074074074074074074074074074083,0.908890173180649529313906649117383976695394292526588882512786,0.869260594537256045842266469752325208753965991148789472811449,1,1,6,6,alternating-signal-whipsaw|evaluation-below-all-purchases,arbitrary-horizon
hostile-adaptive-timing-primary,hostile-adaptive-timing,0.9,fixed-1-usd,neutral_guarded_vs_dca,outside-current-safety-theorem,202.97791666666666666666666666666666666666666666666666666667,0.119518292802606528096724175155547704567312410449665351626138,248.57194444444444444444444444444444444444444444444444444445,-1.519800925925925925925925925925925925925925925925925925926,248.57194444444444444444444444444444444444444444444444444445,-45.59402777777777777777777777777777777777777777777777777778,0.0414286574074074074074074074074074074074074074074074074074083,0,0.869260594537256045842266469752325208753965991148789472811449,1,1,0,6,6,alternating-signal-whipsaw|evaluation-below-all-purchases,arbitrary-horizon
hostile-adaptive-timing-primary,hostile-adaptive-timing,0.75,frictionless,corrected_guarded_vs_dca,epsilon-dca,443.79306203342399678972899027202600482385091230504535785099,0.261054742372602351052781758983544708719912301355909034029994,421.16076421500645676685114655881320253644319389927741065801,0.7544099272805846674292614571070934095802572801922649064326,421.16076421500645676685114655881320253644319389927741065801,22.632297818417540022877843713212802287407718405767947192978,0.070193460702501076127808524426468867089407198983212901776335,0,0.803544114553888729824438177418378060589450202691594142594932,1,0.833333333333333333333333333333333333333333333333333333333333,0,6,6,alternating-signal-whipsaw|evaluation-below-all-purchases,arbitrary-horizon
hostile-adaptive-timing-primary,hostile-adaptive-timing,0.75,frictionless,corrected_guarded_vs_neutral_guarded,epsilon-dca,-64.05199004990933654360434306130732850948242102828797548235,-0.0290110893377547337798676803367985423046266122224696882685999,-200.73593717388243212203774233007568635244569498961147823088,4.5561315707991031859477799756256119280987757987107834249511,-200.73593717388243212203774233007568635244569498961147823088,136.683947123973095578433399268768357842963273961323502748533,0.070193460702501076127808524426468867089407198983212901776335,0.103649450231481481481481481481481481481481481481481481481482,0.803544114553888729824438177418378060589450202691594142594932,0.718324118442069050251873694557070893230126551173362820985379,0.833333333333333333333333333333333333333333333333333333333333,1,6,6,alternating-signal-whipsaw|evaluation-below-all-purchases,arbitrary-horizon
hostile-adaptive-timing-primary,hostile-adaptive-timing,0.75,frictionless,neutral_guarded_vs_dca,epsilon-dca,507.84505208333333333333333333333333333333333333333333333334,0.298732383578431372549019607843137254901960784313725490196082,621.89670138888888888888888888888888888888888888888888888889,-3.8017216435185185185185185185185185185185185185185185185185,621.89670138888888888888888888888888888888888888888888888889,-114.051649305555555555555555555555555555555555555555555555555,0.103649450231481481481481481481481481481481481481481481481482,0,0.718324118442069050251873694557070893230126551173362820985379,1,1,0,6,6,alternating-signal-whipsaw|evaluation-below-all-purchases,arbitrary-horizon
hostile-adaptive-timing-primary,hostile-adaptive-timing,0.75,proportional-10bps,corrected_guarded_vs_dca,outside-current-safety-theorem,443.6888169689525036188677427875562756906155573390063911447,0.261254415168189091836756829723731665862533042880203175021085,421.052188415728478424626877377160100590570097706266217448642,0.7545542851074675064746955136798725033348486544246724565352,421.052188415728478424626877377160100590570097706266217448642,22.636628553224025194240865410396175100045459632740173696056,0.0701753647359547464041044795628600167650950162843777029081072,0.000000000000000000000000000000000000000000000000000000000000166666666666666666666666666666666666666666666666666666666667,0.803429480469699227864164193232935640224694757226398417205531,1,0.833333333333333333333333333333333333333333333333333333333333,0,6,6,alternating-signal-whipsaw|evaluation-below-all-purchases,arbitrary-horizon
hostile-adaptive-timing-primary,hostile-adaptive-timing,0.75,proportional-10bps,corrected_guarded_vs_neutral_guarded,outside-current-safety-theorem,-64.05120653148642255386698545191288015401080690656669388202,-0.029034449302782161605986760025076936818550020505870889833053,-200.603949454018844206448270129269870046226853583315510312728,4.5517580974177473884193761559118996630738682225582938810235,-200.603949454018844206448270129269870046226853583315510312728,136.552742922532421652581284677356989892216046676748816430705,0.0701753647359547464041044795628600167650950162843777029081072,0.103609356311624553771845857917738328439466158548263621293562,0.803429480469699227864164193232935640224694757226398417205531,0.718202909887891741306544410828342294295803933787356736563059,0.833333333333333333333333333333333333333333333333333333333333,1,6,6,alternating-signal-whipsaw|evaluation-below-all-purchases,arbitrary-horizon
hostile-adaptive-timing-primary,hostile-adaptive-timing,0.75,proportional-10bps,neutral_guarded_vs_dca,outside-current-safety-theorem,507.74002350043892617273472823946915584462636424557308502672,0.298969272661140802999357331157475661764982935652834504771616,621.65613786974732263107514750642997063679695128958172776137,-3.7972038123102798819446806422320271597390195681336214244883,621.65613786974732263107514750642997063679695128958172776137,-113.916114369308396458340419266960814792170587044008642734649,0.103609356311624553771845857917738328439466158548263621293562,0.000000000000000000000000000000000000000000000000000000000000166666666666666666666666666666666666666666666666666666666667,0.718202909887891741306544410828342294295803933787356736563059,1,1,0,6,6,alternating-signal-whipsaw|evaluation-below-all-purchases,arbitrary-horizon
hostile-adaptive-timing-primary,hostile-adaptive-timing,0.75,fixed-1-usd,corrected_guarded_vs_dca,outside-current-safety-theorem,443.63796360153183717321011737933705837120215001482008575547,0.261224732733634715405529127586019583331097067664617609230095,420.94014826887982995874109342255648445117079764457234017277,0.7565938444217335738156341318926857973343784123415915194234,420.94014826887982995874109342255648445117079764457234017277,22.697815332652007214469023956780573920031352370247745582702,0.0701566913781466383264568489037594140751951329407620566954617,0,0.803476965522803534164346387818801023071466758960755799016372,1,0.833333333333333333333333333333333333333333333333333333333333,0,6,6,alternating-signal-whipsaw|evaluation-below-all-purchases,arbitrary-horizon
hostile-adaptive-timing-primary,hostile-adaptive-timing,0.75,fixed-1-usd,corrected_guarded_vs_neutral_guarded,outside-current-safety-theorem,-63.80682806513482949345654928732960829546451665184658091119,-0.0289275660113526640017748574701177672713751430265064085377164,-200.48971284223128115237001768855462665994031346653877093834,4.5560961592365483886304489467075006121491932271564063342383,-200.48971284223128115237001768855462665994031346653877093834,136.682884777096451658913468401225018364475796814692190027149,0.0701566913781466383264568489037594140751951329407620566954617,0.103571643518518518518518518518518518518518518518518518518518,0.803476965522803534164346387818801023071466758960755799016372,0.71826756048166522236363536189039196101719861882127556750877,0.833333333333333333333333333333333333333333333333333333333333,1,6,6,alternating-signal-whipsaw|evaluation-below-all-purchases,arbitrary-horizon
hostile-adaptive-timing-primary,hostile-adaptive-timing,0.75,fixed-1-usd,neutral_guarded_vs_dca,outside-current-safety-theorem,507.44479166666666666666666666666666666666666666666666666666,0.298795732006516320241810437888869261418281026124163379065336,621.42986111111111111111111111111111111111111111111111111111,-3.7995023148148148148148148148148148148148148148148148148149,621.42986111111111111111111111111111111111111111111111111111,-113.985069444444444444444444444444444444444444444444444444447,0.103571643518518518518518518518518518518518518518518518518518,0,0.71826756048166522236363536189039196101719861882127556750877,1,1,0,6,6,alternating-signal-whipsaw|evaluation-below-all-purchases,arbitrary-horizon
hostile-adaptive-timing-primary,hostile-adaptive-timing,0.5,frictionless,corrected_guarded_vs_dca,epsilon-dca,592.95825314605460063080869168908198759391679536458638727662,0.348798972438855647429887465699459992702303997273286110162718,629.63660519829725124912087721099797160538858092750332629934,-1.2226117350747550206104061840638661337157261854305646340908,629.63660519829725124912087721099797160538858092750332629934,-36.678352052242650618312185521915984011471785562916939022724,0.10493943419971620854152014620183299526756476348791722104989,0,0.725404243913117908056856210724679722879761422408880522812902,1,0.333333333333333333333333333333333333333333333333333333333333,0,6,6,alternating-signal-whipsaw|evaluation-below-all-purchases,arbitrary-horizon
hostile-adaptive-timing-primary,hostile-adaptive-timing,0.5,frictionless,corrected_guarded_vs_neutral_guarded,epsilon-dca,-135.42716352061206603585797497758467907274987130208027939004,-0.0557683976320804647268305226717346024278133518284169729606172,-336.50922813503608208421245612233536172794475240583000703399,6.7027354871474672016118160381583560885064960367916575881316,-336.50922813503608208421245612233536172794475240583000703399,201.082064614424016048354481144750682655194881103749727643948,0.10493943419971620854152014620183299526756476348791722104989,0.161024305555555555555555555555555555555555555555555555555555,0.725404243913117908056856210724679722879761422408880522812902,0.602144772117962466487935656836461126005361930294906166219839,0.333333333333333333333333333333333333333333333333333333333333,0.333333333333333333333333333333333333333333333333333333333333,6,6,alternating-signal-whipsaw|evaluation-below-all-purchases,arbitrary-horizon
hostile-adaptive-timing-primary,hostile-adaptive-timing,0.5,frictionless,neutral_guarded_vs_dca,epsilon-dca,728.38541666666666666666666666666666666666666666666666666666,0.4284620098039215686274509803921568627450980392156862745098,966.14583333333333333333333333333333333333333333333333333333,-7.9253472222222222222222222222222222222222222222222222222224,966.14583333333333333333333333333333333333333333333333333333,-237.760416666666666666666666666666666666666666666666666666672,0.161024305555555555555555555555555555555555555555555555555555,0,0.602144772117962466487935656836461126005361930294906166219839,1,0.333333333333333333333333333333333333333333333333333333333333,0,6,6,alternating-signal-whipsaw|evaluation-below-all-purchases,arbitrary-horizon
hostile-adaptive-timing-primary,hostile-adaptive-timing,0.5,proportional-10bps,corrected_guarded_vs_dca,outside-current-safety-theorem,592.99545369236860163124477603818158115310074392816973648813,0.349169675968271158960515306361305742784855202748292886014482,629.63381023897663370390744462647549546299051168288779303111,-1.2212785515536010690887556196097971436629922584906018847661,629.63381023897663370390744462647549546299051168288779303111,-36.638356546608032072662668588293914309889767754718056542983,0.104938968373162772283984574104412582577165085280481298838518,0.000000000000000000000000000000000000000000000000000000000000166666666666666666666666666666666666666666666666666666666667,0.725206392505214875446414089880749883611065383467137076999166,1,0.333333333333333333333333333333333333333333333333333333333333,0,6,6,alternating-signal-whipsaw|evaluation-below-all-purchases,arbitrary-horizon
hostile-adaptive-timing-primary,hostile-adaptive-timing,0.5,proportional-10bps,corrected_guarded_vs_neutral_guarded,outside-current-safety-theorem,-135.62800046336577388335051877689345370215389154624595770778,-0.0558847067558028599873301511768706489981642714062325620619618,-336.50681996415356942629568557665470766721261852024241009909,6.6959606500262598514315055599920417988352908991332150797103,-336.50681996415356942629568557665470766721261852024241009909,200.878819500787795542945166799761253965058726973996452391309,0.104938968373162772283984574104412582577165085280481298838518,0.161023438367188367188367188367188367188367188367188367188367,0.725206392505214875446414089880749883611065383467137076999166,0.601907529276358293529774713371911854455626708133352543787213,0.333333333333333333333333333333333333333333333333333333333333,0.333333333333333333333333333333333333333333333333333333333333,6,6,alternating-signal-whipsaw|evaluation-below-all-purchases,arbitrary-horizon
hostile-adaptive-timing-primary,hostile-adaptive-timing,0.5,proportional-10bps,neutral_guarded_vs_dca,outside-current-safety-theorem,728.62345415573437551459529481507503485525463547441569419591,0.429030633888170652876535229476405946994182288299935358758886,966.1406302031302031302031302031302031302031302031302031302,-7.9172392015798609205202611796018389424982831576238169644764,966.1406302031302031302031302031302031302031302031302031302,-237.517176047395827615607835388055168274948494728714508934292,0.161023438367188367188367188367188367188367188367188367188367,0.000000000000000000000000000000000000000000000000000000000000166666666666666666666666666666666666666666666666666666666667,0.601907529276358293529774713371911854455626708133352543787213,1,0.333333333333333333333333333333333333333333333333333333333333,0,6,6,alternating-signal-whipsaw|evaluation-below-all-purchases,arbitrary-horizon
hostile-adaptive-timing-primary,hostile-adaptive-timing,0.5,fixed-1-usd,corrected_guarded_vs_dca,outside-current-safety-theorem,592.95937864996892135347226189346560948295466107383530684886,0.349148783283264983426645623207599134124097427470903436877383,629.63100968973737492360358517678397436830764629978302869635,-1.2223877013256151190043774427772788295117661741982573949162,629.63100968973737492360358517678397436830764629978302869635,-36.671631039768453570131323283318364885352985225947721847486,0.104938501614956229153933930862797329061384607716630504782725,0,0.725203084575818844629258200441243587851224887646087483812189,1,0.333333333333333333333333333333333333333333333333333333333333,0,6,6,alternating-signal-whipsaw|evaluation-below-all-purchases,arbitrary-horizon
hostile-adaptive-timing-primary,hostile-adaptive-timing,0.5,fixed-1-usd,corrected_guarded_vs_neutral_guarded,outside-current-safety-theorem,-135.42707968336441197986107143986772385037867225949802648448,-0.0558074073468793976614487727745494069615518783840267895415948,-336.50440697692929174306308148988269229835902036688363797032,6.7025775764521626587734003350004989482660116035795203828615,-336.50440697692929174306308148988269229835902036688363797032,201.077327293564879763202010050014968447980348107385611485845,0.104938501614956229153933930862797329061384607716630504782725,0.161022569444444444444444444444444444444444444444444444444445,0.725203084575818844629258200441243587851224887646087483812189,0.601870520458495573739740275126533566218338706887263539660348,0.333333333333333333333333333333333333333333333333333333333333,0.333333333333333333333333333333333333333333333333333333333333,6,6,alternating-signal-whipsaw|evaluation-below-all-purchases,arbitrary-horizon
hostile-adaptive-timing-primary,hostile-adaptive-timing,0.5,fixed-1-usd,neutral_guarded_vs_dca,outside-current-safety-theorem,728.38645833333333333333333333333333333333333333333333333334,0.428891514063082690533670925827788572886612102298376808180734,966.13541666666666666666666666666666666666666666666666666667,-7.9249652777777777777777777777777777777777777777777777777777,966.13541666666666666666666666666666666666666666666666666667,-237.748958333333333333333333333333333333333333333333333333331,0.161022569444444444444444444444444444444444444444444444444445,0,0.601870520458495573739740275126533566218338706887263539660348,1,0.333333333333333333333333333333333333333333333333333333333333,0,6,6,alternating-signal-whipsaw|evaluation-below-all-purchases,arbitrary-horizon
hostile-adaptive-timing-design-iteration,adversarial-design-iteration,1,frictionless,corrected_guarded_vs_dca,epsilon-dca,0,0,0,0,0,0,0,0,1,1,1,0,6,6,retained-preliminary-whipsaw|evaluation-below-all-purchases,
hostile-adaptive-timing-design-iteration,adversarial-design-iteration,1,frictionless,corrected_guarded_vs_neutral_guarded,epsilon-dca,0,0,0,0,0,0,0,0,1,1,1,1,6,6,retained-preliminary-whipsaw|evaluation-below-all-purchases,
hostile-adaptive-timing-design-iteration,adversarial-design-iteration,1,frictionless,neutral_guarded_vs_dca,epsilon-dca,0,0,0,0,0,0,0,0,1,1,1,0,6,6,retained-preliminary-whipsaw|evaluation-below-all-purchases,
hostile-adaptive-timing-design-iteration,adversarial-design-iteration,1,proportional-10bps,corrected_guarded_vs_dca,outside-current-safety-theorem,0,0,0,0,0,0,0.000000000000000000000000000000000000000000000000000000000000166666666666666666666666666666666666666666666666666666666667,0.000000000000000000000000000000000000000000000000000000000000166666666666666666666666666666666666666666666666666666666667,1,1,1,0,6,6,retained-preliminary-whipsaw|evaluation-below-all-purchases,
hostile-adaptive-timing-design-iteration,adversarial-design-iteration,1,proportional-10bps,corrected_guarded_vs_neutral_guarded,outside-current-safety-theorem,0,0,0,0,0,0,0.000000000000000000000000000000000000000000000000000000000000166666666666666666666666666666666666666666666666666666666667,0.000000000000000000000000000000000000000000000000000000000000166666666666666666666666666666666666666666666666666666666667,1,1,1,1,6,6,retained-preliminary-whipsaw|evaluation-below-all-purchases,
hostile-adaptive-timing-design-iteration,adversarial-design-iteration,1,proportional-10bps,neutral_guarded_vs_dca,outside-current-safety-theorem,0,0,0,0,0,0,0.000000000000000000000000000000000000000000000000000000000000166666666666666666666666666666666666666666666666666666666667,0.000000000000000000000000000000000000000000000000000000000000166666666666666666666666666666666666666666666666666666666667,1,1,1,0,6,6,retained-preliminary-whipsaw|evaluation-below-all-purchases,
hostile-adaptive-timing-design-iteration,adversarial-design-iteration,1,fixed-1-usd,corrected_guarded_vs_dca,outside-current-safety-theorem,0,0,0,0,0,0,0,0,1,1,1,0,6,6,retained-preliminary-whipsaw|evaluation-below-all-purchases,
hostile-adaptive-timing-design-iteration,adversarial-design-iteration,1,fixed-1-usd,corrected_guarded_vs_neutral_guarded,outside-current-safety-theorem,0,0,0,0,0,0,0,0,1,1,1,1,6,6,retained-preliminary-whipsaw|evaluation-below-all-purchases,
hostile-adaptive-timing-design-iteration,adversarial-design-iteration,1,fixed-1-usd,neutral_guarded_vs_dca,outside-current-safety-theorem,0,0,0,0,0,0,0,0,1,1,1,0,6,6,retained-preliminary-whipsaw|evaluation-below-all-purchases,
hostile-adaptive-timing-design-iteration,adversarial-design-iteration,0.9,frictionless,corrected_guarded_vs_dca,epsilon-dca,266.25802496408555473203418330178884091663251934562569905133,0.0977909273657743272805467785081695242097815596928842300355468,215.22995518709391604152261317404888310713875920465355126667,1.7009356592330546230170523375913319269831253380324049261555,215.22995518709391604152261317404888310713875920465355126667,51.028069776991638690511570127739957809493760140972147784665,0.0358716591978489860069204355290081471845231265341089252111117,0,0.927992300479586200985593458520336389843196538273794073874624,1,1,0,6,6,retained-preliminary-whipsaw|evaluation-below-all-purchases,
hostile-adaptive-timing-design-iteration,adversarial-design-iteration,0.9,frictionless,corrected_guarded_vs_neutral_guarded,epsilon-dca,60.70120678226737291385236511997065909845070116380751723315,0.0207292751993275957313622550072273865033573870146380385523526,-57.81549935836062941302284137140566234740669534080099418788,3.9505568713542667442291735497125440481952465501536170473677,-57.81549935836062941302284137140566234740669534080099418788,118.516706140628002326875206491376321445857396504608511421031,0.0358716591978489860069204355290081471845231265341089252111117,0.0455075757575757575757575757575757575757575757575757575757583,0.927992300479586200985593458520336389843196538273794073874624,0.906755818059754199830027669011870898641385546142831087085594,1,1,6,6,retained-preliminary-whipsaw|evaluation-below-all-purchases,
hostile-adaptive-timing-design-iteration,adversarial-design-iteration,0.9,frictionless,neutral_guarded_vs_dca,epsilon-dca,205.55681818181818181818181818181818181818181818181818181818,0.0754966611018363939899833055091819699499165275459098497495819,273.04545454545454545454545454545454545454545454545454545455,-2.2496212121212121212121212121212121212121212121212121212122,273.04545454545454545454545454545454545454545454545454545455,-67.488636363636363636363636363636363636363636363636363636366,0.0455075757575757575757575757575757575757575757575757575757583,0,0.906755818059754199830027669011870898641385546142831087085594,1,1,0,6,6,retained-preliminary-whipsaw|evaluation-below-all-purchases,
hostile-adaptive-timing-design-iteration,adversarial-design-iteration,0.9,proportional-10bps,corrected_guarded_vs_dca,outside-current-safety-theorem,266.01248497746868860317612627669412357703677576915703685259,0.0977984464803641980036585083950811016596578276458827423300122,215.114077319319543286981097834998534589498743693552746610883,1.6966135886049715105398342813898529662512677358534763413904,215.114077319319543286981097834998534589498743693552746610883,50.898407658149145316195028441695588987538032075604290241712,0.035852346219886590547830182972499755764916457282258791101814,0.000000000000000000000000000000000000000000000000000000000000166666666666666666666666666666666666666666666666666666666667,0.927959593272055999670328783506225464572289327757036342407041,1,1,0,6,6,retained-preliminary-whipsaw|evaluation-below-all-purchases,
hostile-adaptive-timing-design-iteration,adversarial-design-iteration,0.9,proportional-10bps,corrected_guarded_vs_neutral_guarded,outside-current-safety-theorem,60.50638352659638800230178862882184917661908518390607535633,0.0206823131320877335273097082175417060008038917437435652747531,-57.809273798737096774304061646202566001961547628264144628953,3.9438552441777828258868616758341471726193544270723406661764,-57.809273798737096774304061646202566001961547628264144628953,118.315657325333484776605850275024415178580632812170219985292,0.035852346219886590547830182972499755764916457282258791101814,0.0454872251863427733435475265802001834319100485536361485399728,0.927959593272055999670328783506225464572289327757036342407041,0.906709244878250290118689537550212793780276882354264423097174,1,1,6,6,retained-preliminary-whipsaw|evaluation-below-all-purchases,
hostile-adaptive-timing-design-iteration,adversarial-design-iteration,0.9,proportional-10bps,neutral_guarded_vs_dca,outside-current-safety-theorem,205.50610145087230060087433764787227440041769058525096149626,0.0755535119557781269421110962217269320007679195670850863784747,272.923351118056640061285159481201100591460291321816891239836,-2.247241655572811315347027394444294206368086691218864324786,272.923351118056640061285159481201100591460291321816891239836,-67.41724966718433946041082183332882619104260073656592974358,0.0454872251863427733435475265802001834319100485536361485399728,0.000000000000000000000000000000000000000000000000000000000000166666666666666666666666666666666666666666666666666666666667,0.906709244878250290118689537550212793780276882354264423097174,1,1,0,6,6,retained-preliminary-whipsaw|evaluation-below-all-purchases,
hostile-adaptive-timing-design-iteration,adversarial-design-iteration,0.9,fixed-1-usd,corrected_guarded_vs_dca,outside-current-safety-theorem,266.03767656719542109443746668860501755894393684123583449303,0.0978078058773013291100386574746584712641985325978263465276072,215.06304814331709081579823420002188722439307055029051987419,1.6991542807959443426213077496194376778183622096981771539613,215.06304814331709081579823420002188722439307055029051987419,50.974628423878330278639232488583130334550866290945314618839,0.0358438413572195151359663723666703145373988450917150866456983,0,0.927977224649654919509819810592365586364380923009334917073174,1,1,0,6,6,retained-preliminary-whipsaw|evaluation-below-all-purchases,
hostile-adaptive-timing-design-iteration,adversarial-design-iteration,0.9,fixed-1-usd,corrected_guarded_vs_neutral_guarded,outside-current-safety-theorem,60.66214247628633018534655759769592664985302775032674358394,0.0207364994724760728403349121475937877846427097797775804765056,-57.76608822031927282056540216361447641197056581334584376217,3.9476076898868534335303986587103467687274531187890862448704,-57.76608822031927282056540216361447641197056581334584376217,118.428230696605603005911959761310403061823593563672587346112,0.0358438413572195151359663723666703145373988450917150866456983,0.0454715227272727272727272727272727272727272727272727272727267,0.927977224649654919509819810592365586364380923009334917073174,0.906737200314145659557594316794429590961426236117640144872085,1,1,6,6,retained-preliminary-whipsaw|evaluation-below-all-purchases,
hostile-adaptive-timing-design-iteration,adversarial-design-iteration,0.9,fixed-1-usd,neutral_guarded_vs_dca,outside-current-safety-theorem,205.37553409090909090909090909090909090909090909090909090909,0.075505584883715100743481377872028957170860342813598239307755,272.82913636363636363636363636363636363636363636363636363636,-2.2484534090909090909090909090909090909090909090909090909091,272.82913636363636363636363636363636363636363636363636363636,-67.453602272727272727272727272727272727272727272727272727273,0.0454715227272727272727272727272727272727272727272727272727267,0,0.906737200314145659557594316794429590961426236117640144872085,1,1,0,6,6,retained-preliminary-whipsaw|evaluation-below-all-purchases,
hostile-adaptive-timing-design-iteration,adversarial-design-iteration,0.75,frictionless,corrected_guarded_vs_dca,epsilon-dca,527.11051032771251770251651583034208594180335764900083319509,0.193596514644568871276383361406803437240729112992955230889682,482.70797472696724606446779902067290158271351689572433405821,1.4800845200248423879349572269889728119696613584425499712294,482.70797472696724606446779902067290158271351689572433405821,44.402535600745271638048716809669184359089840753276499136882,0.0804513291211612076774112998367788169304522528159540556763683,0,0.851467055603864235789164615682016438284713616413718054129334,1,0.833333333333333333333333333333333333333333333333333333333333,0,6,6,retained-preliminary-whipsaw|evaluation-below-all-purchases,
hostile-adaptive-timing-design-iteration,adversarial-design-iteration,0.75,frictionless,corrected_guarded_vs_neutral_guarded,epsilon-dca,51.40028305498524497524378855761481321453063037627356046782,0.0160704353469421381456551170868947144393256489696214356128016,-178.08747981848729939007765552478164387183193764973021139633,7.6495920957824181455107148027465485695454189342001257288051,-178.08747981848729939007765552478164387183193764973021139633,229.487762873472544365321444082396457086362568026003771864153,0.0804513291211612076774112998367788169304522528159540556763683,0.110132575757575757575757575757575757575757575757575757575757,0.851467055603864235789164615682016438284713616413718054129334,0.793400541812852511435804059155304880756761557934005418128527,0.833333333333333333333333333333333333333333333333333333333333,0.833333333333333333333333333333333333333333333333333333333333,6,6,retained-preliminary-whipsaw|evaluation-below-all-purchases,
hostile-adaptive-timing-design-iteration,adversarial-design-iteration,0.75,frictionless,neutral_guarded_vs_dca,epsilon-dca,475.71022727272727272727272727272727272727272727272727272727,0.174718280467445742904841402337228714524207011686143572621034,660.79545454545454545454545454545454545454545454545454545454,-6.1695075757575757575757575757575757575757575757575757575757,660.79545454545454545454545454545454545454545454545454545454,-185.085227272727272727272727272727272727272727272727272727271,0.110132575757575757575757575757575757575757575757575757575757,0,0.793400541812852511435804059155304880756761557934005418128527,1,0.833333333333333333333333333333333333333333333333333333333333,0,6,6,retained-preliminary-whipsaw|evaluation-below-all-purchases,
hostile-adaptive-timing-design-iteration,adversarial-design-iteration,0.75,proportional-10bps,corrected_guarded_vs_dca,outside-current-safety-theorem,526.93838329002819167935253592101763317302328466375349769671,0.193726829329098511471831411453299671414629695740654082241685,482.528611314052332614234096644229398071744728668019833306313,1.4803257325325286355039479758929411700426185331911221463469,482.528611314052332614234096644229398071744728668019833306313,44.409771975975859065118439276788235101278555995733664390407,0.080421435219008722102372349440704899678624121444669972217719,0.000000000000000000000000000000000000000000000000000000000000166666666666666666666666666666666666666666666666666666666667,0.851389994316799996371176332347460268784066790675766223215653,1,0.833333333333333333333333333333333333333333333333333333333333,0,6,6,retained-preliminary-whipsaw|evaluation-below-all-purchases,
hostile-adaptive-timing-design-iteration,adversarial-design-iteration,0.75,proportional-10bps,corrected_guarded_vs_neutral_guarded,outside-current-safety-theorem,51.13683546046387620496800828998179605005055946816264641625,0.0160012186110087923531271402861741411730376703212368954129335,-178.064547411602435075057874195728555037428154372718264826568,7.6400460957355437093341960828570117029159571280293637080941,-178.064547411602435075057874195728555037428154372718264826568,229.201382872066311280025882485710351087478713840880911242823,0.080421435219008722102372349440704899678624121444669972217719,0.110098859787609127948215328473326325518195480506789683022147,0.851389994316799996371176332347460268784066790675766223215653,0.793293905449460398784876107977724818477318656498150304953321,0.833333333333333333333333333333333333333333333333333333333333,0.833333333333333333333333333333333333333333333333333333333333,6,6,retained-preliminary-whipsaw|evaluation-below-all-purchases,
hostile-adaptive-timing-design-iteration,adversarial-design-iteration,0.75,proportional-10bps,neutral_guarded_vs_dca,outside-current-safety-theorem,475.80154782956431547438452763103583712297272519559085128046,0.174926572392365030974572555383817549334258853994278826826349,660.593158725654767689291970839957953109172883040738098132881,-6.1597203632030150738302481069640705328733385948382415617472,660.593158725654767689291970839957953109172883040738098132881,-184.791610896090452214907443208922115986200157845147246852416,0.110098859787609127948215328473326325518195480506789683022147,0.000000000000000000000000000000000000000000000000000000000000166666666666666666666666666666666666666666666666666666666667,0.793293905449460398784876107977724818477318656498150304953321,1,0.833333333333333333333333333333333333333333333333333333333333,0,6,6,retained-preliminary-whipsaw|evaluation-below-all-purchases,
hostile-adaptive-timing-design-iteration,adversarial-design-iteration,0.75,fixed-1-usd,corrected_guarded_vs_dca,outside-current-safety-theorem,526.93501797261910515857926767435514595508779296229168002219,0.193725785809141701191821936942548779347159036251116173945034,482.44073146973259078151809756910313336999727902323615381925,1.4831428834295504792353723368417337528363504646351842067646,482.44073146973259078151809756910313336999727902323615381925,44.494286502886514377061170105252012585090513939055526202938,0.0804067885782887651302530162615171888949995465038726923032083,0,0.85141678123490741870691259601596838984040095201987771570633,1,0.833333333333333333333333333333333333333333333333333333333333,0,6,6,retained-preliminary-whipsaw|evaluation-below-all-purchases,
hostile-adaptive-timing-design-iteration,adversarial-design-iteration,0.75,fixed-1-usd,corrected_guarded_vs_neutral_guarded,outside-current-safety-theorem,51.38885319989183243130654040162787322781506568956440729491,0.0160813762195740508838882313342303944499811266550403611767269,-177.97915489390377285484553879453323026636635734040020981712,7.645600269793186842871735973205370116472714100998820570401,-177.97915489390377285484553879453323026636635734040020981712,229.36800809379560528615207919616110349418142302996461711203,0.0804067885782887651302530162615171888949995465038726923032083,0.110069981060606060606060606060606060606060606060606060606062,0.85141678123490741870691259601596838984040095201987771570633,0.793331432904512964292459726385367936784619346226111527493592,0.833333333333333333333333333333333333333333333333333333333333,0.833333333333333333333333333333333333333333333333333333333333,6,6,retained-preliminary-whipsaw|evaluation-below-all-purchases,
hostile-adaptive-timing-design-iteration,adversarial-design-iteration,0.75,fixed-1-usd,neutral_guarded_vs_dca,outside-current-safety-theorem,475.54616477272727272727272727272727272727272727272727272728,0.174832856646295711404225594542789868332439284025260652973511,660.41988636363636363636363636363636363636363636363636363637,-6.1624573863636363636363636363636363636363636363636363636364,660.41988636363636363636363636363636363636363636363636363637,-184.873721590909090909090909090909090909090909090909090909092,0.110069981060606060606060606060606060606060606060606060606062,0,0.793331432904512964292459726385367936784619346226111527493592,1,0.833333333333333333333333333333333333333333333333333333333333,0,6,6,retained-preliminary-whipsaw|evaluation-below-all-purchases,
hostile-adaptive-timing-design-iteration,adversarial-design-iteration,0.5,frictionless,corrected_guarded_vs_dca,epsilon-dca,618.9158898248441690704332242275721957067268821078738158895,0.227314684075902699825534740116971424132687669555479531712337,645.29437335129504084749018663102113594723667978147194187671,-0.8792827842150290592352320801149646746836599224532708662402,645.29437335129504084749018663102113594723667978147194187671,-26.378483526450871777056962403448940240509797673598125987206,0.107549062225215840141248364438503522657872779963578656979452,0,0.806893093618510827987170602878871015015342304876687302974593,1,0.5,0,6,6,retained-preliminary-whipsaw|evaluation-below-all-purchases,
hostile-adaptive-timing-design-iteration,adversarial-design-iteration,0.5,frictionless,corrected_guarded_vs_neutral_guarded,epsilon-dca,32.05509437029871452497867877302674116127233665332836134404,0.00968552391110980708838601251366373775297140496746418008378038,-317.4897175577958682434189042780697731436724111276189672142,11.6514937309364860922799194350365504768314915926982442852749,-317.4897175577958682434189042780697731436724111276189672142,349.544811928094582768397583051096514304944747780947328558247,0.107549062225215840141248364438503522657872779963578656979452,0.160464015151515151515151515151515151515151515151515151515152,0.806893093618510827987170602878871015015342304876687302974593,0.709092469795489173587416038970793364664477778493100710315672,0.5,0.5,6,6,retained-preliminary-whipsaw|evaluation-below-all-purchases,
hostile-adaptive-timing-design-iteration,adversarial-design-iteration,0.5,frictionless,neutral_guarded_vs_dca,epsilon-dca,586.86079545454545454545454545454545454545454545454545454546,0.215541527545909849749582637729549248747913188647746243739568,962.78409090909090909090909090909090909090909090909090909091,-12.5307765151515151515151515151515151515151515151515151515151,962.78409090909090909090909090909090909090909090909090909091,-375.923295454545454545454545454545454545454545454545454545453,0.160464015151515151515151515151515151515151515151515151515152,0,0.709092469795489173587416038970793364664477778493100710315672,1,0.5,0,6,6,retained-preliminary-whipsaw|evaluation-below-all-purchases,
hostile-adaptive-timing-design-iteration,adversarial-design-iteration,0.5,proportional-10bps,corrected_guarded_vs_dca,outside-current-safety-theorem,618.94359040864131167290654462277008882306805545627004356923,0.227552182770936543667124339326922252021061848368246726201696,645.260585650700202778734531874364828313769950639590985973319,-0.877233174735296370194266241719824649690063172777364746803,645.260585650700202778734531874364828313769950639590985973319,-26.31699524205889110582798725159473949070189518332094240409,0.10754343094178336712978908864572747138562832510659849766222,0.000000000000000000000000000000000000000000000000000000000000166666666666666666666666666666666666666666666666666666666667,0.806747504379640491176449371350088323593956964833499871728281,1,0.5,0,6,6,retained-preliminary-whipsaw|evaluation-below-all-purchases,
hostile-adaptive-timing-design-iteration,adversarial-design-iteration,0.5,proportional-10bps,corrected_guarded_vs_neutral_guarded,outside-current-safety-theorem,31.6996148993680438962222861367786885749137539808459526805,0.00958488260784817665952978202451828388554552710055296191841406,-317.464893421358426086723867686296107335813414864217711005846,11.6388169440242156660982051274358265303575722948354554562115,-317.464893421358426086723867686296107335813414864217711005846,349.164508320726469982946153823074795910727168845063663686345,0.10754343094178336712978908864572747138562832510659849766222,0.160454246512009771477576399926776822608263894250634782829861,0.806747504379640491176449371350088323593956964833499871728281,0.708904643485935912120157629472605255082687652427189266509049,0.5,0.5,6,6,retained-preliminary-whipsaw|evaluation-below-all-purchases,
hostile-adaptive-timing-design-iteration,adversarial-design-iteration,0.5,proportional-10bps,neutral_guarded_vs_dca,outside-current-safety-theorem,587.24397550927326777668425848599140024815430147542409088873,0.21589794371728240238694725776925713883580724586129865324794,962.725479072058628865458399560660935649583365503808696979165,-12.5160501187595120362924713691556511800476354676128202030145,962.725479072058628865458399560660935649583365503808696979165,-375.481503562785361088774141074669535401429064028384606090435,0.160454246512009771477576399926776822608263894250634782829861,0.000000000000000000000000000000000000000000000000000000000000166666666666666666666666666666666666666666666666666666666667,0.708904643485935912120157629472605255082687652427189266509049,1,0.5,0,6,6,retained-preliminary-whipsaw|evaluation-below-all-purchases,
hostile-adaptive-timing-design-iteration,adversarial-design-iteration,0.5,fixed-1-usd,corrected_guarded_vs_dca,outside-current-safety-theorem,618.91877135531676608472706018207748202743571229506052537574,0.227543285686637703711457623299521635234626708018391205199629,645.2330541715725357856961986482988564328532068374185554698,-0.8771427605418589900323046155407124801805831514119343364688,645.2330541715725357856961986482988564328532068374185554698,-26.314282816255769700969138466221374405417494542358030094064,0.107538842361928755964282699774716476072142201139569759244967,0,0.806754156070869754741711690348861707213537628012616000043762,1,0.5,0,6,6,retained-preliminary-whipsaw|evaluation-below-all-purchases,
hostile-adaptive-timing-design-iteration,adversarial-design-iteration,0.5,fixed-1-usd,corrected_guarded_vs_neutral_guarded,outside-current-safety-theorem,32.04294275683191759987857533359263354258722744657567689089,0.00968977983245246525481562586942865014157332885315334591946925,-317.44128294963958542642501347291326477926800528379356574232,11.649474190215716767543452960216863277395174424345641421107,-317.44128294963958542642501347291326477926800528379356574232,349.48422570647150302630358880650589832185523273036924263321,0.107538842361928755964282699774716476072142201139569759244967,0.160445722853535353535353535353535353535353535353535353535353,0.806754156070869754741711690348861707213537628012616000043762,0.708887462432962404122024423266323592267490788242406122559536,0.5,0.5,6,6,retained-preliminary-whipsaw|evaluation-below-all-purchases,
hostile-adaptive-timing-design-iteration,adversarial-design-iteration,0.5,fixed-1-usd,neutral_guarded_vs_dca,outside-current-safety-theorem,586.87582859848484848484848484848484848484848484848484848485,0.215762811712658679826181217388785557956398245769419948607484,962.67433712121212121212121212121212121212121212121212121212,-12.5266169507575757575757575757575757575757575757575757575758,962.67433712121212121212121212121212121212121212121212121212,-375.798508522727272727272727272727272727272727272727272727274,0.160445722853535353535353535353535353535353535353535353535353,0,0.708887462432962404122024423266323592267490788242406122559536,1,0.5,0,6,6,retained-preliminary-whipsaw|evaluation-below-all-purchases,
two-purchase-exact-boundary,exact-rational-regression,1,frictionless,corrected_guarded_vs_dca,epsilon-dca,0,0,0,0,0,0,0,0,1,1,1,0,2,2,two-purchase-terminal-price-boundary,two-purchase
two-purchase-exact-boundary,exact-rational-regression,1,frictionless,corrected_guarded_vs_neutral_guarded,epsilon-dca,0,0,0,0,0,0,0,0,1,1,1,1,2,2,two-purchase-terminal-price-boundary,two-purchase
two-purchase-exact-boundary,exact-rational-regression,1,frictionless,neutral_guarded_vs_dca,epsilon-dca,0,0,0,0,0,0,0,0,1,1,1,0,2,2,two-purchase-terminal-price-boundary,two-purchase
two-purchase-exact-boundary,exact-rational-regression,1,proportional-10bps,corrected_guarded_vs_dca,outside-current-safety-theorem,0,0,0,0,0,0,0.0000000000000000000000000000000000000000000000000000000000005,0.0000000000000000000000000000000000000000000000000000000000005,1,1,1,0,2,2,two-purchase-terminal-price-boundary,two-purchase
two-purchase-exact-boundary,exact-rational-regression,1,proportional-10bps,corrected_guarded_vs_neutral_guarded,outside-current-safety-theorem,0,0,0,0,0,0,0.0000000000000000000000000000000000000000000000000000000000005,0.0000000000000000000000000000000000000000000000000000000000005,1,1,1,1,2,2,two-purchase-terminal-price-boundary,two-purchase
two-purchase-exact-boundary,exact-rational-regression,1,proportional-10bps,neutral_guarded_vs_dca,outside-current-safety-theorem,0,0,0,0,0,0,0.0000000000000000000000000000000000000000000000000000000000005,0.0000000000000000000000000000000000000000000000000000000000005,1,1,1,0,2,2,two-purchase-terminal-price-boundary,two-purchase
two-purchase-exact-boundary,exact-rational-regression,1,fixed-1-usd,corrected_guarded_vs_dca,outside-current-safety-theorem,0,0,0,0,0,0,0,0,1,1,1,0,2,2,two-purchase-terminal-price-boundary,two-purchase
two-purchase-exact-boundary,exact-rational-regression,1,fixed-1-usd,corrected_guarded_vs_neutral_guarded,outside-current-safety-theorem,0,0,0,0,0,0,0,0,1,1,1,1,2,2,two-purchase-terminal-price-boundary,two-purchase
two-purchase-exact-boundary,exact-rational-regression,1,fixed-1-usd,neutral_guarded_vs_dca,outside-current-safety-theorem,0,0,0,0,0,0,0,0,1,1,1,0,2,2,two-purchase-terminal-price-boundary,two-purchase
two-purchase-exact-boundary,exact-rational-regression,0.9,frictionless,corrected_guarded_vs_dca,epsilon-dca,4.16666666666666666666666666666666666666666666666666666667,0.00185185185185185185185185185185185185185185185185185185185333,166.666666666666666666666666666666666666666666666666666666667,-108.33333333333333333333333333333333333333333333333333333333,166.666666666666666666666666666666666666666666666666666666667,-162.499999999999999999999999999999999999999999999999999999995,0.0833333333333333333333333333333333333333333333333333333333335,0,0.926062846580406654343807763401109057301293900184842883548982,1,1,0,2,2,two-purchase-terminal-price-boundary,two-purchase
two-purchase-exact-boundary,exact-rational-regression,0.9,frictionless,corrected_guarded_vs_neutral_guarded,epsilon-dca,10.41666666666666666666666666666666666666666666666666666667,0.00464252553389043639740018570102135561745589600742804085422618,41.666666666666666666666666666666666666666666666666666666667,-20.83333333333333333333333333333333333333333333333333333333,41.666666666666666666666666666666666666666666666666666666667,-31.249999999999999999999999999999999999999999999999999999995,0.0833333333333333333333333333333333333333333333333333333333335,0.0625,0.926062846580406654343807763401109057301293900184842883548982,0.944289693593314763231197771587743732590529247910863509749304,1,1,2,2,two-purchase-terminal-price-boundary,two-purchase
two-purchase-exact-boundary,exact-rational-regression,0.9,frictionless,neutral_guarded_vs_dca,epsilon-dca,-6.25,-0.00277777777777777777777777777777777777777777777777777777777778,125,-87.5,125,-131.25,0.0625,0,0.944289693593314763231197771587743732590529247910863509749304,1,1,0,2,2,two-purchase-terminal-price-boundary,two-purchase
two-purchase-exact-boundary,exact-rational-regression,0.9,proportional-10bps,corrected_guarded_vs_dca,outside-current-safety-theorem,4.31230441220451210461200471190481180491170501160511150521,0.00191849631849631849631849631849631849631849631849631849631787,166.600066600066600066600066600066600066600066600066600066599,-108.19184145857472530799204125877452550779224105897432570759,166.600066600066600066600066600066600066600066600066600066599,-162.287762187862087961988061888161788261688361588461488561385,0.0833000333000333000333000333000333000333000333000333000333,0.0000000000000000000000000000000000000000000000000000000000005,0.926023405306056705980200518993952003399612462141673129767041,1,1,0,2,2,two-purchase-terminal-price-boundary,two-purchase
two-purchase-exact-boundary,exact-rational-regression,0.9,proportional-10bps,corrected_guarded_vs_neutral_guarded,outside-current-safety-theorem,10.44371046868549366051863554361056858559356061853564351067,0.0046589995392730721834075834915487953729587281819053393802873,41.650016650016650016650016650016650016650016650016650016649,-20.80420412088743757075425407093738762070430402098733767065,41.650016650016650016650016650016650016650016650016650016649,-31.206306181331156356131381106406081431056456031481006505975,0.0833000333000333000333000333000333000333000333000333000333,0.0624750249750249750249750249750249750249750249750249750249755,0.926023405306056705980200518993952003399612462141673129767041,0.944259061289095475032776999103103456155398164421267991398404,1,1,2,2,two-purchase-terminal-price-boundary,two-purchase
two-purchase-exact-boundary,exact-rational-regression,0.9,proportional-10bps,neutral_guarded_vs_dca,outside-current-safety-theorem,-6.13140605648098155590663083170575678068185560693053200546,-0.0027277944277944277944277944277944277944277944277944277944291,124.95004995004995004995004995004995004995004995004995004995,-87.38763733768728773723778718783713788708793703798698803694,124.95004995004995004995004995004995004995004995004995004995,-131.08145600653093160585668078175570683063190555698048205541,0.0624750249750249750249750249750249750249750249750249750249755,0.0000000000000000000000000000000000000000000000000000000000005,0.944259061289095475032776999103103456155398164421267991398404,1,1,0,2,2,two-purchase-terminal-price-boundary,two-purchase
two-purchase-exact-boundary,exact-rational-regression,0.9,fixed-1-usd,corrected_guarded_vs_dca,outside-current-safety-theorem,4.13333333333333333333333333333333333333333333333333333333,0.00183887591294998702406109813517220924628332035739443146850406,166.533333333333333333333333333333333333333333333333333333333,-108.26666666666666666666666666666666666666666666666666666667,166.533333333333333333333333333333333333333333333333333333333,-162.400000000000000000000000000000000000000000000000000000005,0.0832666666666666666666666666666666666666666666666666666666665,0,0.926047086512770791855705964637007541835352630760918638472983,1,1,0,2,2,two-purchase-terminal-price-boundary,two-purchase
two-purchase-exact-boundary,exact-rational-regression,0.9,fixed-1-usd,corrected_guarded_vs_neutral_guarded,outside-current-safety-theorem,10.40833333333333333333333333333333333333333333333333333333,0.00464351970614587864389892072556389579778196648784096781509051,41.633333333333333333333333333333333333333333333333333333333,-20.81666666666666666666666666666666666666666666666666666667,41.633333333333333333333333333333333333333333333333333333333,-31.225000000000000000000000000000000000000000000000000000005,0.0832666666666666666666666666666666666666666666666666666666665,0.06245,0.926047086512770791855705964637007541835352630760918638472983,0.944277763526249456273212951293233250426616402145908386218896,1,1,2,2,two-purchase-terminal-price-boundary,two-purchase
two-purchase-exact-boundary,exact-rational-regression,0.9,fixed-1-usd,neutral_guarded_vs_dca,outside-current-safety-theorem,-6.275,-0.00279168056945834723612501390279168056945834723612501390279168,124.9,-87.45,124.9,-131.175,0.06245,0,0.944277763526249456273212951293233250426616402145908386218896,1,1,0,2,2,two-purchase-terminal-price-boundary,two-purchase
two-purchase-exact-boundary,exact-rational-regression,0.75,frictionless,corrected_guarded_vs_dca,epsilon-dca,10.41666666666666666666666666666666666666666666666666666667,0.00462962962962962962962962962962962962962962962962962962963111,416.666666666666666666666666666666666666666666666666666666667,-270.83333333333333333333333333333333333333333333333333333333,416.666666666666666666666666666666666666666666666666666666667,-406.249999999999999999999999999999999999999999999999999999995,0.208333333333333333333333333333333333333333333333333333333334,0,0.815668202764976958525345622119815668202764976958525345622119,1,1,0,2,2,two-purchase-terminal-price-boundary,two-purchase
two-purchase-exact-boundary,exact-rational-regression,0.75,frictionless,corrected_guarded_vs_neutral_guarded,epsilon-dca,26.04166666666666666666666666666666666666666666666666666667,0.0116550116550116550116550116550116550116550116550116550116565,104.166666666666666666666666666666666666666666666666666666667,-52.08333333333333333333333333333333333333333333333333333333,104.166666666666666666666666666666666666666666666666666666667,-78.124999999999999999999999999999999999999999999999999999995,0.208333333333333333333333333333333333333333333333333333333334,0.15625,0.815668202764976958525345622119815668202764976958525345622119,0.86013986013986013986013986013986013986013986013986013986014,1,1,2,2,two-purchase-terminal-price-boundary,two-purchase
two-purchase-exact-boundary,exact-rational-regression,0.75,frictionless,neutral_guarded_vs_dca,epsilon-dca,-15.625,-0.00694444444444444444444444444444444444444444444444444444444444,312.5,-218.75,312.5,-328.125,0.15625,0,0.86013986013986013986013986013986013986013986013986013986014,1,1,0,2,2,two-purchase-terminal-price-boundary,two-purchase
two-purchase-exact-boundary,exact-rational-regression,0.75,proportional-10bps,corrected_guarded_vs_dca,outside-current-safety-theorem,10.78076103051128026153001177976202951227926252901277876303,0.00479624079624079624079624079624079624079624079624079624079691,416.500166500166500166500166500166500166500166500166500166499,-270.47960364643681326998010314693631376948060264743581426898,416.500166500166500166500166500166500166500166500166500166499,-405.71940546965521990497015472040447065422090397115372140347,0.20825008325008325008325008325008325008325008325008325008325,0.0000000000000000000000000000000000000000000000000000000000005,0.815588187163737707052583995332557488359747756606600790053905,1,1,0,2,2,two-purchase-terminal-price-boundary,two-purchase
two-purchase-exact-boundary,exact-rational-regression,0.75,proportional-10bps,corrected_guarded_vs_neutral_guarded,outside-current-safety-theorem,26.10927617171373415129658885902642146398390154633910877666,0.0116954840563248696043957368318500943073337127103665160828327,104.125041625041625041625041625041625041625041625041625041624,-52.01051030221859392688563517734346905176076005246834417664,104.125041625041625041625041625041625041625041625041625041624,-78.01576545332789089032845276601520357764114007870251626496,0.20825008325008325008325008325008325008325008325008325008325,0.156187562437562437562437562437562437562437562437562437562438,0.815588187163737707052583995332557488359747756606600790053905,0.860073551310184926605576104756789509143732512871591044634413,1,1,2,2,two-purchase-terminal-price-boundary,two-purchase
two-purchase-exact-boundary,exact-rational-regression,0.75,proportional-10bps,neutral_guarded_vs_dca,outside-current-safety-theorem,-15.32851514120245388976657707926439195170463901732633001363,-0.00681948606948606948606948606948606948606948606948606948606384,312.375124875124875124875124875124875124875124875124875124875,-218.46909334421821934309446796959284471771984259496747009234,312.375124875124875124875124875124875124875124875124875124875,-327.70364001632732901464170195438926707657976389245120513851,0.156187562437562437562437562437562437562437562437562437562438,0.0000000000000000000000000000000000000000000000000000000000005,0.860073551310184926605576104756789509143732512871591044634413,1,1,0,2,2,two-purchase-terminal-price-boundary,two-purchase
two-purchase-exact-boundary,exact-rational-regression,0.75,fixed-1-usd,corrected_guarded_vs_dca,outside-current-safety-theorem,10.33333333333333333333333333333333333333333333333333333333,0.00459718978237496756015274533793052311570830089348607867126237,416.333333333333333333333333333333333333333333333333333333334,-270.66666666666666666666666666666666666666666666666666666667,416.333333333333333333333333333333333333333333333333333333334,-406.000000000000000000000000000000000000000000000000000000005,0.208166666666666666666666666666666666666666666666666666666667,0,0.815625345979259696645385097981326346089973059748311621212682,1,1,0,2,2,two-purchase-terminal-price-boundary,two-purchase
two-purchase-exact-boundary,exact-rational-regression,0.75,fixed-1-usd,corrected_guarded_vs_neutral_guarded,outside-current-safety-theorem,26.02083333333333333333333333333333333333333333333333333333,0.0116577530124417812374578818170787481682673909594078720167244,104.083333333333333333333333333333333333333333333333333333334,-52.04166666666666666666666666666666666666666666666666666667,104.083333333333333333333333333333333333333333333333333333334,-78.062500000000000000000000000000000000000000000000000000005,0.208166666666666666666666666666666666666666666666666666666667,0.156125,0.815625345979259696645385097981326346089973059748311621212682,0.860106963850698625150505418195055021980791308487105535799289,1,1,2,2,two-purchase-terminal-price-boundary,two-purchase
two-purchase-exact-boundary,exact-rational-regression,0.75,fixed-1-usd,neutral_guarded_vs_dca,outside-current-safety-theorem,-15.6875,-0.0069792014236458680903125347569792014236458680903125347569792,312.25,-218.625,312.25,-327.9375,0.156125,0,0.860106963850698625150505418195055021980791308487105535799289,1,1,0,2,2,two-purchase-terminal-price-boundary,two-purchase
two-purchase-exact-boundary,exact-rational-regression,0.5,frictionless,corrected_guarded_vs_dca,epsilon-dca,20.83333333333333333333333333333333333333333333333333333333,0.00925925925925925925925925925925925925925925925925925925925778,833.333333333333333333333333333333333333333333333333333333334,-541.666666666666666666666666666666666666666666666666666666667,833.333333333333333333333333333333333333333333333333333333334,-812.5,0.416666666666666666666666666666666666666666666666666666666667,0,0.633027522935779816513761467889908256880733944954128440366973,1,0.5,0,2,2,two-purchase-terminal-price-boundary,two-purchase
two-purchase-exact-boundary,exact-rational-regression,0.5,frictionless,corrected_guarded_vs_neutral_guarded,epsilon-dca,52.08333333333333333333333333333333333333333333333333333333,0.0234741784037558685446009389671361502347417840375586854460079,208.333333333333333333333333333333333333333333333333333333334,-104.166666666666666666666666666666666666666666666666666666667,208.333333333333333333333333333333333333333333333333333333334,-156.25,0.416666666666666666666666666666666666666666666666666666666667,0.3125,0.633027522935779816513761467889908256880733944954128440366973,0.718309859154929577464788732394366197183098591549295774647887,0.5,0.5,2,2,two-purchase-terminal-price-boundary,two-purchase
two-purchase-exact-boundary,exact-rational-regression,0.5,frictionless,neutral_guarded_vs_dca,epsilon-dca,-31.25,-0.0138888888888888888888888888888888888888888888888888888888889,625,-437.5,625,-656.25,0.3125,0,0.718309859154929577464788732394366197183098591549295774647887,1,0.5,0,2,2,two-purchase-terminal-price-boundary,two-purchase
two-purchase-exact-boundary,exact-rational-regression,0.5,proportional-10bps,corrected_guarded_vs_dca,outside-current-safety-theorem,21.56152206102256052306002355952405902455852505802555752606,0.00959248159248159248159248159248159248159248159248159248159381,833.000333000333000333000333000333000333000333000333000332999,-540.959207292873626539960206293872627538961205294871628537962,833.000333000333000333000333000333000333000333000333000332999,-811.438810939310439809940309440808941308441807942307442806943,0.4165001665001665001665001665001665001665001665001665001665,0.0000000000000000000000000000000000000000000000000000000000005,0.632928533691100750502377460652718350219978878743936141330639,1,1,0,2,2,two-purchase-terminal-price-boundary,two-purchase
two-purchase-exact-boundary,exact-rational-regression,0.5,proportional-10bps,corrected_guarded_vs_neutral_guarded,outside-current-safety-theorem,52.21855234342746830259317771805284292796780309267821755334,0.0235526881894677806653626489187011536091306675261337621816048,208.250083250083250083250083250083250083250083250083250083249,-104.021020604437187853771270354686938103521520104936688353272,208.250083250083250083250083250083250083250083250083250083249,-156.031530906655781780656905532030407155282280157405032529908,0.4165001665001665001665001665001665001665001665001665001665,0.312375124875124875124875124875124875124875124875124875124876,0.632928533691100750502377460652718350219978878743936141330639,0.718212260426407389091298666522471855425420738721196462823257,1,1,2,2,two-purchase-terminal-price-boundary,two-purchase
two-purchase-exact-boundary,exact-rational-regression,0.5,proportional-10bps,neutral_guarded_vs_dca,outside-current-safety-theorem,-30.65703028240490777953315415852878390340927803465266002728,-0.0136389721389721389721389721389721389721389721389721389721366,624.75024975024975024975024975024975024975024975024975024975,-436.93818668843643868618893593918568943543968518993494018469,624.75024975024975024975024975024975024975024975024975024975,-655.407280032654658029283403908778534153159527784902410277035,0.312375124875124875124875124875124875124875124875124875124876,0.0000000000000000000000000000000000000000000000000000000000005,0.718212260426407389091298666522471855425420738721196462823257,1,1,0,2,2,two-purchase-terminal-price-boundary,two-purchase
two-purchase-exact-boundary,exact-rational-regression,0.5,fixed-1-usd,corrected_guarded_vs_dca,outside-current-safety-theorem,20.66666666666666666666666666666666666666666666666666666667,0.0091943795647499351203054906758610462314166017869721573425292,832.666666666666666666666666666666666666666666666666666666667,-541.333333333333333333333333333333333333333333333333333333334,832.666666666666666666666666666666666666666666666666666666667,-812.000000000000000000000000000000000000000000000000000000001,0.416333333333333333333333333333333333333333333333333333333334,0,0.632930458102200506961537048602182138789904852870945226112192,1,1,0,2,2,two-purchase-terminal-price-boundary,two-purchase
two-purchase-exact-boundary,exact-rational-regression,0.5,fixed-1-usd,corrected_guarded_vs_neutral_guarded,outside-current-safety-theorem,52.04166666666666666666666666666666666666666666666666666667,0.0234805331528584588197695185456733028781982591694395879157047,208.166666666666666666666666666666666666666666666666666666667,-104.083333333333333333333333333333333333333333333333333333334,208.166666666666666666666666666666666666666666666666666666667,-156.125000000000000000000000000000000000000000000000000000001,0.416333333333333333333333333333333333333333333333333333333334,0.31225,0.632930458102200506961537048602182138789904852870945226112192,0.718233602165698494162765777451920365461620889966724945011562,1,1,2,2,two-purchase-terminal-price-boundary,two-purchase
two-purchase-exact-boundary,exact-rational-regression,0.5,fixed-1-usd,neutral_guarded_vs_dca,outside-current-safety-theorem,-31.375,-0.0139584028472917361806250695139584028472917361806250695139584,624.5,-437.25,624.5,-655.875,0.31225,0,0.718233602165698494162765777451920365461620889966724945011562,1,1,0,2,2,two-purchase-terminal-price-boundary,two-purchase
three-purchase-exact-boundary,exact-rational-regression,1,frictionless,corrected_guarded_vs_dca,epsilon-dca,0,0,0,0,0,0,0,0,1,1,1,0,3,3,three-purchase-corrected-mean-boundary,three-purchase
three-purchase-exact-boundary,exact-rational-regression,1,frictionless,corrected_guarded_vs_neutral_guarded,epsilon-dca,0,0,0,0,0,0,0,0,1,1,1,1,3,3,three-purchase-corrected-mean-boundary,three-purchase
three-purchase-exact-boundary,exact-rational-regression,1,frictionless,neutral_guarded_vs_dca,epsilon-dca,0,0,0,0,0,0,0,0,1,1,1,0,3,3,three-purchase-corrected-mean-boundary,three-purchase
three-purchase-exact-boundary,exact-rational-regression,1,proportional-10bps,corrected_guarded_vs_dca,outside-current-safety-theorem,0,0,0,0,0,0,0.000000000000000000000000000000000000000000000000000000000000333333333333333333333333333333333333333333333333333333333333,0.000000000000000000000000000000000000000000000000000000000000333333333333333333333333333333333333333333333333333333333333,1,1,1,0,3,3,three-purchase-corrected-mean-boundary,three-purchase
three-purchase-exact-boundary,exact-rational-regression,1,proportional-10bps,corrected_guarded_vs_neutral_guarded,outside-current-safety-theorem,0,0,0,0,0,0,0.000000000000000000000000000000000000000000000000000000000000333333333333333333333333333333333333333333333333333333333333,0.000000000000000000000000000000000000000000000000000000000000333333333333333333333333333333333333333333333333333333333333,1,1,1,1,3,3,three-purchase-corrected-mean-boundary,three-purchase
three-purchase-exact-boundary,exact-rational-regression,1,proportional-10bps,neutral_guarded_vs_dca,outside-current-safety-theorem,0,0,0,0,0,0,0.000000000000000000000000000000000000000000000000000000000000333333333333333333333333333333333333333333333333333333333333,0.000000000000000000000000000000000000000000000000000000000000333333333333333333333333333333333333333333333333333333333333,1,1,1,0,3,3,three-purchase-corrected-mean-boundary,three-purchase
three-purchase-exact-boundary,exact-rational-regression,1,fixed-1-usd,corrected_guarded_vs_dca,outside-current-safety-theorem,0,0,0,0,0,0,0,0,1,1,1,0,3,3,three-purchase-corrected-mean-boundary,three-purchase
three-purchase-exact-boundary,exact-rational-regression,1,fixed-1-usd,corrected_guarded_vs_neutral_guarded,outside-current-safety-theorem,0,0,0,0,0,0,0,0,1,1,1,1,3,3,three-purchase-corrected-mean-boundary,three-purchase
three-purchase-exact-boundary,exact-rational-regression,1,fixed-1-usd,neutral_guarded_vs_dca,outside-current-safety-theorem,0,0,0,0,0,0,0,0,1,1,1,0,3,3,three-purchase-corrected-mean-boundary,three-purchase
three-purchase-exact-boundary,exact-rational-regression,0.9,frictionless,corrected_guarded_vs_dca,epsilon-dca,41.250000000000000000000000000000000000000000000002375,0.0101020408163265306122448979591836734693877551020415422740525,207.5,-71.25,207.5,-166.249999999999999999999999999999999999999999999997625,0.0691666666666666666666666666666666666666666666666666666666667,0,0.94969188806950196989594908576623901404182240630366635454294,1,1,0,3,3,three-purchase-corrected-mean-boundary,three-purchase
three-purchase-exact-boundary,exact-rational-regression,0.9,frictionless,corrected_guarded_vs_neutral_guarded,epsilon-dca,56.8749999999999999999999999999999999999999999999995625,0.0139820742637644046094750320102432778489116517285532202931007,26.25,13.125,26.25,30.6249999999999999999999999999999999999999999999995625,0.0691666666666666666666666666666666666666666666666666666666667,0.0604166666666666666666666666666666666666666666666666666666667,0.94969188806950196989594908576623901404182240630366635454294,0.955441741357234314980793854033290653008962868117797087079338,1,1,3,3,three-purchase-corrected-mean-boundary,three-purchase
three-purchase-exact-boundary,exact-rational-regression,0.9,frictionless,neutral_guarded_vs_dca,epsilon-dca,-15.6249999999999999999999999999999999999999999999971875,-0.00382653061224489795918367346938775510204081632652997813411079,181.25,-84.375,181.25,-196.8749999999999999999999999999999999999999999999971875,0.0604166666666666666666666666666666666666666666666666666666667,0,0.955441741357234314980793854033290653008962868117797087079338,1,1,0,3,3,three-purchase-corrected-mean-boundary,three-purchase
three-purchase-exact-boundary,exact-rational-regression,0.9,proportional-10bps,corrected_guarded_vs_dca,outside-current-safety-theorem,41.33245038682258804793612643105807284286148079697425231707,0.0101323549805410801557511989936708075711929001496584043159415,207.442517522437602357682277762197842117922038001958081878161,-71.19002877240643470417692199905990111788309594499408681231,207.442517522437602357682277762197842117922038001958081878161,-166.110067135615014309746151331139769275060557204983829561098,0.0691475058408125341192274259207326140393073460006526939593873,0.000000000000000000000000000000000000000000000000000000000000333333333333333333333333333333333333333333333333333333333333,0.949657041290062250897012991864866560384631747324893826038136,1,1,0,3,3,three-purchase-corrected-mean-boundary,three-purchase
three-purchase-exact-boundary,exact-rational-regression,0.9,proportional-10bps,corrected_guarded_vs_neutral_guarded,outside-current-safety-theorem,56.80761793902150049499203841365176533504708825891096442739,0.0139790129269682373540253498133146324573972153679686917448425,26.261223791193821163851133881103911073941043971014000984031,13.09131177764043399906038765680622325475973326624174278018,26.261223791193821163851133881103911073941043971014000984031,30.5463941478276793311409045325478542611060442878969634433607,0.0691475058408125341192274259207326140393073460006526939593873,0.0603937645770812603979437146270313103479936646769813602980437,0.949657041290062250897012991864866560384631747324893826038136,0.955415563280393518062234309929013294681272346615069050575307,1,1,3,3,three-purchase-corrected-mean-boundary,three-purchase
three-purchase-exact-boundary,exact-rational-regression,0.9,proportional-10bps,neutral_guarded_vs_dca,outside-current-safety-theorem,-15.47516755219891244705591198259369249218560746193671211032,-0.00379362678851047625130684928030439661665578605781196819199829,181.18129373124378119383114388109393104398099403094408089413,-84.28134055004686870323730965586612437264282921123582959249,181.18129373124378119383114388109393104398099403094408089413,-196.656461283442693640887055863687623536166601492880793004458,0.0603937645770812603979437146270313103479936646769813602980437,0.000000000000000000000000000000000000000000000000000000000000333333333333333333333333333333333333333333333333333333333333,0.955415563280393518062234309929013294681272346615069050575307,1,1,0,3,3,three-purchase-corrected-mean-boundary,three-purchase
three-purchase-exact-boundary,exact-rational-regression,0.9,fixed-1-usd,corrected_guarded_vs_dca,outside-current-safety-theorem,41.09750000000000000000000000000000000000000000000237425,0.0100747686461972176257890543604829319115033400747693721534946,207.295,-71.2275,207.295,-166.19749999999999999999999999999999999999999999999762575,0.0690983333333333333333333333333333333333333333333333333333333,0,0.949689922997999561930152735903949848890172491519221907285481,1,1,0,3,3,three-purchase-corrected-mean-boundary,three-purchase
three-purchase-exact-boundary,exact-rational-regression,0.9,fixed-1-usd,corrected_guarded_vs_neutral_guarded,outside-current-safety-theorem,56.809999999999999999999999999999999999999999999999563,0.0139804296133602802976470624425146808661172685129644646830632,26.22,13.11,26.22,30.589999999999999999999999999999999999999999999999563,0.0690983333333333333333333333333333333333333333333333333333333,0.0603583333333333333333333333333333333333333333333333333333333,0.949689922997999561930152735903949848890172491519221907285481,0.95543907248302741146107301827533276117176228840019257321579,1,1,3,3,three-purchase-corrected-mean-boundary,three-purchase
three-purchase-exact-boundary,exact-rational-regression,0.9,fixed-1-usd,neutral_guarded_vs_dca,outside-current-safety-theorem,-15.71249999999999999999999999999999999999999999999718875,-0.00385181099466813752528038242323956609670895385181036053546258,181.075,-84.3375,181.075,-196.78749999999999999999999999999999999999999999999718875,0.0603583333333333333333333333333333333333333333333333333333333,0,0.95543907248302741146107301827533276117176228840019257321579,1,1,0,3,3,three-purchase-corrected-mean-boundary,three-purchase
three-purchase-exact-boundary,exact-rational-regression,0.75,frictionless,corrected_guarded_vs_dca,epsilon-dca,103.1250000000000000000000000000000000000000000000059375,0.0252551020408163265306122448979591836734693877551038556851312,518.75,-178.125,518.75,-415.6249999999999999999999999999999999999999999999940625,0.172916666666666666666666666666666666666666666666666666666667,0,0.876088579248569295844737496889773575516297586464293049827205,1,1,0,3,3,three-purchase-corrected-mean-boundary,three-purchase
three-purchase-exact-boundary,exact-rational-regression,0.75,frictionless,corrected_guarded_vs_neutral_guarded,epsilon-dca,142.18749999999999999999999999999999999999999999999890625,0.0351577591757887958789439793947198969735994848679975998762754,65.625,32.8125,65.625,76.56249999999999999999999999999999999999999999999890625,0.172916666666666666666666666666666666666666666666666666666667,0.151041666666666666666666666666666666666666666666666666666667,0.876088579248569295844737496889773575516297586464293049827205,0.887958789439793947198969735994848679974243399871215578099261,1,1,3,3,three-purchase-corrected-mean-boundary,three-purchase
three-purchase-exact-boundary,exact-rational-regression,0.75,frictionless,neutral_guarded_vs_dca,epsilon-dca,-39.06249999999999999999999999999999999999999999999296875,-0.00956632653061224489795918367346938775510204081632494533527697,453.125,-210.9375,453.125,-492.18749999999999999999999999999999999999999999999296875,0.151041666666666666666666666666666666666666666666666666666667,0,0.887958789439793947198969735994848679974243399871215578099261,1,1,0,3,3,three-purchase-corrected-mean-boundary,three-purchase
three-purchase-exact-boundary,exact-rational-regression,0.75,proportional-10bps,corrected_guarded_vs_dca,outside-current-safety-theorem,103.33112596705647011984031607764518210715370199243563079268,0.0253308874513527003893779974841770189279822503741460107898549,518.606293806094005894205694405494605294805095004895204695408,-177.97507193101608676044230499764975279470773986248521703077,518.606293806094005894205694405494605294805095004895204695408,-415.275167839037535774365378327849423187651393012459573902732,0.17286876460203133529806856480183153509826836500163173489847,0.000000000000000000000000000000000000000000000000000000000000333333333333333333333333333333333333333333333333333333333333,0.876008193889579115446800784422642785333843228407726560986652,1,1,0,3,3,three-purchase-corrected-mean-boundary,three-purchase
three-purchase-exact-boundary,exact-rational-regression,0.75,proportional-10bps,corrected_guarded_vs_neutral_guarded,outside-current-safety-theorem,142.01904484755375123748009603412941333761772064727741106853,0.0351483032849097015528265328171919390072947196513768567195065,65.653059477984552909627834702759777684852609927535002460076,32.72827944410108499765096914201555813689933316560435695047,65.653059477984552909627834702759777684852609927535002460076,76.3659853695691983278522613313696356527651107197424086084485,0.17286876460203133529806856480183153509826836500163173489847,0.150984411442703150994859286567578275869984161692453400745111,0.876008193889579115446800784422642785333843228407726560986652,0.887898572539094278673580879614789011415930912015860994056302,1,1,3,3,three-purchase-corrected-mean-boundary,three-purchase
three-purchase-exact-boundary,exact-rational-regression,0.75,proportional-10bps,neutral_guarded_vs_dca,outside-current-safety-theorem,-38.68791888049728111763977995648423123046401865484178027585,-0.00948406697127619062826712320076099154163946514452992048000798,452.953234328109452984577859702734827609952485077360202235332,-210.70335137511717175809327413966531093160707302808957398124,452.953234328109452984577859702734827609952485077360202235332,-491.641153208606734102217639659219058840416503732201982511181,0.150984411442703150994859286567578275869984161692453400745111,0.000000000000000000000000000000000000000000000000000000000000333333333333333333333333333333333333333333333333333333333333,0.887898572539094278673580879614789011415930912015860994056302,1,1,0,3,3,three-purchase-corrected-mean-boundary,three-purchase
three-purchase-exact-boundary,exact-rational-regression,0.75,fixed-1-usd,corrected_guarded_vs_dca,outside-current-safety-theorem,102.743750000000000000000000000000000000000000000005935625,0.0251869216154930440644726359012073297787583501869234303837365,518.2375,-178.06875,518.2375,-415.493749999999999999999999999999999999999999999994064375,0.172745833333333333333333333333333333333333333333333333333333,0,0.876078843972447352414144569202189745022933140442879311822057,1,1,0,3,3,three-purchase-corrected-mean-boundary,three-purchase
three-purchase-exact-boundary,exact-rational-regression,0.75,fixed-1-usd,corrected_guarded_vs_neutral_guarded,outside-current-safety-theorem,142.0249999999999999999999999999999999999999999999989075,0.0351549748992489112694250419635052870149057464862817835119651,65.55,32.775,65.55,76.4749999999999999999999999999999999999999999999989075,0.172745833333333333333333333333333333333333333333333333333333,0.150895833333333333333333333333333333333333333333333333333333,0.876078843972447352414144569202189745022933140442879311822057,0.887947771873235405595649718825176556130539376078093242100814,1,1,3,3,three-purchase-corrected-mean-boundary,three-purchase
three-purchase-exact-boundary,exact-rational-regression,0.75,fixed-1-usd,neutral_guarded_vs_dca,outside-current-safety-theorem,-39.281249999999999999999999999999999999999999999992971875,-0.00962952748667034381320095605809891524177238462952590133865644,452.6875,-210.84375,452.6875,-491.968749999999999999999999999999999999999999999992971875,0.150895833333333333333333333333333333333333333333333333333333,0,0.887947771873235405595649718825176556130539376078093242100814,1,1,0,3,3,three-purchase-corrected-mean-boundary,three-purchase
three-purchase-exact-boundary,exact-rational-regression,0.5,frictionless,corrected_guarded_vs_dca,epsilon-dca,-10.416666666666666666666666666666666666666666666653125,-0.00255102040816326530612244897959183673469387755101712827988338,937.5,-406.25,937.5,-947.916666666666666666666666666666666666666666666653125,0.3125,0,0.76982097186700767263427109974424552429667519181585424611299,1,0.666666666666666666666666666666666666666666666666666666666667,0,3,3,three-purchase-corrected-mean-boundary,three-purchase
three-purchase-exact-boundary,exact-rational-regression,0.5,frictionless,corrected_guarded_vs_neutral_guarded,epsilon-dca,197.916666666666666666666666666666666666666666666665625,0.0510752688172043010752688172043010752688172043010755766562608,125,31.25,125,72.916666666666666666666666666666666666666666666665625,0.3125,0.270833333333333333333333333333333333333333333333333333333333,0.76982097186700767263427109974424552429667519181585424611299,0.790322580645161290322580645161290322580645161290320213319459,0.666666666666666666666666666666666666666666666666666666666667,0.333333333333333333333333333333333333333333333333333333333333,3,3,three-purchase-corrected-mean-boundary,three-purchase
three-purchase-exact-boundary,exact-rational-regression,0.5,frictionless,neutral_guarded_vs_dca,epsilon-dca,-208.33333333333333333333333333333333333333333333331875,-0.0510204081632653061224489795918367346938775510204053206997085,812.5,-437.5,812.5,-1020.83333333333333333333333333333333333333333333331875,0.270833333333333333333333333333333333333333333333333333333333,0,0.790322580645161290322580645161290322580645161290320213319459,1,0.333333333333333333333333333333333333333333333333333333333333,0,3,3,three-purchase-corrected-mean-boundary,three-purchase
three-purchase-exact-boundary,exact-rational-regression,0.5,proportional-10bps,corrected_guarded_vs_dca,outside-current-safety-theorem,-9.43869650163356457062750769044475338181631887924241717322,-0.00231382902811474240045668617097188525759954331382574560744977,937.312687312687312687312687312687312687312687312687312687309,-405.75059306328037596768865500134231402962671693940425209156,937.312687312687312687312687312687312687312687312687312687309,-946.751383814320877257940195003132066069129006191929729860538,0.312437562437562437562437562437562437562437562437562437562437,0.000000000000000000000000000000000000000000000000000000000000333333333333333333333333333333333333333333333333333333333333,0.769691595524223524475856580954333181657515813312575865447835,1,0.666666666666666666666666666666666666666666666666666666666667,0,3,3,three-purchase-corrected-mean-boundary,three-purchase
three-purchase-exact-boundary,exact-rational-regression,0.5,proportional-10bps,corrected_guarded_vs_neutral_guarded,outside-current-safety-theorem,197.87482331188624894918601212307506013799720093426282758201,0.0511048194759674610673594757577148366176473186293710870289633,124.81268731268731268731268731268731268731268731268731268731,31.3123439996566869693742820615947489074362201235328108455,124.81268731268731268731268731268731268731268731268731268731,73.0621359991989362618733248103877474506845136215755148947,0.312437562437562437562437562437562437562437562437562437562437,0.270833333333333333333333333333333333333333333333333333333333,0.769691595524223524475856580954333181657515813312575865447835,0.790156902584941867027881250705497234450840952703463033716025,0.666666666666666666666666666666666666666666666666666666666667,0.333333333333333333333333333333333333333333333333333333333333,3,3,three-purchase-corrected-mean-boundary,three-purchase
three-purchase-exact-boundary,exact-rational-regression,0.5,proportional-10bps,neutral_guarded_vs_dca,outside-current-safety-theorem,-207.31351981351981351981351981351981351981351981350524475523,-0.0508214285714285714285714285714285714285714285714257260204047,812.499999999999999999999999999999999999999999999999999999999,-437.06293706293706293706293706293706293706293706293706293706,812.499999999999999999999999999999999999999999999999999999999,-1019.81351981351981351981351981351981351981351981350524475524,0.270833333333333333333333333333333333333333333333333333333333,0.000000000000000000000000000000000000000000000000000000000000333333333333333333333333333333333333333333333333333333333333,0.790156902584941867027881250705497234450840952703463033716025,1,0.333333333333333333333333333333333333333333333333333333333333,0,3,3,three-purchase-corrected-mean-boundary,three-purchase
three-purchase-exact-boundary,exact-rational-regression,0.5,fixed-1-usd,corrected_guarded_vs_dca,outside-current-safety-theorem,-10.31249999999999999999999999999999999999999999998646875,-0.00252803824232395660967089538518109946681375252803496134618584,936.875,-405.9375,936.875,-947.18749999999999999999999999999999999999999999998646875,0.312291666666666666666666666666666666666666666666666666666667,0,0.769749473910572477458796061625424327603950662795874770189521,1,0.666666666666666666666666666666666666666666666666666666666667,0,3,3,three-purchase-corrected-mean-boundary,three-purchase
three-purchase-exact-boundary,exact-rational-regression,0.5,fixed-1-usd,corrected_guarded_vs_neutral_guarded,outside-current-safety-theorem,198.02083333333333333333333333333333333333333333333228125,0.0511560569201954748014036296312243008761921164237586746489988,124.375,31.5625,124.375,73.64583333333333333333333333333333333333333333333228125,0.312291666666666666666666666666666666666666666666666666666667,0.270833333333333333333333333333333333333333333333333333333333,0.769749473910572477458796061625424327603950662795874770189521,0.79010139717121267572280467589502917052377774428967923080585,0.666666666666666666666666666666666666666666666666666666666667,0.333333333333333333333333333333333333333333333333333333333333,3,3,three-purchase-corrected-mean-boundary,three-purchase
three-purchase-exact-boundary,exact-rational-regression,0.5,fixed-1-usd,neutral_guarded_vs_dca,outside-current-safety-theorem,-208.33333333333333333333333333333333333333333333331875,-0.0510714796429082143367857653571939286225000510714767974972057,812.5,-437.5,812.5,-1020.83333333333333333333333333333333333333333333331875,0.270833333333333333333333333333333333333333333333333333333333,0,0.79010139717121267572280467589502917052377774428967923080585,1,0.333333333333333333333333333333333333333333333333333333333333,0,3,3,three-purchase-corrected-mean-boundary,three-purchase
constant-five-repeated-floor,exact-rational-regression,1,frictionless,corrected_guarded_vs_dca,epsilon-dca,0,0,0,0,0,0,0,0,1,1,1,0,5,5,repeated-clipped-floor-activation,repeated-floor-activation
constant-five-repeated-floor,exact-rational-regression,1,frictionless,corrected_guarded_vs_neutral_guarded,epsilon-dca,0,0,0,0,0,0,0,0,1,1,1,1,5,5,repeated-clipped-floor-activation,repeated-floor-activation
constant-five-repeated-floor,exact-rational-regression,1,frictionless,neutral_guarded_vs_dca,epsilon-dca,0,0,0,0,0,0,0,0,1,1,1,0,5,5,repeated-clipped-floor-activation,repeated-floor-activation
constant-five-repeated-floor,exact-rational-regression,1,proportional-10bps,corrected_guarded_vs_dca,outside-current-safety-theorem,0,0,0,0,0,0,0.0000000000000000000000000000000000000000000000000000000000002,0.0000000000000000000000000000000000000000000000000000000000002,1,1,1,0,5,5,repeated-clipped-floor-activation,repeated-floor-activation
constant-five-repeated-floor,exact-rational-regression,1,proportional-10bps,corrected_guarded_vs_neutral_guarded,outside-current-safety-theorem,0,0,0,0,0,0,0.0000000000000000000000000000000000000000000000000000000000002,0.0000000000000000000000000000000000000000000000000000000000002,1,1,1,1,5,5,repeated-clipped-floor-activation,repeated-floor-activation
constant-five-repeated-floor,exact-rational-regression,1,proportional-10bps,neutral_guarded_vs_dca,outside-current-safety-theorem,0,0,0,0,0,0,0.0000000000000000000000000000000000000000000000000000000000002,0.0000000000000000000000000000000000000000000000000000000000002,1,1,1,0,5,5,repeated-clipped-floor-activation,repeated-floor-activation
constant-five-repeated-floor,exact-rational-regression,1,fixed-1-usd,corrected_guarded_vs_dca,outside-current-safety-theorem,0,0,0,0,0,0,0,0,1,1,1,0,5,5,repeated-clipped-floor-activation,repeated-floor-activation
constant-five-repeated-floor,exact-rational-regression,1,fixed-1-usd,corrected_guarded_vs_neutral_guarded,outside-current-safety-theorem,0,0,0,0,0,0,0,0,1,1,1,1,5,5,repeated-clipped-floor-activation,repeated-floor-activation
constant-five-repeated-floor,exact-rational-regression,1,fixed-1-usd,neutral_guarded_vs_dca,outside-current-safety-theorem,0,0,0,0,0,0,0,0,1,1,1,0,5,5,repeated-clipped-floor-activation,repeated-floor-activation
constant-five-repeated-floor,exact-rational-regression,0.9,frictionless,corrected_guarded_vs_dca,epsilon-dca,0,0,250,-250,250,-250,0.05,0,0.95,1,1,0,5,5,repeated-clipped-floor-activation,repeated-floor-activation
constant-five-repeated-floor,exact-rational-regression,0.9,frictionless,corrected_guarded_vs_neutral_guarded,epsilon-dca,0,0,0,0,0,0,0.05,0.05,0.95,0.95,1,1,5,5,repeated-clipped-floor-activation,repeated-floor-activation
constant-five-repeated-floor,exact-rational-regression,0.9,frictionless,neutral_guarded_vs_dca,epsilon-dca,0,0,250,-250,250,-250,0.05,0,0.95,1,1,0,5,5,repeated-clipped-floor-activation,repeated-floor-activation
constant-five-repeated-floor,exact-rational-regression,0.9,proportional-10bps,corrected_guarded_vs_dca,outside-current-safety-theorem,0.24965041205047139111513485579415593142815903513928958447,0.000049980012492504372501249998129990017471917438834885774810894,249.900062462521862506249990649950087359587194174428874038715,-249.65041205047139111513485579415593142815903513928958445425,249.900062462521862506249990649950087359587194174428874038715,-249.65041205047139111513485579415593142815903513928958445425,0.0499800124925043725012499981299900174719174388348857748077432,0.0000000000000000000000000000000000000000000000000000000000002,0.949972507869684764945879991737881503654771512757257226304447,1,1,0,5,5,repeated-clipped-floor-activation,repeated-floor-activation
constant-five-repeated-floor,exact-rational-regression,0.9,proportional-10bps,corrected_guarded_vs_neutral_guarded,outside-current-safety-theorem,0,0,0,0,0,0,0.0499800124925043725012499981299900174719174388348857748077432,0.0499800124925043725012499981299900174719174388348857748077432,0.949972507869684764945879991737881503654771512757257226304447,0.949972507869684764945879991737881503654771512757257226304447,1,1,5,5,repeated-clipped-floor-activation,repeated-floor-activation
constant-five-repeated-floor,exact-rational-regression,0.9,proportional-10bps,neutral_guarded_vs_dca,outside-current-safety-theorem,0.24965041205047139111513485579415593142815903513928958447,0.000049980012492504372501249998129990017471917438834885774810894,249.900062462521862506249990649950087359587194174428874038715,-249.65041205047139111513485579415593142815903513928958445425,249.900062462521862506249990649950087359587194174428874038715,-249.65041205047139111513485579415593142815903513928958445425,0.0499800124925043725012499981299900174719174388348857748077432,0.0000000000000000000000000000000000000000000000000000000000002,0.949972507869684764945879991737881503654771512757257226304447,1,1,0,5,5,repeated-clipped-floor-activation,repeated-floor-activation
constant-five-repeated-floor,exact-rational-regression,0.9,fixed-1-usd,corrected_guarded_vs_dca,outside-current-safety-theorem,0,0,249.8,-249.8,249.8,-249.8,0.04996,0,0.94998998998998998998998998998998998998998998998998998998999,1,1,0,5,5,repeated-clipped-floor-activation,repeated-floor-activation
constant-five-repeated-floor,exact-rational-regression,0.9,fixed-1-usd,corrected_guarded_vs_neutral_guarded,outside-current-safety-theorem,0,0,0,0,0,0,0.04996,0.04996,0.94998998998998998998998998998998998998998998998998998998999,0.94998998998998998998998998998998998998998998998998998998999,1,1,5,5,repeated-clipped-floor-activation,repeated-floor-activation
constant-five-repeated-floor,exact-rational-regression,0.9,fixed-1-usd,neutral_guarded_vs_dca,outside-current-safety-theorem,0,0,249.8,-249.8,249.8,-249.8,0.04996,0,0.94998998998998998998998998998998998998998998998998998998999,1,1,0,5,5,repeated-clipped-floor-activation,repeated-floor-activation
constant-five-repeated-floor,exact-rational-regression,0.75,frictionless,corrected_guarded_vs_dca,epsilon-dca,0,0,625,-625,625,-625,0.125,0,0.875,1,1,0,5,5,repeated-clipped-floor-activation,repeated-floor-activation
constant-five-repeated-floor,exact-rational-regression,0.75,frictionless,corrected_guarded_vs_neutral_guarded,epsilon-dca,0,0,0,0,0,0,0.125,0.125,0.875,0.875,1,1,5,5,repeated-clipped-floor-activation,repeated-floor-activation
constant-five-repeated-floor,exact-rational-regression,0.75,frictionless,neutral_guarded_vs_dca,epsilon-dca,0,0,625,-625,625,-625,0.125,0,0.875,1,1,0,5,5,repeated-clipped-floor-activation,repeated-floor-activation
constant-five-repeated-floor,exact-rational-regression,0.75,proportional-10bps,corrected_guarded_vs_dca,outside-current-safety-theorem,0.62412603012617847778783713948538982857039758784822396114,0.000124950031231260931253124995324975043679793597087214437020228,624.75015615630465626562497662487521839896798543607218509678,-624.12603012617847778783713948538982857039758784822396113564,624.75015615630465626562497662487521839896798543607218509678,-624.12603012617847778783713948538982857039758784822396113564,0.124950031231260931253124995324975043679793597087214437019356,0.0000000000000000000000000000000000000000000000000000000000002,0.874940644907832335516076873406939098191376125670730730087207,1,1,0,5,5,repeated-clipped-floor-activation,repeated-floor-activation
constant-five-repeated-floor,exact-rational-regression,0.75,proportional-10bps,corrected_guarded_vs_neutral_guarded,outside-current-safety-theorem,0,0,0,0,0,0,0.124950031231260931253124995324975043679793597087214437019356,0.124950031231260931253124995324975043679793597087214437019356,0.874940644907832335516076873406939098191376125670730730087207,0.874940644907832335516076873406939098191376125670730730087207,1,1,5,5,repeated-clipped-floor-activation,repeated-floor-activation
constant-five-repeated-floor,exact-rational-regression,0.75,proportional-10bps,neutral_guarded_vs_dca,outside-current-safety-theorem,0.62412603012617847778783713948538982857039758784822396114,0.000124950031231260931253124995324975043679793597087214437020228,624.75015615630465626562497662487521839896798543607218509678,-624.12603012617847778783713948538982857039758784822396113564,624.75015615630465626562497662487521839896798543607218509678,-624.12603012617847778783713948538982857039758784822396113564,0.124950031231260931253124995324975043679793597087214437019356,0.0000000000000000000000000000000000000000000000000000000000002,0.874940644907832335516076873406939098191376125670730730087207,1,1,0,5,5,repeated-clipped-floor-activation,repeated-floor-activation
constant-five-repeated-floor,exact-rational-regression,0.75,fixed-1-usd,corrected_guarded_vs_dca,outside-current-safety-theorem,0,0,624.5,-624.5,624.5,-624.5,0.1249,0,0.874974974974974974974974974974974974974974974974974974974975,1,1,0,5,5,repeated-clipped-floor-activation,repeated-floor-activation
constant-five-repeated-floor,exact-rational-regression,0.75,fixed-1-usd,corrected_guarded_vs_neutral_guarded,outside-current-safety-theorem,0,0,0,0,0,0,0.1249,0.1249,0.874974974974974974974974974974974974974974974974974974974975,0.874974974974974974974974974974974974974974974974974974974975,1,1,5,5,repeated-clipped-floor-activation,repeated-floor-activation
constant-five-repeated-floor,exact-rational-regression,0.75,fixed-1-usd,neutral_guarded_vs_dca,outside-current-safety-theorem,0,0,624.5,-624.5,624.5,-624.5,0.1249,0,0.874974974974974974974974974974974974974974974974974974974975,1,1,0,5,5,repeated-clipped-floor-activation,repeated-floor-activation
constant-five-repeated-floor,exact-rational-regression,0.5,frictionless,corrected_guarded_vs_dca,epsilon-dca,0,0,937.5,-937.5,937.5,-937.5,0.1875,0,0.8125,1,0.4,0,5,5,repeated-clipped-floor-activation,repeated-floor-activation
constant-five-repeated-floor,exact-rational-regression,0.5,frictionless,corrected_guarded_vs_neutral_guarded,epsilon-dca,0,0,0,0,0,0,0.1875,0.1875,0.8125,0.8125,0.4,0.4,5,5,repeated-clipped-floor-activation,repeated-floor-activation
constant-five-repeated-floor,exact-rational-regression,0.5,frictionless,neutral_guarded_vs_dca,epsilon-dca,0,0,937.5,-937.5,937.5,-937.5,0.1875,0,0.8125,1,0.4,0,5,5,repeated-clipped-floor-activation,repeated-floor-activation
constant-five-repeated-floor,exact-rational-regression,0.5,proportional-10bps,corrected_guarded_vs_dca,outside-current-safety-theorem,0.93650104579796765732707912406335861003071914039068762468,0.000187487509368753124996881240637484393728149971906215662460936,937.437546843765624984406203187421968640749859531078312297095,-936.50104579796765732707912406335861003071914039068762467242,937.437546843765624984406203187421968640749859531078312297095,-936.50104579796765732707912406335861003071914039068762467242,0.187487509368753124996881240637484393728149971906215662459419,0.0000000000000000000000000000000000000000000000000000000000002,0.812360183243780154765963871305344864196586350974551686285825,1,0.6,0,5,5,repeated-clipped-floor-activation,repeated-floor-activation
constant-five-repeated-floor,exact-rational-regression,0.5,proportional-10bps,corrected_guarded_vs_neutral_guarded,outside-current-safety-theorem,0,0,0,0,0,0,0.187487509368753124996881240637484393728149971906215662459419,0.187487509368753124996881240637484393728149971906215662459419,0.812360183243780154765963871305344864196586350974551686285825,0.812360183243780154765963871305344864196586350974551686285825,0.6,0.6,5,5,repeated-clipped-floor-activation,repeated-floor-activation
constant-five-repeated-floor,exact-rational-regression,0.5,proportional-10bps,neutral_guarded_vs_dca,outside-current-safety-theorem,0.93650104579796765732707912406335861003071914039068762468,0.000187487509368753124996881240637484393728149971906215662460936,937.437546843765624984406203187421968640749859531078312297095,-936.50104579796765732707912406335861003071914039068762467242,937.437546843765624984406203187421968640749859531078312297095,-936.50104579796765732707912406335861003071914039068762467242,0.187487509368753124996881240637484393728149971906215662459419,0.0000000000000000000000000000000000000000000000000000000000002,0.812360183243780154765963871305344864196586350974551686285825,1,0.6,0,5,5,repeated-clipped-floor-activation,repeated-floor-activation
constant-five-repeated-floor,exact-rational-regression,0.5,fixed-1-usd,corrected_guarded_vs_dca,outside-current-safety-theorem,0,0,937.375,-937.375,937.375,-937.375,0.187475,0,0.812337337337337337337337337337337337337337337337337337337337,1,0.6,0,5,5,repeated-clipped-floor-activation,repeated-floor-activation
constant-five-repeated-floor,exact-rational-regression,0.5,fixed-1-usd,corrected_guarded_vs_neutral_guarded,outside-current-safety-theorem,0,0,0,0,0,0,0.187475,0.187475,0.812337337337337337337337337337337337337337337337337337337337,0.812337337337337337337337337337337337337337337337337337337337,0.6,0.6,5,5,repeated-clipped-floor-activation,repeated-floor-activation
constant-five-repeated-floor,exact-rational-regression,0.5,fixed-1-usd,neutral_guarded_vs_dca,outside-current-safety-theorem,0,0,937.375,-937.375,937.375,-937.375,0.187475,0,0.812337337337337337337337337337337337337337337337337337337337,1,0.6,0,5,5,repeated-clipped-floor-activation,repeated-floor-activation
