episode_id,input_kind,family,dataset_id,horizon_months,coverage,corrected_mean_config,cost_scenario,policy,terminal_wealth,terminal_cash,terminal_units,total_fees,mean_guardrail_floor,theorem_scope
constant-primary,synthetic,constant,deterministic-adversarial-v1,4,1,identity-a0-b0,frictionless,dca,4000,0,40,0,,epsilon-dca
constant-primary,synthetic,constant,deterministic-adversarial-v1,4,1,identity-a0-b0,frictionless,neutral_guarded,4000,0,40,0,1000,epsilon-dca
constant-primary,synthetic,constant,deterministic-adversarial-v1,4,1,identity-a0-b0,frictionless,corrected_guarded,4000,0,40,0,1000,epsilon-dca
constant-primary,synthetic,constant,deterministic-adversarial-v1,4,1,identity-a0-b0,proportional-10bps,dca,3996.003996003996003996003996003996003996003996003996003996,0.000000000000000000000000000000000000000000000000000000001,39.96003996003996003996003996003996003996003996003996003996,3.996003996003996003996003996003996003996003996003996003996,,outside-current-safety-theorem
constant-primary,synthetic,constant,deterministic-adversarial-v1,4,1,identity-a0-b0,proportional-10bps,neutral_guarded,3996.003996003996003996003996003996003996003996003996003996,0.000000000000000000000000000000000000000000000000000000001,39.96003996003996003996003996003996003996003996003996003996,3.996003996003996003996003996003996003996003996003996003996,1000,outside-current-safety-theorem
constant-primary,synthetic,constant,deterministic-adversarial-v1,4,1,identity-a0-b0,proportional-10bps,corrected_guarded,3996.003996003996003996003996003996003996003996003996003996,0.000000000000000000000000000000000000000000000000000000001,39.96003996003996003996003996003996003996003996003996003996,3.996003996003996003996003996003996003996003996003996003996,1000,outside-current-safety-theorem
constant-primary,synthetic,constant,deterministic-adversarial-v1,4,1,identity-a0-b0,fixed-1-usd,dca,3996,0,39.96,4,,outside-current-safety-theorem
constant-primary,synthetic,constant,deterministic-adversarial-v1,4,1,identity-a0-b0,fixed-1-usd,neutral_guarded,3996,0,39.96,4,1000,outside-current-safety-theorem
constant-primary,synthetic,constant,deterministic-adversarial-v1,4,1,identity-a0-b0,fixed-1-usd,corrected_guarded,3996,0,39.96,4,1000,outside-current-safety-theorem
constant-primary,synthetic,constant,deterministic-adversarial-v1,4,0.9,identity-a0-b0,frictionless,dca,4000,0,40,0,,epsilon-dca
constant-primary,synthetic,constant,deterministic-adversarial-v1,4,0.9,identity-a0-b0,frictionless,neutral_guarded,4000,200,38,0,825,epsilon-dca
constant-primary,synthetic,constant,deterministic-adversarial-v1,4,0.9,identity-a0-b0,frictionless,corrected_guarded,4000,200,38,0,825,epsilon-dca
constant-primary,synthetic,constant,deterministic-adversarial-v1,4,0.9,identity-a0-b0,proportional-10bps,dca,3996.003996003996003996003996003996003996003996003996003996,0.000000000000000000000000000000000000000000000000000000001,39.96003996003996003996003996003996003996003996003996003996,3.996003996003996003996003996003996003996003996003996003996,,outside-current-safety-theorem
constant-primary,synthetic,constant,deterministic-adversarial-v1,4,0.9,identity-a0-b0,proportional-10bps,neutral_guarded,3996.20372132864012860890357770349657831557798475245415167384,199.925049968768737512481281200074893893562737206605825499425,37.9627867135987139109642229650342168442201524754584832617441,3.79627867135987139109642229650342168442201524754584832617441,825.056209403106262490634362518721915568824903246725181034625,outside-current-safety-theorem
constant-primary,synthetic,constant,deterministic-adversarial-v1,4,0.9,identity-a0-b0,proportional-10bps,corrected_guarded,3996.20372132864012860890357770349657831557798475245415167384,199.925049968768737512481281200074893893562737206605825499425,37.9627867135987139109642229650342168442201524754584832617441,3.79627867135987139109642229650342168442201524754584832617441,825.056209403106262490634362518721915568824903246725181034625,outside-current-safety-theorem
constant-primary,synthetic,constant,deterministic-adversarial-v1,4,0.9,identity-a0-b0,fixed-1-usd,dca,3996,0,39.96,4,,outside-current-safety-theorem
constant-primary,synthetic,constant,deterministic-adversarial-v1,4,0.9,identity-a0-b0,fixed-1-usd,neutral_guarded,3996,199.85,37.9615,4,825.1125,outside-current-safety-theorem
constant-primary,synthetic,constant,deterministic-adversarial-v1,4,0.9,identity-a0-b0,fixed-1-usd,corrected_guarded,3996,199.85,37.9615,4,825.1125,outside-current-safety-theorem
constant-primary,synthetic,constant,deterministic-adversarial-v1,4,0.75,identity-a0-b0,frictionless,dca,4000,0,40,0,,epsilon-dca
constant-primary,synthetic,constant,deterministic-adversarial-v1,4,0.75,identity-a0-b0,frictionless,neutral_guarded,4000,500,35,0,562.5,epsilon-dca
constant-primary,synthetic,constant,deterministic-adversarial-v1,4,0.75,identity-a0-b0,frictionless,corrected_guarded,4000,500,35,0,562.5,epsilon-dca
constant-primary,synthetic,constant,deterministic-adversarial-v1,4,0.75,identity-a0-b0,proportional-10bps,dca,3996.003996003996003996003996003996003996003996003996003996,0.000000000000000000000000000000000000000000000000000000001,39.96003996003996003996003996003996003996003996003996003996,3.996003996003996003996003996003996003996003996003996003996,,outside-current-safety-theorem
constant-primary,synthetic,constant,deterministic-adversarial-v1,4,0.75,identity-a0-b0,proportional-10bps,neutral_guarded,3996.50330931560631552825295025274743979493896787514137319056,499.812624921921843781203203000187234733906843016514563748551,34.9669068439368447174704974725256020506103212485862680944201,3.49669068439368447174704974725256020506103212485862680944201,562.640523507765656226585906296804788922062258116812952586568,outside-current-safety-theorem
constant-primary,synthetic,constant,deterministic-adversarial-v1,4,0.75,identity-a0-b0,proportional-10bps,corrected_guarded,3996.50330931560631552825295025274743979493896787514137319056,499.812624921921843781203203000187234733906843016514563748551,34.9669068439368447174704974725256020506103212485862680944201,3.49669068439368447174704974725256020506103212485862680944201,562.640523507765656226585906296804788922062258116812952586568,outside-current-safety-theorem
constant-primary,synthetic,constant,deterministic-adversarial-v1,4,0.75,identity-a0-b0,fixed-1-usd,dca,3996,0,39.96,4,,outside-current-safety-theorem
constant-primary,synthetic,constant,deterministic-adversarial-v1,4,0.75,identity-a0-b0,fixed-1-usd,neutral_guarded,3996,499.625,34.96375,4,562.78125,outside-current-safety-theorem
constant-primary,synthetic,constant,deterministic-adversarial-v1,4,0.75,identity-a0-b0,fixed-1-usd,corrected_guarded,3996,499.625,34.96375,4,562.78125,outside-current-safety-theorem
constant-primary,synthetic,constant,deterministic-adversarial-v1,4,0.5,identity-a0-b0,frictionless,dca,4000,0,40,0,,epsilon-dca
constant-primary,synthetic,constant,deterministic-adversarial-v1,4,0.5,identity-a0-b0,frictionless,neutral_guarded,4000,875,31.25,0,187.5,epsilon-dca
constant-primary,synthetic,constant,deterministic-adversarial-v1,4,0.5,identity-a0-b0,frictionless,corrected_guarded,4000,875,31.25,0,187.5,epsilon-dca
constant-primary,synthetic,constant,deterministic-adversarial-v1,4,0.5,identity-a0-b0,proportional-10bps,dca,3996.003996003996003996003996003996003996003996003996003996,0.000000000000000000000000000000000000000000000000000000001,39.96003996003996003996003996003996003996003996003996003996,3.996003996003996003996003996003996003996003996003996003996,,outside-current-safety-theorem
constant-primary,synthetic,constant,deterministic-adversarial-v1,4,0.5,identity-a0-b0,proportional-10bps,neutral_guarded,3996.87799709659094030965915325312172221506643328577638024435,874.87509368753124996881240637484393728149971906215662459419,31.2200290340905969034084674687827778493356671422361975565016,3.12200290340905969034084674687827778493356671422361975565016,187.656125093687531249968812406374843937281499719062156624595,outside-current-safety-theorem
constant-primary,synthetic,constant,deterministic-adversarial-v1,4,0.5,identity-a0-b0,proportional-10bps,corrected_guarded,3996.87799709659094030965915325312172221506643328577638024435,874.87509368753124996881240637484393728149971906215662459419,31.2200290340905969034084674687827778493356671422361975565016,3.12200290340905969034084674687827778493356671422361975565016,187.656125093687531249968812406374843937281499719062156624595,outside-current-safety-theorem
constant-primary,synthetic,constant,deterministic-adversarial-v1,4,0.5,identity-a0-b0,fixed-1-usd,dca,3996,0,39.96,4,,outside-current-safety-theorem
constant-primary,synthetic,constant,deterministic-adversarial-v1,4,0.5,identity-a0-b0,fixed-1-usd,neutral_guarded,3996,874.75,31.2125,4,187.8125,outside-current-safety-theorem
constant-primary,synthetic,constant,deterministic-adversarial-v1,4,0.5,identity-a0-b0,fixed-1-usd,corrected_guarded,3996,874.75,31.2125,4,187.8125,outside-current-safety-theorem
monotone-rise-primary,synthetic,monotone-rise,deterministic-adversarial-v1,5,1,identity-a0-b0,frictionless,dca,7291.66666666666666666666666666666666666666666666666666666666,0,48.6111111111111111111111111111111111111111111111111111111111,0,,epsilon-dca
monotone-rise-primary,synthetic,monotone-rise,deterministic-adversarial-v1,5,1,identity-a0-b0,frictionless,neutral_guarded,7291.66666666666666666666666666666666666666666666666666666666,0,48.6111111111111111111111111111111111111111111111111111111111,0,1000,epsilon-dca
monotone-rise-primary,synthetic,monotone-rise,deterministic-adversarial-v1,5,1,identity-a0-b0,frictionless,corrected_guarded,7291.66666666666666666666666666666666666666666666666666666666,0,48.6111111111111111111111111111111111111111111111111111111111,0,1000,epsilon-dca
monotone-rise-primary,synthetic,monotone-rise,deterministic-adversarial-v1,5,1,identity-a0-b0,proportional-10bps,dca,7284.38228438228438228438228438228438228438228438228438228438,0.000000000000000000000000000000000000000000000000000000001,48.5625485625485625485625485625485625485625485625485625485625,4.995004995004995004995004995004995004995004995004995004995,,outside-current-safety-theorem
monotone-rise-primary,synthetic,monotone-rise,deterministic-adversarial-v1,5,1,identity-a0-b0,proportional-10bps,neutral_guarded,7284.38228438228438228438228438228438228438228438228438228438,0.000000000000000000000000000000000000000000000000000000001,48.5625485625485625485625485625485625485625485625485625485625,4.995004995004995004995004995004995004995004995004995004995,1000,outside-current-safety-theorem
monotone-rise-primary,synthetic,monotone-rise,deterministic-adversarial-v1,5,1,identity-a0-b0,proportional-10bps,corrected_guarded,7284.38228438228438228438228438228438228438228438228438228438,0.000000000000000000000000000000000000000000000000000000001,48.5625485625485625485625485625485625485625485625485625485625,4.995004995004995004995004995004995004995004995004995004995,1000,outside-current-safety-theorem
monotone-rise-primary,synthetic,monotone-rise,deterministic-adversarial-v1,5,1,identity-a0-b0,fixed-1-usd,dca,7284.375,0,48.5625,5,,outside-current-safety-theorem
monotone-rise-primary,synthetic,monotone-rise,deterministic-adversarial-v1,5,1,identity-a0-b0,fixed-1-usd,neutral_guarded,7284.375,0,48.5625,5,1000,outside-current-safety-theorem
monotone-rise-primary,synthetic,monotone-rise,deterministic-adversarial-v1,5,1,identity-a0-b0,fixed-1-usd,corrected_guarded,7284.375,0,48.5625,5,1000,outside-current-safety-theorem
monotone-rise-primary,synthetic,monotone-rise,deterministic-adversarial-v1,5,0.9,identity-a0-b0,frictionless,dca,7291.66666666666666666666666666666666666666666666666666666666,0,48.6111111111111111111111111111111111111111111111111111111111,0,,epsilon-dca
monotone-rise-primary,synthetic,monotone-rise,deterministic-adversarial-v1,5,0.9,identity-a0-b0,frictionless,neutral_guarded,7167.10014083758503401360544217687074829931972789115646258503,291.875930059523809523809523809523809523809523809523809523808,45.8348280718537414965986394557823129251700680272108843537415,0,775.626860119047619047619047619047619047619047619047619047618,epsilon-dca
monotone-rise-primary,synthetic,monotone-rise,deterministic-adversarial-v1,5,0.9,identity-a0-b0,frictionless,corrected_guarded,7154.24301623942204641605801971982199877063728877943595379943,338.739422232434669083102774397671689401251361402403971633329,45.4366906267132491822197016354810020624625728491802132144407,0,788.55615226863043547024173548195570586909045019212460168188,epsilon-dca
monotone-rise-primary,synthetic,monotone-rise,deterministic-adversarial-v1,5,0.9,identity-a0-b0,proportional-10bps,dca,7284.38228438228438228438228438228438228438228438228438228438,0.000000000000000000000000000000000000000000000000000000001,48.5625485625485625485625485625485625485625485625485625485625,4.995004995004995004995004995004995004995004995004995004995,,outside-current-safety-theorem
monotone-rise-primary,synthetic,monotone-rise,deterministic-adversarial-v1,5,0.9,identity-a0-b0,proportional-10bps,neutral_guarded,7160.27213427078583576978017698415626991440171608588397079863,291.760826943100661816085679508397223675525220706739061936872,45.7900753821845678263579633165050603082591766358609660590784,4.70353563741947985832558873175984293339108369559766327478833,775.707185298821804802707645489867633986622519937985062899486,outside-current-safety-theorem
monotone-rise-primary,synthetic,monotone-rise,deterministic-adversarial-v1,5,0.9,identity-a0-b0,proportional-10bps,corrected_guarded,7147.47528724968200066056817623848468431999637427843878613452,338.626227560303108137768057566986531452093530153507065721686,45.3923270645958592834853341244766543524526856274995448027522,4.65671705538431257928294899343957389465325321662986307120711,788.622512979018762429027437626214038747357295895042974109146,outside-current-safety-theorem
monotone-rise-primary,synthetic,monotone-rise,deterministic-adversarial-v1,5,0.9,identity-a0-b0,fixed-1-usd,dca,7284.375,0,48.5625,5,,outside-current-safety-theorem
monotone-rise-primary,synthetic,monotone-rise,deterministic-adversarial-v1,5,0.9,identity-a0-b0,fixed-1-usd,neutral_guarded,7159.89466610863095238095238095238095238095238095238095238094,291.617252604166666666666666666666666666666666666666666666657,45.7885160900297619047619047619047619047619047619047619047619,5,775.802421875000000000000000000000000000000000000000000000006,outside-current-safety-theorem
monotone-rise-primary,synthetic,monotone-rise,deterministic-adversarial-v1,5,0.9,identity-a0-b0,fixed-1-usd,corrected_guarded,7147.04782544949397337763291055633358884084902188991402585275,338.438575753098975220491090395047081501906611232934103060499,45.390728331309299987714278801075243382259616071046532818615,5,788.721843448436897389569808764697585085718386168393360232008,outside-current-safety-theorem
monotone-rise-primary,synthetic,monotone-rise,deterministic-adversarial-v1,5,0.75,identity-a0-b0,frictionless,dca,7291.66666666666666666666666666666666666666666666666666666666,0,48.6111111111111111111111111111111111111111111111111111111111,0,,epsilon-dca
monotone-rise-primary,synthetic,monotone-rise,deterministic-adversarial-v1,5,0.75,identity-a0-b0,frictionless,neutral_guarded,6980.25035209396258503401360544217687074829931972789115646259,729.68982514880952380952380952380952380952380952380952380953,41.6704035129676870748299319727891156462585034013605442176871,0,439.067150297619047619047619047619047619047619047619047619044,epsilon-dca
monotone-rise-primary,synthetic,monotone-rise,deterministic-adversarial-v1,5,0.75,identity-a0-b0,frictionless,corrected_guarded,6948.10754059855511604014504929955499692659322194858988449862,846.848555581086672707756935994179223503128403506009929083338,40.6750599001164562888825874220358384894897654562838663694352,0,471.390380671576088675604338704889264672726125480311504204696,epsilon-dca
monotone-rise-primary,synthetic,monotone-rise,deterministic-adversarial-v1,5,0.75,identity-a0-b0,proportional-10bps,dca,7284.38228438228438228438228438228438228438228438228438228438,0.000000000000000000000000000000000000000000000000000000001,48.5625485625485625485625485625485625485625485625485625485625,4.995004995004995004995004995004995004995004995004995004995,,outside-current-safety-theorem
monotone-rise-primary,synthetic,monotone-rise,deterministic-adversarial-v1,5,0.75,identity-a0-b0,proportional-10bps,neutral_guarded,6974.10690910353801599787701588696410135943086364128335357005,729.402067357751654540214198770993059188813051766847654842208,41.6313656116385757430510854474398069478041187458295713248523,4.2663316010412071383214643368921148259852017464866656794783,439.2679632470545120067691137246690849665562998449626572487,outside-current-safety-theorem
monotone-rise-primary,synthetic,monotone-rise,deterministic-adversarial-v1,5,0.75,identity-a0-b0,proportional-10bps,corrected_guarded,6942.1147915507784282248470140227851373734175091226703919097,846.565568900757770344420143917466328630233825383767664304205,40.6369948176668043858695124673687920582878912249260181840367,4.14928514595328894071486499109144222914062554906716517052527,471.55628244754690607256859406553509686839323973760743527286,outside-current-safety-theorem
monotone-rise-primary,synthetic,monotone-rise,deterministic-adversarial-v1,5,0.75,identity-a0-b0,fixed-1-usd,dca,7284.375,0,48.5625,5,,outside-current-safety-theorem
monotone-rise-primary,synthetic,monotone-rise,deterministic-adversarial-v1,5,0.75,identity-a0-b0,fixed-1-usd,neutral_guarded,6973.17416527157738095238095238095238095238095238095238095239,729.043131510416666666666666666666666666666666666666666666668,41.6275402250744047619047619047619047619047619047619047619048,5,439.506054687499999999999999999999999999999999999999999999996,outside-current-safety-theorem
monotone-rise-primary,synthetic,monotone-rise,deterministic-adversarial-v1,5,0.75,identity-a0-b0,fixed-1-usd,corrected_guarded,6941.05706362373493344408227639083397210212255472478506463188,846.096439382747438051227725987617703754766528082335257651257,40.6330708282732499692856970026881084556490401776163320465375,5,471.80460862109224347392452191174396271429596542098340058001,outside-current-safety-theorem
monotone-rise-primary,synthetic,monotone-rise,deterministic-adversarial-v1,5,0.5,identity-a0-b0,frictionless,dca,7291.66666666666666666666666666666666666666666666666666666666,0,48.6111111111111111111111111111111111111111111111111111111111,0,,epsilon-dca
monotone-rise-primary,synthetic,monotone-rise,deterministic-adversarial-v1,5,0.5,identity-a0-b0,frictionless,neutral_guarded,6757.4404761904761904761904761904761904761904761904761904762,939.453125,38.7865823412698412698412698412698412698412698412698412698413,0,143.75,epsilon-dca
monotone-rise-primary,synthetic,monotone-rise,deterministic-adversarial-v1,5,0.5,identity-a0-b0,frictionless,corrected_guarded,6682.14153634929825538153055762092450626875315450670044860391,1210.58670045283947187000963565688953997172997450589337629741,36.4770322393097252234101394797602331086468212000053804820433,0,143.75,epsilon-dca
monotone-rise-primary,synthetic,monotone-rise,deterministic-adversarial-v1,5,0.5,identity-a0-b0,proportional-10bps,dca,7284.38228438228438228438228438228438228438228438228438228438,0.000000000000000000000000000000000000000000000000000000001,48.5625485625485625485625485625485625485625485625485625485625,4.995004995004995004995004995004995004995004995004995004995,,outside-current-safety-theorem
monotone-rise-primary,synthetic,monotone-rise,deterministic-adversarial-v1,5,0.5,identity-a0-b0,proportional-10bps,neutral_guarded,6751.68174791765486784753232591109000413981147533309656900352,939.435564435564435564435564435564435564435564435564435564436,38.7483078898806028818873117431701704571691727393168808895939,4.05650792763679876566989454102341215228328115441002553889666,143.806193806193806193806193806193806193806193806193806193806,outside-current-safety-theorem
monotone-rise-primary,synthetic,monotone-rise,deterministic-adversarial-v1,5,0.5,identity-a0-b0,proportional-10bps,corrected_guarded,6676.73578565185912570328541493329695055147471951492098978823,1210.55914461679659758187479548294339635359435305161653794878,36.441177606900416854142737463002357027985869109755363012263,3.78565520018302038203608911540165494869770793900937408796326,143.806193806193806193806193806193806193806193806193806193806,outside-current-safety-theorem
monotone-rise-primary,synthetic,monotone-rise,deterministic-adversarial-v1,5,0.5,identity-a0-b0,fixed-1-usd,dca,7284.375,0,48.5625,5,,outside-current-safety-theorem
monotone-rise-primary,synthetic,monotone-rise,deterministic-adversarial-v1,5,0.5,identity-a0-b0,fixed-1-usd,neutral_guarded,6750.25595238095238095238095238095238095238095238095238095238,939.41796875,38.7389198908730158730158730158730158730158730158730158730159,5,143.8625,outside-current-safety-theorem
monotone-rise-primary,synthetic,monotone-rise,deterministic-adversarial-v1,5,0.5,identity-a0-b0,fixed-1-usd,corrected_guarded,6674.97084242171064628031617935376708087159921748015084090088,1210.53153366908163754516368562864936044822246035443114592344,36.4295953916841933915676832915007848028225117141714646331829,5,143.8625,outside-current-safety-theorem
monotone-decline-primary,synthetic,monotone-decline,deterministic-adversarial-v1,5,1,identity-a0-b0,frictionless,dca,3225.98845598845598845598845598845598845598845598845598845599,0,49.6305916305916305916305916305916305916305916305916305916306,0,,epsilon-dca
monotone-decline-primary,synthetic,monotone-decline,deterministic-adversarial-v1,5,1,identity-a0-b0,frictionless,neutral_guarded,3225.98845598845598845598845598845598845598845598845598845599,0,49.6305916305916305916305916305916305916305916305916305916306,0,1000,epsilon-dca
monotone-decline-primary,synthetic,monotone-decline,deterministic-adversarial-v1,5,1,identity-a0-b0,frictionless,corrected_guarded,3225.98845598845598845598845598845598845598845598845598845599,0,49.6305916305916305916305916305916305916305916305916305916306,0,1000,epsilon-dca
monotone-decline-primary,synthetic,monotone-decline,deterministic-adversarial-v1,5,1,identity-a0-b0,proportional-10bps,dca,3222.76569029815783062536309289556042802796049549296302543055,0.000000000000000000000000000000000000000000000000000000001,49.5810106199716589326978937368547758158147768537378926989316,4.995004995004995004995004995004995004995004995004995004995,,outside-current-safety-theorem
monotone-decline-primary,synthetic,monotone-decline,deterministic-adversarial-v1,5,1,identity-a0-b0,proportional-10bps,neutral_guarded,3222.76569029815783062536309289556042802796049549296302543055,0.000000000000000000000000000000000000000000000000000000001,49.5810106199716589326978937368547758158147768537378926989316,4.995004995004995004995004995004995004995004995004995004995,1000,outside-current-safety-theorem
monotone-decline-primary,synthetic,monotone-decline,deterministic-adversarial-v1,5,1,identity-a0-b0,proportional-10bps,corrected_guarded,3222.76569029815783062536309289556042802796049549296302543055,0.000000000000000000000000000000000000000000000000000000001,49.5810106199716589326978937368547758158147768537378926989316,4.995004995004995004995004995004995004995004995004995004995,1000,outside-current-safety-theorem
monotone-decline-primary,synthetic,monotone-decline,deterministic-adversarial-v1,5,1,identity-a0-b0,fixed-1-usd,dca,3222.76246753246753246753246753246753246753246753246753246753,0,49.5809610389610389610389610389610389610389610389610389610389,5,,outside-current-safety-theorem
monotone-decline-primary,synthetic,monotone-decline,deterministic-adversarial-v1,5,1,identity-a0-b0,fixed-1-usd,neutral_guarded,3222.76246753246753246753246753246753246753246753246753246753,0,49.5809610389610389610389610389610389610389610389610389610389,5,1000,outside-current-safety-theorem
monotone-decline-primary,synthetic,monotone-decline,deterministic-adversarial-v1,5,1,identity-a0-b0,fixed-1-usd,corrected_guarded,3222.76246753246753246753246753246753246753246753246753246753,0,49.5809610389610389610389610389610389610389610389610389610389,5,1000,outside-current-safety-theorem
monotone-decline-primary,synthetic,monotone-decline,deterministic-adversarial-v1,5,0.9,identity-a0-b0,frictionless,dca,3225.98845598845598845598845598845598845598845598845598845599,0,49.6305916305916305916305916305916305916305916305916305916306,0,,epsilon-dca
monotone-decline-primary,synthetic,monotone-decline,deterministic-adversarial-v1,5,0.9,identity-a0-b0,frictionless,neutral_guarded,3306.02411873840445269016697588126159554730983302411873840445,208.773448773448773448773448773448773448773448773448773448771,47.6500103071531642960214388785817357245928674500103071531643,0,823.005880230880230880230880230880230880230880230880230880234,epsilon-dca
monotone-decline-primary,synthetic,monotone-decline,deterministic-adversarial-v1,5,0.9,identity-a0-b0,frictionless,corrected_guarded,3293.86225579106402473643546824656853432369682967029640505842,154.832837445310795328079526012968027542412972916177862039873,48.2927602822423573755131683420553924120197516423710545079777,0,815.775259177930730423989943140255171922740084165060220282272,epsilon-dca
monotone-decline-primary,synthetic,monotone-decline,deterministic-adversarial-v1,5,0.9,identity-a0-b0,proportional-10bps,dca,3222.76569029815783062536309289556042802796049549296302543055,0.000000000000000000000000000000000000000000000000000000001,49.5810106199716589326978937368547758158147768537378926989316,4.995004995004995004995004995004995004995004995004995004995,,outside-current-safety-theorem
monotone-decline-primary,synthetic,monotone-decline,deterministic-adversarial-v1,5,0.9,identity-a0-b0,proportional-10bps,neutral_guarded,3302.90380248937400959045443146392306028050505115625732553914,208.693069010475911609400840107538661075690821826147696423936,47.6032420535215091997085167900982215262279112204632250633108,4.78652041057894514324735180808437696196234683134250979378229,823.063906112396163723537568553611531532791012651731433369454,outside-current-safety-theorem
monotone-decline-primary,synthetic,monotone-decline,deterministic-adversarial-v1,5,0.9,identity-a0-b0,proportional-10bps,corrected_guarded,3290.70265387502552784114736221391643949049425552267476770279,154.764631343267032956453586564113438129204552506898097049492,48.24520034664243838284144270230466155940445696947348724082,4.84039497368304991712641999344244411775304240508801388906144,815.841872981337479827725982388099245991268197117659309032814,outside-current-safety-theorem
monotone-decline-primary,synthetic,monotone-decline,deterministic-adversarial-v1,5,0.9,identity-a0-b0,fixed-1-usd,dca,3222.76246753246753246753246753246753246753246753246753246753,0,49.5809610389610389610389610389610389610389610389610389610389,5,,outside-current-safety-theorem
monotone-decline-primary,synthetic,monotone-decline,deterministic-adversarial-v1,5,0.9,identity-a0-b0,fixed-1-usd,neutral_guarded,3302.74877179962894248608534322820037105751391465677179962893,208.628730158730158730158730158730158730158730158730158730151,47.6018467944753659039373325087610801896516182230467944753658,5,823.113700793650793650793650793650793650793650793650793650794,outside-current-safety-theorem
monotone-decline-primary,synthetic,monotone-decline,deterministic-adversarial-v1,5,0.9,identity-a0-b0,fixed-1-usd,corrected_guarded,3290.59489235211708989860573317418282237993197860938316913693,154.725332435113296456015494872394186161434444332043890488932,48.2441470756462122068090805892582867110538082196513735176615,5,815.887608273451719508995331921740622031768812408191910786846,outside-current-safety-theorem
monotone-decline-primary,synthetic,monotone-decline,deterministic-adversarial-v1,5,0.75,identity-a0-b0,frictionless,dca,3225.98845598845598845598845598845598845598845598845598845599,0,49.6305916305916305916305916305916305916305916305916305916306,0,,epsilon-dca
monotone-decline-primary,synthetic,monotone-decline,deterministic-adversarial-v1,5,0.75,identity-a0-b0,frictionless,neutral_guarded,3426.07761286332714904143475572047000618429189857761286332714,521.933621933621933621933621933621933621933621933621933621934,44.6791383219954648526077097505668934240362811791383219954648,0,557.51470057720057720057720057720057720057720057720057720058,epsilon-dca
monotone-decline-primary,synthetic,monotone-decline,deterministic-adversarial-v1,5,0.75,identity-a0-b0,frictionless,corrected_guarded,3395.67295549497607915710598663373735312525939019305702996212,387.082093613276988320198815032420068856032432290444655099696,46.2860132597184475513370334092510351426034916600401903824988,0,539.438147944826826059974857850637929806850210412650550705674,epsilon-dca
monotone-decline-primary,synthetic,monotone-decline,deterministic-adversarial-v1,5,0.75,identity-a0-b0,proportional-10bps,dca,3222.76569029815783062536309289556042802796049549296302543055,0.000000000000000000000000000000000000000000000000000000001,49.5810106199716589326978937368547758158147768537378926989316,4.995004995004995004995004995004995004995004995004995004995,,outside-current-safety-theorem
monotone-decline-primary,synthetic,monotone-decline,deterministic-adversarial-v1,5,0.75,identity-a0-b0,proportional-10bps,neutral_guarded,3423.11097077619827803809143931646700865932188465119877570199,521.732672526189779023502100268846652689227054565369241059823,44.6365892038462846002244513699633900918476127705512236098795,4.47379353393987035062587202770344989741335958584878197696321,557.659765280990409308843921384028828831977531629328583423642,outside-current-safety-theorem
monotone-decline-primary,synthetic,monotone-decline,deterministic-adversarial-v1,5,0.75,identity-a0-b0,proportional-10bps,corrected_guarded,3392.60809924032707366482376619145045668429489556724238111116,386.911578358167582391133966410283595323011381267245242623735,46.2414849366486075580567661504794901747889771430768790536526,4.6084799417001322853235424910986177868900985202125422151611,539.60468245334369956931495597024811497817049279414827258204,outside-current-safety-theorem
monotone-decline-primary,synthetic,monotone-decline,deterministic-adversarial-v1,5,0.75,identity-a0-b0,fixed-1-usd,dca,3222.76246753246753246753246753246753246753246753246753246753,0,49.5809610389610389610389610389610389610389610389610389610389,5,,outside-current-safety-theorem
monotone-decline-primary,synthetic,monotone-decline,deterministic-adversarial-v1,5,0.75,identity-a0-b0,fixed-1-usd,neutral_guarded,3422.72822820037105751391465677179962894248608534322820037106,521.571825396825396825396825396825396825396825396825396825405,44.6331754277468563182848897134611420325706039991754277468563,5,557.784251984126984126984126984126984126984126984126984126984,outside-current-safety-theorem
monotone-decline-primary,synthetic,monotone-decline,deterministic-adversarial-v1,5,0.75,identity-a0-b0,fixed-1-usd,corrected_guarded,3392.34352958159142604521563163675575724853124522475662414103,386.813331087783241140038737180985465403586110830109726222338,46.2389261306739720754642599147041583360760789906868753525952,5,539.719020683629298772488329804351555079422031020479776967116,outside-current-safety-theorem
monotone-decline-primary,synthetic,monotone-decline,deterministic-adversarial-v1,5,0.5,identity-a0-b0,frictionless,dca,3225.98845598845598845598845598845598845598845598845598845599,0,49.6305916305916305916305916305916305916305916305916305916306,0,,epsilon-dca
monotone-decline-primary,synthetic,monotone-decline,deterministic-adversarial-v1,5,0.5,identity-a0-b0,frictionless,neutral_guarded,3609.67939922180993609565038136466707895279323850752422180993,926.85267857142857142857142857142857142857142857142857142857,41.2742572407750979179550608122036693465264893836322407750979,0,169.714285714285714285714285714285714285714285714285714285714,epsilon-dca
monotone-decline-primary,synthetic,monotone-decline,deterministic-adversarial-v1,5,0.5,identity-a0-b0,frictionless,corrected_guarded,3544.46139266517581012741147130345560862814726845378147649932,639.94482202891469609531054001036075622535762755699554053467,44.6848703174809402158784758660476131138890713984120913225331,0,164.866576819407008086253369272237196765498652291105121293801,epsilon-dca
monotone-decline-primary,synthetic,monotone-decline,deterministic-adversarial-v1,5,0.5,identity-a0-b0,proportional-10bps,dca,3222.76569029815783062536309289556042802796049549296302543055,0.000000000000000000000000000000000000000000000000000000001,49.5810106199716589326978937368547758158147768537378926989316,4.995004995004995004995004995004995004995004995004995004995,,outside-current-safety-theorem
monotone-decline-primary,synthetic,monotone-decline,deterministic-adversarial-v1,5,0.5,identity-a0-b0,proportional-10bps,neutral_guarded,3606.93567965339312862714454496645271679937517677831962010545,926.79752057204961443579967912777959873721255196922386875291,41.2328947550975925260206902436718941240332711509091654054237,4.06913334608186851704715316770451588537741003799278334789919,169.824837642734032058992812524994628605303644550112368008758,outside-current-safety-theorem
monotone-decline-primary,synthetic,monotone-decline,deterministic-adversarial-v1,5,0.5,identity-a0-b0,proportional-10bps,corrected_guarded,3541.50396352711913185904115488645303387946263507918428220898,639.911260767149460714115627083225695415566411848260606553281,44.6398877347687641714603927354342667455984034343219027023954,4.35573300622662391537051385905771658799643715100073865479193,164.98308125333391172673184461934795159521915245975552246101,outside-current-safety-theorem
monotone-decline-primary,synthetic,monotone-decline,deterministic-adversarial-v1,5,0.5,identity-a0-b0,fixed-1-usd,dca,3222.76246753246753246753246753246753246753246753246753246753,0,49.5809610389610389610389610389610389610389610389610389610389,5,,outside-current-safety-theorem
monotone-decline-primary,synthetic,monotone-decline,deterministic-adversarial-v1,5,0.5,identity-a0-b0,fixed-1-usd,neutral_guarded,3606.3291196080705009276437847866419294990723562152133580705,926.745223214285714285714285714285714285714285714285714285715,41.2243676368274582560296846011131725417439703153988868274582,5,169.930857142857142857142857142857142857142857142857142857144,outside-current-safety-theorem
monotone-decline-primary,synthetic,monotone-decline,deterministic-adversarial-v1,5,0.5,identity-a0-b0,fixed-1-usd,corrected_guarded,3541.13113934561766535209095047858721059159215178163582736122,639.88284902067622948038177414867115236394427671169368342652,44.6345890819221759364878334819987085881176596164606483682262,5,165.085371967654986522911051212938005390835579514824797843666,outside-current-safety-theorem
weak-single-valley-primary,synthetic,weak-single-valley,deterministic-adversarial-v1,7,1,identity-a0-b0,frictionless,dca,8389.31419457735247208931419457735247208931419457735247208931,0,72.9505582137161084529505582137161084529505582137161084529505,0,,epsilon-dca
weak-single-valley-primary,synthetic,weak-single-valley,deterministic-adversarial-v1,7,1,identity-a0-b0,frictionless,neutral_guarded,8389.31419457735247208931419457735247208931419457735247208931,0,72.9505582137161084529505582137161084529505582137161084529505,0,1000,epsilon-dca
weak-single-valley-primary,synthetic,weak-single-valley,deterministic-adversarial-v1,7,1,identity-a0-b0,frictionless,corrected_guarded,8389.31419457735247208931419457735247208931419457735247208931,0,72.9505582137161084529505582137161084529505582137161084529505,0,1000,epsilon-dca
weak-single-valley-primary,synthetic,weak-single-valley,deterministic-adversarial-v1,7,1,identity-a0-b0,proportional-10bps,dca,8380.93326131603643565366053404330916292638780677058189019911,0.000000000000000000000000000000000000000000000000000000001,72.877680533182925527423135078637470981968589624092016436514,6.993006993006993006993006993006993006993006993006993006993,,outside-current-safety-theorem
weak-single-valley-primary,synthetic,weak-single-valley,deterministic-adversarial-v1,7,1,identity-a0-b0,proportional-10bps,neutral_guarded,8380.93326131603643565366053404330916292638780677058189019911,0.000000000000000000000000000000000000000000000000000000001,72.877680533182925527423135078637470981968589624092016436514,6.993006993006993006993006993006993006993006993006993006993,1000,outside-current-safety-theorem
weak-single-valley-primary,synthetic,weak-single-valley,deterministic-adversarial-v1,7,1,identity-a0-b0,proportional-10bps,corrected_guarded,8380.93326131603643565366053404330916292638780677058189019911,0.000000000000000000000000000000000000000000000000000000001,72.877680533182925527423135078637470981968589624092016436514,6.993006993006993006993006993006993006993006993006993006993,1000,outside-current-safety-theorem
weak-single-valley-primary,synthetic,weak-single-valley,deterministic-adversarial-v1,7,1,identity-a0-b0,fixed-1-usd,dca,8380.92488038277511961722488038277511961722488038277511961722,0,72.8776076555023923444976076555023923444976076555023923444976,7,,outside-current-safety-theorem
weak-single-valley-primary,synthetic,weak-single-valley,deterministic-adversarial-v1,7,1,identity-a0-b0,fixed-1-usd,neutral_guarded,8380.92488038277511961722488038277511961722488038277511961722,0,72.8776076555023923444976076555023923444976076555023923444976,7,1000,outside-current-safety-theorem
weak-single-valley-primary,synthetic,weak-single-valley,deterministic-adversarial-v1,7,1,identity-a0-b0,fixed-1-usd,corrected_guarded,8380.92488038277511961722488038277511961722488038277511961722,0,72.8776076555023923444976076555023923444976076555023923444976,7,1000,outside-current-safety-theorem
weak-single-valley-primary,synthetic,weak-single-valley,deterministic-adversarial-v1,7,0.9,identity-a0-b0,frictionless,dca,8389.31419457735247208931419457735247208931419457735247208931,0,72.9505582137161084529505582137161084529505582137161084529505,0,,epsilon-dca
weak-single-valley-primary,synthetic,weak-single-valley,deterministic-adversarial-v1,7,0.9,identity-a0-b0,frictionless,neutral_guarded,8321.2024801883971291866028708133971291866028708133971291866,376.845189144736842105263157894736842105263157894736842105267,69.0813677482057416267942583732057416267942583732057416267942,0,748.459038220551378446115288220551378446115288220551378446114,epsilon-dca
weak-single-valley-primary,synthetic,weak-single-valley,deterministic-adversarial-v1,7,0.9,identity-a0-b0,frictionless,corrected_guarded,8323.35293278457341222156638944617028853428134207762809754584,406.448873962694012959766485066342391485889625411256565467909,68.8426439897554730370591296033028512786816671014467089745907,0,738.654600484733986116388049535412531595170587645954554639679,epsilon-dca
weak-single-valley-primary,synthetic,weak-single-valley,deterministic-adversarial-v1,7,0.9,identity-a0-b0,proportional-10bps,dca,8380.93326131603643565366053404330916292638780677058189019911,0.000000000000000000000000000000000000000000000000000000001,72.877680533182925527423135078637470981968589624092016436514,6.993006993006993006993006993006993006993006993006993006993,,outside-current-safety-theorem
weak-single-valley-primary,synthetic,weak-single-valley,deterministic-adversarial-v1,7,0.9,identity-a0-b0,proportional-10bps,neutral_guarded,8313.30316718906668545022337995053036390441349560074475600202,376.684245957705919278455607617791216368892461504699989838437,69.0140775759248762275805893246325143263958350790960414449007,6.61669905498730677394759679558662216146963790059470530485671,748.556605989433038442019272883462874342792425741998885233994,outside-current-safety-theorem
weak-single-valley-primary,synthetic,weak-single-valley,deterministic-adversarial-v1,7,0.9,identity-a0-b0,proportional-10bps,corrected_guarded,8315.48362095240534412398901616388617130526325229249182594128,406.276272407456080792189727547486137825377138898422892217909,68.7757160743039066376678199010121742041729227251658168149858,6.58713659100154237683097929315935450766695590519638072705503,738.76052910935499560710639889358431619510543310191016365604,outside-current-safety-theorem
weak-single-valley-primary,synthetic,weak-single-valley,deterministic-adversarial-v1,7,0.9,identity-a0-b0,fixed-1-usd,dca,8380.92488038277511961722488038277511961722488038277511961722,0,72.8776076555023923444976076555023923444976076555023923444976,7,,outside-current-safety-theorem
weak-single-valley-primary,synthetic,weak-single-valley,deterministic-adversarial-v1,7,0.9,identity-a0-b0,fixed-1-usd,neutral_guarded,8312.88170688172846889952153110047846889952153110047846889951,376.519664884868421052631578947368421052631578947368421052631,69.011843843450956937799043062200956937799043062200956937799,7,748.648670895989974937343358395989974937343358395989974937343,outside-current-safety-theorem
weak-single-valley-primary,synthetic,weak-single-valley,deterministic-adversarial-v1,7,0.9,identity-a0-b0,fixed-1-usd,corrected_guarded,8315.03051742497238877963067855058343549695821877843618495264,406.0978909529920359934439904799517927364652354744274741748,68.773327186712872632923362504962014284873852028730510528503,7,738.850853296748421275916154580582713810589067244080809313941,outside-current-safety-theorem
weak-single-valley-primary,synthetic,weak-single-valley,deterministic-adversarial-v1,7,0.75,identity-a0-b0,frictionless,dca,8389.31419457735247208931419457735247208931419457735247208931,0,72.9505582137161084529505582137161084529505582137161084529505,0,,epsilon-dca
weak-single-valley-primary,synthetic,weak-single-valley,deterministic-adversarial-v1,7,0.75,identity-a0-b0,frictionless,neutral_guarded,8221.91903876345693779904306220095693779904306220095693779904,878.662109375,63.8544080816387559808612440191387559808612440191387559808612,0,389.276413690476190476190476190476190476190476190476190476191,epsilon-dca
weak-single-valley-primary,synthetic,weak-single-valley,deterministic-adversarial-v1,7,0.75,identity-a0-b0,frictionless,corrected_guarded,8228.28143246747231249940633168517119916285385556831901944759,943.985820856924310674007382755054170342124851065897621570133,63.3417009705265043636991212950444959027889478652384469380649,0,366.341623117751268076066808421192691736752375649613262096417,epsilon-dca
weak-single-valley-primary,synthetic,weak-single-valley,deterministic-adversarial-v1,7,0.75,identity-a0-b0,proportional-10bps,dca,8380.93326131603643565366053404330916292638780677058189019911,0.000000000000000000000000000000000000000000000000000000001,72.877680533182925527423135078637470981968589624092016436514,6.993006993006993006993006993006993006993006993006993006993,,outside-current-safety-theorem
weak-single-valley-primary,synthetic,weak-single-valley,deterministic-adversarial-v1,7,0.75,identity-a0-b0,proportional-10bps,neutral_guarded,8214.66545541912002160260940960108351700514941253864004505121,878.49465303493317527386431954422895536263628292375395274166,63.7927895859494508376412616526683005360218533009990094983439,6.11538995700805876596017550495082022441295076630993611114719,389.453218361963059797126667780156924588293884594424647900531,outside-current-safety-theorem
weak-single-valley-primary,synthetic,weak-single-valley,deterministic-adversarial-v1,7,0.75,identity-a0-b0,proportional-10bps,corrected_guarded,8221.04609324240237406507952376368628774319807527308618719869,943.921020788149994799422143077644896388027932513691242377891,63.2793484561239337327448467885742729683058273283425647375722,6.05002895026158841678379406285949560800396809938692183578633,366.473197106510876310703379062906359409012968919813481918547,outside-current-safety-theorem
weak-single-valley-primary,synthetic,weak-single-valley,deterministic-adversarial-v1,7,0.75,identity-a0-b0,fixed-1-usd,dca,8380.92488038277511961722488038277511961722488038277511961722,0,72.8776076555023923444976076555023923444976076555023923444976,7,,outside-current-safety-theorem
weak-single-valley-primary,synthetic,weak-single-valley,deterministic-adversarial-v1,7,0.75,identity-a0-b0,fixed-1-usd,neutral_guarded,8213.67817896792763157894736842105263157894736842105263157895,878.35205078125,63.7854445929276315789473684210526315789473684210526315789474,7,389.606566220238095238095238095238095238095238095238095238094,outside-current-safety-theorem
weak-single-valley-primary,synthetic,weak-single-valley,deterministic-adversarial-v1,7,0.75,identity-a0-b0,fixed-1-usd,corrected_guarded,8219.95298342649733110653494520362698159840380408869838397011,943.882505066785899296173468682653639692117920149613102811064,63.2701780726931428853074911001823768861416163820790024448613,7,366.564751372095557243436263851311035425646817995764027599617,outside-current-safety-theorem
weak-single-valley-primary,synthetic,weak-single-valley,deterministic-adversarial-v1,7,0.5,identity-a0-b0,frictionless,dca,8389.31419457735247208931419457735247208931419457735247208931,0,72.9505582137161084529505582137161084529505582137161084529505,0,,epsilon-dca
weak-single-valley-primary,synthetic,weak-single-valley,deterministic-adversarial-v1,7,0.5,identity-a0-b0,frictionless,neutral_guarded,8231.0920678827751196172248803827751196172248803827751196172,983.072916666666666666666666666666666666666666666666666666665,63.0262534888357256778309409888357256778309409888357256778308,0,116.071428571428571428571428571428571428571428571428571428572,epsilon-dca
weak-single-valley-primary,synthetic,weak-single-valley,deterministic-adversarial-v1,7,0.5,identity-a0-b0,frictionless,corrected_guarded,8267.06702758910328846360965191370157662085256732279015781156,1012.5275394118551813521310822568252722851823983184236873434,63.0829520711065052792302484317989243855275666869944910475492,0,113.095238095238095238095238095238095238095238095238095238095,epsilon-dca
weak-single-valley-primary,synthetic,weak-single-valley,deterministic-adversarial-v1,7,0.5,identity-a0-b0,proportional-10bps,dca,8380.93326131603643565366053404330916292638780677058189019911,0.000000000000000000000000000000000000000000000000000000001,72.877680533182925527423135078637470981968589624092016436514,6.993006993006993006993006993006993006993006993006993006993,,outside-current-safety-theorem
weak-single-valley-primary,synthetic,weak-single-valley,deterministic-adversarial-v1,7,0.5,identity-a0-b0,proportional-10bps,neutral_guarded,8223.80170173244654876168590432090794659552947424657759072852,983.057954418624998045577466156886736307315727895148474569055,62.9629891070767091366618125057740974807670760552298184013866,6.01093111446690809386056197187124202167101325884600551991103,116.154693505913714276779782702431482223119157613234964455174,outside-current-safety-theorem
weak-single-valley-primary,synthetic,weak-single-valley,deterministic-adversarial-v1,7,0.5,identity-a0-b0,proportional-10bps,corrected_guarded,8259.80955239407492520213426766804707733887422283805697656416,1012.52521109267727197719802460551767244836567748642049590947,63.0198638374034578541298803744567774338305090900142302665625,5.9814932956117110170057961792152670604911431793342452588317,113.124970267827410684553541696398839255982113124970267827411,outside-current-safety-theorem
weak-single-valley-primary,synthetic,weak-single-valley,deterministic-adversarial-v1,7,0.5,identity-a0-b0,fixed-1-usd,dca,8380.92488038277511961722488038277511961722488038277511961722,0,72.8776076555023923444976076555023923444976076555023923444976,7,,outside-current-safety-theorem
weak-single-valley-primary,synthetic,weak-single-valley,deterministic-adversarial-v1,7,0.5,identity-a0-b0,fixed-1-usd,neutral_guarded,8222.60774957635566188197767145135566188197767145135566188196,983.04427083333333333333333333333333333333333333333333333333,62.9527259021132376395534290271132376395534290271132376395533,7,116.232142857142857142857142857142857142857142857142857142858,outside-current-safety-theorem
weak-single-valley-primary,synthetic,weak-single-valley,deterministic-adversarial-v1,7,0.5,identity-a0-b0,fixed-1-usd,corrected_guarded,8258.65731130536455084380294081793510045483340557757095271641,1012.52287811686100678351510083890745741187532321275329809267,63.0098646364217699483503290432958925481996354988245013445543,7,113.154761904761904761904761904761904761904761904761904761905,outside-current-safety-theorem
strict-single-valley-primary,synthetic,strict-single-valley,deterministic-adversarial-v1,7,1,identity-a0-b0,frictionless,dca,10103.0952380952380952380952380952380952380952380952380952381,0,77.7161172161172161172161172161172161172161172161172161172161,0,,epsilon-dca
strict-single-valley-primary,synthetic,strict-single-valley,deterministic-adversarial-v1,7,1,identity-a0-b0,frictionless,neutral_guarded,10103.0952380952380952380952380952380952380952380952380952381,0,77.7161172161172161172161172161172161172161172161172161172161,0,1000,epsilon-dca
strict-single-valley-primary,synthetic,strict-single-valley,deterministic-adversarial-v1,7,1,identity-a0-b0,frictionless,corrected_guarded,10103.0952380952380952380952380952380952380952380952380952381,0,77.7161172161172161172161172161172161172161172161172161172161,0,1000,epsilon-dca
strict-single-valley-primary,synthetic,strict-single-valley,deterministic-adversarial-v1,7,1,identity-a0-b0,proportional-10bps,dca,10093.0022358593787165215736644308072879501450930022358593787,0.000000000000000000000000000000000000000000000000000000001,77.6384787373798362809351820340831329842318853307864296875285,6.993006993006993006993006993006993006993006993006993006993,,outside-current-safety-theorem
strict-single-valley-primary,synthetic,strict-single-valley,deterministic-adversarial-v1,7,1,identity-a0-b0,proportional-10bps,neutral_guarded,10093.0022358593787165215736644308072879501450930022358593787,0.000000000000000000000000000000000000000000000000000000001,77.6384787373798362809351820340831329842318853307864296875285,6.993006993006993006993006993006993006993006993006993006993,1000,outside-current-safety-theorem
strict-single-valley-primary,synthetic,strict-single-valley,deterministic-adversarial-v1,7,1,identity-a0-b0,proportional-10bps,corrected_guarded,10093.0022358593787165215736644308072879501450930022358593787,0.000000000000000000000000000000000000000000000000000000001,77.6384787373798362809351820340831329842318853307864296875285,6.993006993006993006993006993006993006993006993006993006993,1000,outside-current-safety-theorem
strict-single-valley-primary,synthetic,strict-single-valley,deterministic-adversarial-v1,7,1,identity-a0-b0,fixed-1-usd,dca,10092.9921428571428571428571428571428571428571428571428571429,0,77.6384010989010989010989010989010989010989010989010989010989,7,,outside-current-safety-theorem
strict-single-valley-primary,synthetic,strict-single-valley,deterministic-adversarial-v1,7,1,identity-a0-b0,fixed-1-usd,neutral_guarded,10092.9921428571428571428571428571428571428571428571428571429,0,77.6384010989010989010989010989010989010989010989010989010989,7,1000,outside-current-safety-theorem
strict-single-valley-primary,synthetic,strict-single-valley,deterministic-adversarial-v1,7,1,identity-a0-b0,fixed-1-usd,corrected_guarded,10092.9921428571428571428571428571428571428571428571428571429,0,77.6384010989010989010989010989010989010989010989010989010989,7,1000,outside-current-safety-theorem
strict-single-valley-primary,synthetic,strict-single-valley,deterministic-adversarial-v1,7,0.9,identity-a0-b0,frictionless,dca,10103.0952380952380952380952380952380952380952380952380952381,0,77.7161172161172161172161172161172161172161172161172161172161,0,,epsilon-dca
strict-single-valley-primary,synthetic,strict-single-valley,deterministic-adversarial-v1,7,0.9,identity-a0-b0,frictionless,neutral_guarded,9946.82979105855082417582417582417582417582417582417582417582,418.649057241586538461538461538461538461538461538461538461543,73.2936979524381868131868131868131868131868131868131868131868,0,735.830843380020277341705913134484563055991627420198848770277,epsilon-dca
strict-single-valley-primary,synthetic,strict-single-valley,deterministic-adversarial-v1,7,0.9,identity-a0-b0,frictionless,corrected_guarded,9948.12104376679411094347891476525004060436001511148516745985,491.829959189175600139379330311778489492344216642660914166057,72.7407006505970654677238429573343965470155061420678788714907,0,724.425583229865818395152271410781721328244793697088326018586,epsilon-dca
strict-single-valley-primary,synthetic,strict-single-valley,deterministic-adversarial-v1,7,0.9,identity-a0-b0,proportional-10bps,dca,10093.0022358593787165215736644308072879501450930022358593787,0.000000000000000000000000000000000000000000000000000000001,77.6384787373798362809351820340831329842318853307864296875285,6.993006993006993006993006993006993006993006993006993006993,,outside-current-safety-theorem
strict-single-valley-primary,synthetic,strict-single-valley,deterministic-adversarial-v1,7,0.9,identity-a0-b0,proportional-10bps,neutral_guarded,9937.39624508911182928343818335214099531443645420450826306813,418.48218099026315773822129727411045055565902423780353403641,73.2224158776834513195785914313694657289136725382054209925517,6.57494287613360323902275594677911043900533564012207439157201,735.93048616041414991924851147386264309266889102047334937328,outside-current-safety-theorem
strict-single-valley-primary,synthetic,strict-single-valley,deterministic-adversarial-v1,7,0.9,identity-a0-b0,proportional-10bps,corrected_guarded,9938.77063225509426997165378795070713839563622804895036080716,491.654996673327386867608578185128015411438143118184215523815,72.6701202737058991008003477674275317152630621917751241944873,6.50184316016650610702536605575911287171684501186994583863754,724.531326305911978415057793442988671354351450757251184819513,outside-current-safety-theorem
strict-single-valley-primary,synthetic,strict-single-valley,deterministic-adversarial-v1,7,0.9,identity-a0-b0,fixed-1-usd,dca,10092.9921428571428571428571428571428571428571428571428571429,0,77.6384010989010989010989010989010989010989010989010989010989,7,,outside-current-safety-theorem
strict-single-valley-primary,synthetic,strict-single-valley,deterministic-adversarial-v1,7,0.9,identity-a0-b0,fixed-1-usd,neutral_guarded,9936.87802949540693681318681318681318681318681318681318681319,418.278971041165865384615384615384615384615384615384615384616,73.2199927573403159340659340659340659340659340659340659340659,7,736.031816352592719780219780219780219780219780219780219780221,outside-current-safety-theorem
strict-single-valley-primary,synthetic,strict-single-valley,deterministic-adversarial-v1,7,0.9,identity-a0-b0,fixed-1-usd,corrected_guarded,9938.16832366157517359393984633517041449295978103947518716165,491.395286181025753217182328556123916624927154722962805372588,72.6674849036965340028981347521465115220617894332039413983774,7,724.633142186886360853007361245823214655249942646042873506666,outside-current-safety-theorem
strict-single-valley-primary,synthetic,strict-single-valley,deterministic-adversarial-v1,7,0.75,identity-a0-b0,frictionless,dca,10103.0952380952380952380952380952380952380952380952380952381,0,77.7161172161172161172161172161172161172161172161172161172161,0,,epsilon-dca
strict-single-valley-primary,synthetic,strict-single-valley,deterministic-adversarial-v1,7,0.75,identity-a0-b0,frictionless,neutral_guarded,9723.98734403617216117216117216117216117216117216117216117215,898.76145582932692307692307692307692307692307692307692307692,67.8863529862065018315018315018315018315018315018315018315018,0,384.9227641777864992150706436420722135007849293563579277865,epsilon-dca
strict-single-valley-primary,synthetic,strict-single-valley,deterministic-adversarial-v1,7,0.75,identity-a0-b0,frictionless,corrected_guarded,9738.56086391014466771898391854309125977481917177182245275569,1067.43814762372452441285489731435515032577585751943888439971,66.7009439714340011023548386248364316111464870327106428335075,0,358.511766074789381472310600923410861326432647199889583569339,epsilon-dca
strict-single-valley-primary,synthetic,strict-single-valley,deterministic-adversarial-v1,7,0.75,identity-a0-b0,proportional-10bps,dca,10093.0022358593787165215736644308072879501450930022358593787,0.000000000000000000000000000000000000000000000000000000001,77.6384787373798362809351820340831329842318853307864296875285,6.993006993006993006993006993006993006993006993006993006993,,outside-current-safety-theorem
strict-single-valley-primary,synthetic,strict-single-valley,deterministic-adversarial-v1,7,0.75,identity-a0-b0,proportional-10bps,neutral_guarded,9715.31173144084659829016461852151192677451433429424315267686,898.695476483956160592971342883315709775110138589977501017045,67.8201250381299264438245636587553555153800322746481973204601,6.09520931420184199740961903807860568454034951189812437460835,385.039454649195137929322092140371278707170292995574682250906,outside-current-safety-theorem
strict-single-valley-primary,synthetic,strict-single-valley,deterministic-adversarial-v1,7,0.75,identity-a0-b0,proportional-10bps,corrected_guarded,9730.05890919032851771835640005365390548571889706749335361933,1067.34563995356941404262328687685312208704438655195632234665,66.6362559172058392590441008705907752569128808501195156251745,5.92672763241401656938798872439874812978317244100703664101233,358.659802553144420990844260465648043088605777322386113095181,outside-current-safety-theorem
strict-single-valley-primary,synthetic,strict-single-valley,deterministic-adversarial-v1,7,0.75,identity-a0-b0,fixed-1-usd,dca,10092.9921428571428571428571428571428571428571428571428571429,0,77.6384010989010989010989010989010989010989010989010989010989,7,,outside-current-safety-theorem
strict-single-valley-primary,synthetic,strict-single-valley,deterministic-adversarial-v1,7,0.75,identity-a0-b0,fixed-1-usd,neutral_guarded,9714.10988088083791208791208791208791208791208791208791208791,898.65070049579326923076923076923076923076923076923076923077,67.8112244645003434065934065934065934065934065934065934065934,7,385.126491672390109890109890109890109890109890109890109890111,outside-current-safety-theorem
strict-single-valley-primary,synthetic,strict-single-valley,deterministic-adversarial-v1,7,0.75,identity-a0-b0,fixed-1-usd,corrected_guarded,9728.6587652074907416811298688011622748355463054527357440869,1067.31144494914203952573155035337984304449514167598096832082,66.6257486173719130935030639880598648599311627982827290443545,7,358.730978250930980715244376765400235045615746812710663067707,outside-current-safety-theorem
strict-single-valley-primary,synthetic,strict-single-valley,deterministic-adversarial-v1,7,0.5,identity-a0-b0,frictionless,dca,10103.0952380952380952380952380952380952380952380952380952381,0,77.7161172161172161172161172161172161172161172161172161172161,0,,epsilon-dca
strict-single-valley-primary,synthetic,strict-single-valley,deterministic-adversarial-v1,7,0.5,identity-a0-b0,frictionless,neutral_guarded,9661.69356684981684981684981684981684981684981684981684981686,979.33121565934065934065934065934065934065934065934065934066,66.7874027014652014652014652014652014652014652014652014652015,0,133.634222919937205651491365777080062794348508634222919937206,epsilon-dca
strict-single-valley-primary,synthetic,strict-single-valley,deterministic-adversarial-v1,7,0.5,identity-a0-b0,frictionless,corrected_guarded,9781.83903697779753448869642336177761126652137268667033759921,1120.52940251438597041432227700193737504650543100774640630131,66.6254587266416274159567242027680018170770457052224917792146,0,128.123016800828350980326664217241724840509035037910417849628,epsilon-dca
strict-single-valley-primary,synthetic,strict-single-valley,deterministic-adversarial-v1,7,0.5,identity-a0-b0,proportional-10bps,dca,10093.0022358593787165215736644308072879501450930022358593787,0.000000000000000000000000000000000000000000000000000000001,77.6384787373798362809351820340831329842318853307864296875285,6.993006993006993006993006993006993006993006993006993006993,,outside-current-safety-theorem
strict-single-valley-primary,synthetic,strict-single-valley,deterministic-adversarial-v1,7,0.5,identity-a0-b0,proportional-10bps,neutral_guarded,9652.94582175396244568830224932364550987686094337684505758192,979.319141712337458898590075105867006274291296960935015188455,66.720205231089422975305478263213680796942843433968538787642,6.01466619209556697412728264225188111261309560743163335146008,133.703826774492372630498241151324331880039908275409038382329,outside-current-safety-theorem
strict-single-valley-primary,synthetic,strict-single-valley,deterministic-adversarial-v1,7,0.5,identity-a0-b0,proportional-10bps,corrected_guarded,9773.10279641739899364411065032572656131638963785725544865865,1120.5204094516128214418489897929054360017893156260998878855,66.5583260535829705554020127733293932716507717094704273905627,5.87360598456382335520294806214494961438382685751638372838611,128.199293064939459695043134283342286702031936923302279947038,outside-current-safety-theorem
strict-single-valley-primary,synthetic,strict-single-valley,deterministic-adversarial-v1,7,0.5,identity-a0-b0,fixed-1-usd,dca,10092.9921428571428571428571428571428571428571428571428571429,0,77.6384010989010989010989010989010989010989010989010989010989,7,,outside-current-safety-theorem
strict-single-valley-primary,synthetic,strict-single-valley,deterministic-adversarial-v1,7,0.5,identity-a0-b0,fixed-1-usd,neutral_guarded,9651.44542773199023199023199023199023199023199023199023199023,979.30819310897435897435897435897435897435897435897435897436,66.7087479586385836385836385836385836385836385836385836385836,7,133.768315018315018315018315018315018315018315018315018315019,outside-current-safety-theorem
strict-single-valley-primary,synthetic,strict-single-valley,deterministic-adversarial-v1,7,0.5,identity-a0-b0,fixed-1-usd,corrected_guarded,9771.58161780671609438652283338921968121500234659326491668126,1120.5138242208429648451717030139766369805055225216323468017,66.5466753352759471503180856182711003402653601851664043836889,7,128.259446986650634067047440907623278443947136956255497288932,outside-current-safety-theorem
incomplete-recovery-primary,synthetic,incomplete-recovery,deterministic-adversarial-v1,5,1,identity-a0-b0,frictionless,dca,5997.07602339181286549707602339181286549707602339181286549707,0,59.9707602339181286549707602339181286549707602339181286549707,0,,epsilon-dca
incomplete-recovery-primary,synthetic,incomplete-recovery,deterministic-adversarial-v1,5,1,identity-a0-b0,frictionless,neutral_guarded,5997.07602339181286549707602339181286549707602339181286549707,0,59.9707602339181286549707602339181286549707602339181286549707,0,1000,epsilon-dca
incomplete-recovery-primary,synthetic,incomplete-recovery,deterministic-adversarial-v1,5,1,identity-a0-b0,frictionless,corrected_guarded,5997.07602339181286549707602339181286549707602339181286549707,0,59.9707602339181286549707602339181286549707602339181286549707,0,1000,epsilon-dca
incomplete-recovery-primary,synthetic,incomplete-recovery,deterministic-adversarial-v1,5,1,identity-a0-b0,proportional-10bps,dca,5991.08493845335950599108493845335950599108493845335950599108,0.000000000000000000000000000000000000000000000000000000001,59.9108493845335950599108493845335950599108493845335950599108,4.995004995004995004995004995004995004995004995004995004995,,outside-current-safety-theorem
incomplete-recovery-primary,synthetic,incomplete-recovery,deterministic-adversarial-v1,5,1,identity-a0-b0,proportional-10bps,neutral_guarded,5991.08493845335950599108493845335950599108493845335950599108,0.000000000000000000000000000000000000000000000000000000001,59.9108493845335950599108493845335950599108493845335950599108,4.995004995004995004995004995004995004995004995004995004995,1000,outside-current-safety-theorem
incomplete-recovery-primary,synthetic,incomplete-recovery,deterministic-adversarial-v1,5,1,identity-a0-b0,proportional-10bps,corrected_guarded,5991.08493845335950599108493845335950599108493845335950599108,0.000000000000000000000000000000000000000000000000000000001,59.9108493845335950599108493845335950599108493845335950599108,4.995004995004995004995004995004995004995004995004995004995,1000,outside-current-safety-theorem
incomplete-recovery-primary,synthetic,incomplete-recovery,deterministic-adversarial-v1,5,1,identity-a0-b0,fixed-1-usd,dca,5991.07894736842105263157894736842105263157894736842105263158,0,59.9107894736842105263157894736842105263157894736842105263158,5,,outside-current-safety-theorem
incomplete-recovery-primary,synthetic,incomplete-recovery,deterministic-adversarial-v1,5,1,identity-a0-b0,fixed-1-usd,neutral_guarded,5991.07894736842105263157894736842105263157894736842105263158,0,59.9107894736842105263157894736842105263157894736842105263158,5,1000,outside-current-safety-theorem
incomplete-recovery-primary,synthetic,incomplete-recovery,deterministic-adversarial-v1,5,1,identity-a0-b0,fixed-1-usd,corrected_guarded,5991.07894736842105263157894736842105263157894736842105263158,0,59.9107894736842105263157894736842105263157894736842105263158,5,1000,outside-current-safety-theorem
incomplete-recovery-primary,synthetic,incomplete-recovery,deterministic-adversarial-v1,5,0.9,identity-a0-b0,frictionless,dca,5997.07602339181286549707602339181286549707602339181286549707,0,59.9707602339181286549707602339181286549707602339181286549707,0,,epsilon-dca
incomplete-recovery-primary,synthetic,incomplete-recovery,deterministic-adversarial-v1,5,0.9,identity-a0-b0,frictionless,neutral_guarded,5951.63240131578947368421052631578947368421052631578947368422,270.026041666666666666666666666666666666666666666666666666668,56.8160635964912280701754385964912280701754385964912280701755,0,798.786458333333333333333333333333333333333333333333333333332,epsilon-dca
incomplete-recovery-primary,synthetic,incomplete-recovery,deterministic-adversarial-v1,5,0.9,identity-a0-b0,frictionless,corrected_guarded,5958.49837102330194172686190665393832704533088726884007822074,291.473461300322092593461312881874362320891556368825505774259,56.6702490972297984913340059377206396472443933090001457244648,0,785.150623193579828755676756326596002673075716615781899896646,epsilon-dca
incomplete-recovery-primary,synthetic,incomplete-recovery,deterministic-adversarial-v1,5,0.9,identity-a0-b0,proportional-10bps,dca,5991.08493845335950599108493845335950599108493845335950599108,0.000000000000000000000000000000000000000000000000000000001,59.9108493845335950599108493845335950599108493845335950599108,4.995004995004995004995004995004995004995004995004995004995,,outside-current-safety-theorem
incomplete-recovery-primary,synthetic,incomplete-recovery,deterministic-adversarial-v1,5,0.9,identity-a0-b0,proportional-10bps,neutral_guarded,5945.9856061958311368169311569734161077622069135405598279938,269.914269803254709816320393196423899346990601031624583856204,56.760713363925764270006107637769922084152163125089352441376,4.7253603698269183718118677390645115890639454535148605555882,798.85770764368305074965433202985475274239841954231075984063,outside-current-safety-theorem
incomplete-recovery-primary,synthetic,incomplete-recovery,deterministic-adversarial-v1,5,0.9,identity-a0-b0,proportional-10bps,corrected_guarded,5952.86996571181125348811455893703435732650252770389034082102,291.345419457787357294116434552600449996371053497769924673925,56.615245462540238961939981243844339073301314742061204161471,4.70395062991230034236352004540199755245117776873349657874733,785.234071962231948906463851673617975916601894471605933101054,outside-current-safety-theorem
incomplete-recovery-primary,synthetic,incomplete-recovery,deterministic-adversarial-v1,5,0.9,identity-a0-b0,fixed-1-usd,dca,5991.07894736842105263157894736842105263157894736842105263158,0,59.9107894736842105263157894736842105263157894736842105263158,5,,outside-current-safety-theorem
incomplete-recovery-primary,synthetic,incomplete-recovery,deterministic-adversarial-v1,5,0.9,identity-a0-b0,fixed-1-usd,neutral_guarded,5945.68535361842105263157894736842105263157894736842105263158,269.80953125,56.7587582236842105263157894736842105263157894736842105263158,5,798.920510416666666666666666666666666666666666666666666666668,outside-current-safety-theorem
incomplete-recovery-primary,synthetic,incomplete-recovery,deterministic-adversarial-v1,5,0.9,identity-a0-b0,fixed-1-usd,corrected_guarded,5952.54677724813799579996150879323957668868387749207266230217,291.240252281036844758446444508294429145296902546084524483472,56.613065249671011510415150642849451475433869749459881378187,5,785.292184171965194361760373453453954967045873518497682598214,outside-current-safety-theorem
incomplete-recovery-primary,synthetic,incomplete-recovery,deterministic-adversarial-v1,5,0.75,identity-a0-b0,frictionless,dca,5997.07602339181286549707602339181286549707602339181286549707,0,59.9707602339181286549707602339181286549707602339181286549707,0,,epsilon-dca
incomplete-recovery-primary,synthetic,incomplete-recovery,deterministic-adversarial-v1,5,0.75,identity-a0-b0,frictionless,neutral_guarded,5883.46696820175438596491228070175438596491228070175438596492,675.065104166666666666666666666666666666666666666666666666666,52.0840186403508771929824561403508771929824561403508771929825,0,496.966145833333333333333333333333333333333333333333333333332,epsilon-dca
incomplete-recovery-primary,synthetic,incomplete-recovery,deterministic-adversarial-v1,5,0.75,identity-a0-b0,frictionless,corrected_guarded,5900.6318924705355560715407315471265193677131830843808973062,728.683653250805231483653282204685905802228890922063764435634,51.7194823921973032458788744934244061356548429216231713287057,0,462.87655798394957188919189081649000668268929153945474974162,epsilon-dca
incomplete-recovery-primary,synthetic,incomplete-recovery,deterministic-adversarial-v1,5,0.75,identity-a0-b0,proportional-10bps,dca,5991.08493845335950599108493845335950599108493845335950599108,0.000000000000000000000000000000000000000000000000000000001,59.9108493845335950599108493845335950599108493845335950599108,4.995004995004995004995004995004995004995004995004995004995,,outside-current-safety-theorem
incomplete-recovery-primary,synthetic,incomplete-recovery,deterministic-adversarial-v1,5,0.75,identity-a0-b0,proportional-10bps,neutral_guarded,5878.33660780953858305570048475350101041888987617136031099792,674.785674508136774540800982991059748367476502579061459640529,52.0355093330140180851489950176244126205141337359229885135739,4.320893432059803422037161855153786465167356141279658881478,497.144269109207626874135830074636881855996048855776899601564,outside-current-safety-theorem
incomplete-recovery-primary,synthetic,incomplete-recovery,deterministic-adversarial-v1,5,0.75,identity-a0-b0,proportional-10bps,corrected_guarded,5895.54750659948887473365898966254663432962891157968659306596,728.363548644468393235291086381501124990927633744424811684815,51.6718395795502048149836790328104550933870127783526178138114,4.26736908227325834841629262099750137363543692932624893937581,463.085179905579872266159629184044939791504736179014832752636,outside-current-safety-theorem
incomplete-recovery-primary,synthetic,incomplete-recovery,deterministic-adversarial-v1,5,0.75,identity-a0-b0,fixed-1-usd,dca,5991.07894736842105263157894736842105263157894736842105263158,0,59.9107894736842105263157894736842105263157894736842105263158,5,,outside-current-safety-theorem
incomplete-recovery-primary,synthetic,incomplete-recovery,deterministic-adversarial-v1,5,0.75,identity-a0-b0,fixed-1-usd,neutral_guarded,5877.59496299342105263157894736842105263157894736842105263158,674.523828125,52.0307113486842105263157894736842105263157894736842105263158,5,497.301276041666666666666666666666666666666666666666666666668,outside-current-safety-theorem
incomplete-recovery-primary,synthetic,incomplete-recovery,deterministic-adversarial-v1,5,0.75,identity-a0-b0,fixed-1-usd,corrected_guarded,5894.74852206771341055253535093046736277434127267755007680804,728.100630702592111896116111270736072863242256365211311208662,51.6664789136512129865641923965973128991109901631233876559938,5,463.23046042991298590440093363363488741761468379624420649554,outside-current-safety-theorem
incomplete-recovery-primary,synthetic,incomplete-recovery,deterministic-adversarial-v1,5,0.5,identity-a0-b0,frictionless,dca,5997.07602339181286549707602339181286549707602339181286549707,0,59.9707602339181286549707602339181286549707602339181286549707,0,,epsilon-dca
incomplete-recovery-primary,synthetic,incomplete-recovery,deterministic-adversarial-v1,5,0.5,identity-a0-b0,frictionless,neutral_guarded,5835.22934941520467836257309941520467836257309941520467836257,910.15625,49.2507309941520467836257309941520467836257309941520467836257,0,200,epsilon-dca
incomplete-recovery-primary,synthetic,incomplete-recovery,deterministic-adversarial-v1,5,0.5,identity-a0-b0,frictionless,corrected_guarded,5898.73976889045308893289183125067440512586054924041181853906,893.208991138825391549938066543064813819463847912289879134066,50.0553077775162769738295376470760959130639670132812193940499,0,191.071428571428571428571428571428571428571428571428571428571,epsilon-dca
incomplete-recovery-primary,synthetic,incomplete-recovery,deterministic-adversarial-v1,5,0.5,identity-a0-b0,proportional-10bps,dca,5991.08493845335950599108493845335950599108493845335950599108,0.000000000000000000000000000000000000000000000000000000001,59.9108493845335950599108493845335950599108493845335950599108,4.995004995004995004995004995004995004995004995004995004995,,outside-current-safety-theorem
incomplete-recovery-primary,synthetic,incomplete-recovery,deterministic-adversarial-v1,5,0.5,identity-a0-b0,proportional-10bps,neutral_guarded,5830.34069830912457369548309524785018374976447820056180779006,910.113316378925769535160144550753941363331972722582113191505,49.2022738193019880416032295069709624238643250547797969459855,4.08580088273833589457026958586338267596070731995746042638211,200.087425062450037475012499987524962549937574912599887624862,outside-current-safety-theorem
incomplete-recovery-primary,synthetic,incomplete-recovery,deterministic-adversarial-v1,5,0.5,identity-a0-b0,proportional-10bps,corrected_guarded,5893.76151081661236102821780961503362602802390229436193639385,893.174295010068379129863218912917130145939728377137650171152,50.005872158065439818983545907021164958820841739172242862227,4.10272298200792369717296381726981305679726300861424810172712,191.169555433862555312533905369641062519612541019705284012405,outside-current-safety-theorem
incomplete-recovery-primary,synthetic,incomplete-recovery,deterministic-adversarial-v1,5,0.5,identity-a0-b0,fixed-1-usd,dca,5991.07894736842105263157894736842105263157894736842105263158,0,59.9107894736842105263157894736842105263157894736842105263158,5,,outside-current-safety-theorem
incomplete-recovery-primary,synthetic,incomplete-recovery,deterministic-adversarial-v1,5,0.5,identity-a0-b0,fixed-1-usd,neutral_guarded,5829.28531615497076023391812865497076023391812865497076023391,910.07552083333333333333333333333333333333333333333333333333,49.1920979532163742690058479532163742690058479532163742690058,5,200.166666666666666666666666666666666666666666666666666666668,outside-current-safety-theorem
incomplete-recovery-primary,synthetic,incomplete-recovery,deterministic-adversarial-v1,5,0.5,identity-a0-b0,fixed-1-usd,corrected_guarded,5892.76452954068919810688895126553580523361989681553834571528,893.15138369210126932323154356030330665049564859023669420033,49.9961314584858792878365740770523249858312424822530165151495,5,191.241666666666666666666666666666666666666666666666666666667,outside-current-safety-theorem
completed-recovery-primary,synthetic,completed-recovery,deterministic-adversarial-v1,5,1,identity-a0-b0,frictionless,dca,6871.34502923976608187134502923976608187134502923976608187134,0,54.9707602339181286549707602339181286549707602339181286549707,0,,epsilon-dca
completed-recovery-primary,synthetic,completed-recovery,deterministic-adversarial-v1,5,1,identity-a0-b0,frictionless,neutral_guarded,6871.34502923976608187134502923976608187134502923976608187134,0,54.9707602339181286549707602339181286549707602339181286549707,0,1000,epsilon-dca
completed-recovery-primary,synthetic,completed-recovery,deterministic-adversarial-v1,5,1,identity-a0-b0,frictionless,corrected_guarded,6871.34502923976608187134502923976608187134502923976608187134,0,54.9707602339181286549707602339181286549707602339181286549707,0,1000,epsilon-dca
completed-recovery-primary,synthetic,completed-recovery,deterministic-adversarial-v1,5,1,identity-a0-b0,proportional-10bps,dca,6864.48054869107500686448054869107500686448054869107500686448,0.000000000000000000000000000000000000000000000000000000001,54.9158443895286000549158443895286000549158443895286000549158,4.995004995004995004995004995004995004995004995004995004995,,outside-current-safety-theorem
completed-recovery-primary,synthetic,completed-recovery,deterministic-adversarial-v1,5,1,identity-a0-b0,proportional-10bps,neutral_guarded,6864.48054869107500686448054869107500686448054869107500686448,0.000000000000000000000000000000000000000000000000000000001,54.9158443895286000549158443895286000549158443895286000549158,4.995004995004995004995004995004995004995004995004995004995,1000,outside-current-safety-theorem
completed-recovery-primary,synthetic,completed-recovery,deterministic-adversarial-v1,5,1,identity-a0-b0,proportional-10bps,corrected_guarded,6864.48054869107500686448054869107500686448054869107500686448,0.000000000000000000000000000000000000000000000000000000001,54.9158443895286000549158443895286000549158443895286000549158,4.995004995004995004995004995004995004995004995004995004995,1000,outside-current-safety-theorem
completed-recovery-primary,synthetic,completed-recovery,deterministic-adversarial-v1,5,1,identity-a0-b0,fixed-1-usd,dca,6864.47368421052631578947368421052631578947368421052631578948,0,54.9157894736842105263157894736842105263157894736842105263158,5,,outside-current-safety-theorem
completed-recovery-primary,synthetic,completed-recovery,deterministic-adversarial-v1,5,1,identity-a0-b0,fixed-1-usd,neutral_guarded,6864.47368421052631578947368421052631578947368421052631578948,0,54.9157894736842105263157894736842105263157894736842105263158,5,1000,outside-current-safety-theorem
completed-recovery-primary,synthetic,completed-recovery,deterministic-adversarial-v1,5,1,identity-a0-b0,fixed-1-usd,corrected_guarded,6864.47368421052631578947368421052631578947368421052631578948,0,54.9157894736842105263157894736842105263157894736842105263158,5,1000,outside-current-safety-theorem
completed-recovery-primary,synthetic,completed-recovery,deterministic-adversarial-v1,5,0.9,identity-a0-b0,frictionless,dca,6871.34502923976608187134502923976608187134502923976608187134,0,54.9707602339181286549707602339181286549707602339181286549707,0,,epsilon-dca
completed-recovery-primary,synthetic,completed-recovery,deterministic-adversarial-v1,5,0.9,identity-a0-b0,frictionless,neutral_guarded,6784.15298908077485380116959064327485380116959064327485380118,293.849369517543859649122807017543859649122807017543859649125,51.9224289565058479532163742690058479532163742690058479532164,0,784.986293859649122807017543859649122807017543859649122807016,epsilon-dca
completed-recovery-primary,synthetic,completed-recovery,deterministic-adversarial-v1,5,0.9,identity-a0-b0,frictionless,corrected_guarded,6795.55056139726587253160710326773233955363962124196919008394,345.603832850604836064450354088698634205467434634682790691597,51.5995738283732882917372539934322696427853774928582911951387,0,774.088672909155107312965596104559783591773082109780454785076,epsilon-dca
completed-recovery-primary,synthetic,completed-recovery,deterministic-adversarial-v1,5,0.9,identity-a0-b0,proportional-10bps,dca,6864.48054869107500686448054869107500686448054869107500686448,0.000000000000000000000000000000000000000000000000000000001,54.9158443895286000549158443895286000549158443895286000549158,4.995004995004995004995004995004995004995004995004995004995,,outside-current-safety-theorem
completed-recovery-primary,synthetic,completed-recovery,deterministic-adversarial-v1,5,0.9,identity-a0-b0,proportional-10bps,neutral_guarded,6777.71362798224234703672835583223236091332864953537977725714,293.732414922366631293456538844130450622248357683364412196403,51.8718497044790057259461745359048152823286423348161229204859,4.7015660190585747939126308303255440053723792630535820057978,785.062946993953179657031121169934533475532806789517240985304,outside-current-safety-theorem
completed-recovery-primary,synthetic,completed-recovery,deterministic-adversarial-v1,5,0.9,identity-a0-b0,proportional-10bps,corrected_guarded,6789.15774609668381434611102007868157856330559057277579092117,345.474893350986582810259996992914147341115943706942831421286,51.549462821965577852286808184686139449777517174926663675999,4.64987523141759582136837163137571014251636768860445271586285,774.170826249176507755087042963372260071441812020230995864044,outside-current-safety-theorem
completed-recovery-primary,synthetic,completed-recovery,deterministic-adversarial-v1,5,0.9,identity-a0-b0,fixed-1-usd,dca,6864.47368421052631578947368421052631578947368421052631578948,0,54.9157894736842105263157894736842105263157894736842105263158,5,,outside-current-safety-theorem
completed-recovery-primary,synthetic,completed-recovery,deterministic-adversarial-v1,5,0.9,identity-a0-b0,fixed-1-usd,neutral_guarded,6777.36003908153630604288499025341130604288499025341130604288,293.602231816520467836257309941520467836257309941520467836257,51.870062458120126705653021442495126705653021442495126705653,5,785.138082967836257309941520467836257309941520467836257309944,outside-current-safety-theorem
completed-recovery-primary,synthetic,completed-recovery,deterministic-adversarial-v1,5,0.9,identity-a0-b0,fixed-1-usd,corrected_guarded,6788.75243284857965307750542370751369535028167022561881982594,345.315659310148691581640790825821433375062184109776693586942,51.547494188307447691966917063053538095801755888926737009912,5,774.245303497243307762287871373621167532564054735071593332744,outside-current-safety-theorem
completed-recovery-primary,synthetic,completed-recovery,deterministic-adversarial-v1,5,0.75,identity-a0-b0,frictionless,dca,6871.34502923976608187134502923976608187134502923976608187134,0,54.9707602339181286549707602339181286549707602339181286549707,0,,epsilon-dca
completed-recovery-primary,synthetic,completed-recovery,deterministic-adversarial-v1,5,0.75,identity-a0-b0,frictionless,neutral_guarded,6653.36492884228801169590643274853801169590643274853801169591,734.623423793859649122807017543859649122807017543859649122811,47.3499320403874269005847953216374269005847953216374269005848,0,462.46573464912280701754385964912280701754385964912280701754,epsilon-dca
completed-recovery-primary,synthetic,completed-recovery,deterministic-adversarial-v1,5,0.75,identity-a0-b0,frictionless,corrected_guarded,6681.85885963351555852200021430968172607708150924527385240279,864.009582126512090161125885221746585513668586586706976728979,46.5427942200560277468869946327034811245073033812685350053905,0,435.221682272887768282413990261399458979432705274451136962694,epsilon-dca
completed-recovery-primary,synthetic,completed-recovery,deterministic-adversarial-v1,5,0.75,identity-a0-b0,proportional-10bps,dca,6864.48054869107500686448054869107500686448054869107500686448,0.000000000000000000000000000000000000000000000000000000001,54.9158443895286000549158443895286000549158443895286000549158,4.995004995004995004995004995004995004995004995004995004995,,outside-current-safety-theorem
completed-recovery-primary,synthetic,completed-recovery,deterministic-adversarial-v1,5,0.75,identity-a0-b0,proportional-10bps,neutral_guarded,6647.5632469189933572951000665439683919866008008018369328462,734.331037305916578233641347110326126555620894208411030491025,47.3058576769046142324916697554691381234478392527474072188414,4.26140755513894447728906958330636750593844066512646250700197,462.657367484882949142577802924836333688832016973793102463244,outside-current-safety-theorem
completed-recovery-primary,synthetic,completed-recovery,deterministic-adversarial-v1,5,0.75,identity-a0-b0,proportional-10bps,corrected_guarded,6676.1735422050970255685567271600914361115431533953269670062,863.687233377466457025649992482285368352789859267357078553208,46.4998904706210445483432538774224485420700263530237591076239,4.13218058603649704592842158593178284879841172900363928216462,435.427065622941269387717607408430650178604530050577489660112,outside-current-safety-theorem
completed-recovery-primary,synthetic,completed-recovery,deterministic-adversarial-v1,5,0.75,identity-a0-b0,fixed-1-usd,dca,6864.47368421052631578947368421052631578947368421052631578948,0,54.9157894736842105263157894736842105263157894736842105263158,5,,outside-current-safety-theorem
completed-recovery-primary,synthetic,completed-recovery,deterministic-adversarial-v1,5,0.75,identity-a0-b0,fixed-1-usd,neutral_guarded,6646.68957138805129142300194931773879142300194931773879142301,734.005579541301169590643274853801169590643274853801169590646,47.3014719347740009746588693957115009746588693957115009746589,5,462.845207419590643274853801169590643274853801169590643274852,outside-current-safety-theorem
completed-recovery-primary,synthetic,completed-recovery,deterministic-adversarial-v1,5,0.75,identity-a0-b0,fixed-1-usd,corrected_guarded,6675.1705558056596590095530329529947646914936492482575758806,863.289148275371728954101977064553583437655460274441733967343,46.4950512602423034404436084471075294500307055117905267353061,5,435.613258743108269405719678434052918831410136837678983331862,outside-current-safety-theorem
completed-recovery-primary,synthetic,completed-recovery,deterministic-adversarial-v1,5,0.5,identity-a0-b0,frictionless,dca,6871.34502923976608187134502923976608187134502923976608187134,0,54.9707602339181286549707602339181286549707602339181286549707,0,,epsilon-dca
completed-recovery-primary,synthetic,completed-recovery,deterministic-adversarial-v1,5,0.5,identity-a0-b0,frictionless,neutral_guarded,6529.17409082602339181286549707602339181286549707602339181288,910.15625,44.952142726608187134502923976608187134502923976608187134503,0,200,epsilon-dca
completed-recovery-primary,synthetic,completed-recovery,deterministic-adversarial-v1,5,0.5,identity-a0-b0,frictionless,corrected_guarded,6631.63141476128473957968879232021180265701896355250303547101,1015.13722571583231701269422822309862956968525531979140486416,44.9319535123636193805359565127769053846986696658616930448548,0,191.071428571428571428571428571428571428571428571428571428571,epsilon-dca
completed-recovery-primary,synthetic,completed-recovery,deterministic-adversarial-v1,5,0.5,identity-a0-b0,proportional-10bps,dca,6864.48054869107500686448054869107500686448054869107500686448,0.000000000000000000000000000000000000000000000000000000001,54.9158443895286000549158443895286000549158443895286000549158,4.995004995004995004995004995004995004995004995004995004995,,outside-current-safety-theorem
completed-recovery-primary,synthetic,completed-recovery,deterministic-adversarial-v1,5,0.5,identity-a0-b0,proportional-10bps,neutral_guarded,6523.65265318092106425493423373822589728404298712270355748598,910.113316378925769535160144550753941363331972722582113191505,44.9083146944159623577581927134997756473656881152009715543558,4.08580088273833589457026958586338267596070731995746042638211,200.087425062450037475012499987524962549937574912599887624862,outside-current-safety-theorem
completed-recovery-primary,synthetic,completed-recovery,deterministic-adversarial-v1,5,0.5,identity-a0-b0,proportional-10bps,corrected_guarded,6626.0943390256555405732245984810621133067887088349760575299,1015.09495255908776714057913665866922184301407447625050479284,44.8879950917325421874611636945791431317101970748698044218965,3.98092412331759463822119966367765312503195397155219729790924,191.169555433862555312533905369641062519612541019705284012405,outside-current-safety-theorem
completed-recovery-primary,synthetic,completed-recovery,deterministic-adversarial-v1,5,0.5,identity-a0-b0,fixed-1-usd,dca,6864.47368421052631578947368421052631578947368421052631578948,0,54.9157894736842105263157894736842105263157894736842105263158,5,,outside-current-safety-theorem
completed-recovery-primary,synthetic,completed-recovery,deterministic-adversarial-v1,5,0.5,identity-a0-b0,fixed-1-usd,neutral_guarded,6522.46801329495614035087719298245614035087719298245614035085,910.07552083333333333333333333333333333333333333333333333333,44.8991399396929824561403508771929824561403508771929824561402,5,200.166666666666666666666666666666666666666666666666666666668,outside-current-safety-theorem
completed-recovery-primary,synthetic,completed-recovery,deterministic-adversarial-v1,5,0.5,identity-a0-b0,fixed-1-usd,corrected_guarded,6624.86376161023684137387340448987358518507855351417354024554,1015.06703780979597173706593266372006229434861200983075042972,44.8783737904035269570944597746092281831258395320347423185266,5,191.241666666666666666666666666666666666666666666666666666667,outside-current-safety-theorem
multiple-valleys-primary,synthetic,multiple-valleys,deterministic-adversarial-v1,7,1,identity-a0-b0,frictionless,dca,8749.82327613906561274982327613906561274982327613906561274982,0,87.4982327613906561274982327613906561274982327613906561274982,0,,epsilon-dca
multiple-valleys-primary,synthetic,multiple-valleys,deterministic-adversarial-v1,7,1,identity-a0-b0,frictionless,neutral_guarded,8749.82327613906561274982327613906561274982327613906561274982,0,87.4982327613906561274982327613906561274982327613906561274982,0,1000,epsilon-dca
multiple-valleys-primary,synthetic,multiple-valleys,deterministic-adversarial-v1,7,1,identity-a0-b0,frictionless,corrected_guarded,8749.82327613906561274982327613906561274982327613906561274982,0,87.4982327613906561274982327613906561274982327613906561274982,0,1000,epsilon-dca
multiple-valleys-primary,synthetic,multiple-valleys,deterministic-adversarial-v1,7,1,identity-a0-b0,proportional-10bps,dca,8741.08219394512049225756571042863697577404922691215345929053,0.000000000000000000000000000000000000000000000000000000001,87.4108219394512049225756571042863697577404922691215345929053,6.993006993006993006993006993006993006993006993006993006993,,outside-current-safety-theorem
multiple-valleys-primary,synthetic,multiple-valleys,deterministic-adversarial-v1,7,1,identity-a0-b0,proportional-10bps,neutral_guarded,8741.08219394512049225756571042863697577404922691215345929053,0.000000000000000000000000000000000000000000000000000000001,87.4108219394512049225756571042863697577404922691215345929053,6.993006993006993006993006993006993006993006993006993006993,1000,outside-current-safety-theorem
multiple-valleys-primary,synthetic,multiple-valleys,deterministic-adversarial-v1,7,1,identity-a0-b0,proportional-10bps,corrected_guarded,8741.08219394512049225756571042863697577404922691215345929053,0.000000000000000000000000000000000000000000000000000000001,87.4108219394512049225756571042863697577404922691215345929053,6.993006993006993006993006993006993006993006993006993006993,1000,outside-current-safety-theorem
multiple-valleys-primary,synthetic,multiple-valleys,deterministic-adversarial-v1,7,1,identity-a0-b0,fixed-1-usd,dca,8741.07345286292654713707345286292654713707345286292654713707,0,87.4107345286292654713707345286292654713707345286292654713707,7,,outside-current-safety-theorem
multiple-valleys-primary,synthetic,multiple-valleys,deterministic-adversarial-v1,7,1,identity-a0-b0,fixed-1-usd,neutral_guarded,8741.07345286292654713707345286292654713707345286292654713707,0,87.4107345286292654713707345286292654713707345286292654713707,7,1000,outside-current-safety-theorem
multiple-valleys-primary,synthetic,multiple-valleys,deterministic-adversarial-v1,7,1,identity-a0-b0,fixed-1-usd,corrected_guarded,8741.07345286292654713707345286292654713707345286292654713707,0,87.4107345286292654713707345286292654713707345286292654713707,7,1000,outside-current-safety-theorem
multiple-valleys-primary,synthetic,multiple-valleys,deterministic-adversarial-v1,7,0.9,identity-a0-b0,frictionless,dca,8749.82327613906561274982327613906561274982327613906561274982,0,87.4982327613906561274982327613906561274982327613906561274982,0,,epsilon-dca
multiple-valleys-primary,synthetic,multiple-valleys,deterministic-adversarial-v1,7,0.9,identity-a0-b0,frictionless,neutral_guarded,8703.95166608380306688577365269094592402863079554808878117151,424.666465091012788381209433841012788381209433841012788381217,82.7928520099279027850456421884993313564742136170707599279029,0,729.751157347638785608710420740495928465853277883353071322991,epsilon-dca
multiple-valleys-primary,synthetic,multiple-valleys,deterministic-adversarial-v1,7,0.9,identity-a0-b0,frictionless,corrected_guarded,8764.23714646603740230394636688311173775031965980354108713537,519.591926524932426220042522253620924432976606880664231253248,82.4464521994110497608390384462949081331734305292287685588212,0,708.30860971172925540525679821789502943052566451501054039163,epsilon-dca
multiple-valleys-primary,synthetic,multiple-valleys,deterministic-adversarial-v1,7,0.9,identity-a0-b0,proportional-10bps,dca,8741.08219394512049225756571042863697577404922691215345929053,0.000000000000000000000000000000000000000000000000000000001,87.4108219394512049225756571042863697577404922691215345929053,6.993006993006993006993006993006993006993006993006993006993,,outside-current-safety-theorem
multiple-valleys-primary,synthetic,multiple-valleys,deterministic-adversarial-v1,7,0.9,identity-a0-b0,proportional-10bps,neutral_guarded,8695.68403693996421864437043437408027065639557003198674883432,424.442709137867335975407391108957847956191121163133229319808,82.7124132780209688266896304326512242270020444886885351951451,6.56898830255957309093365894994110105099281606277409267800219,729.870287706128089055676370932883891495676937924249039355724,outside-current-safety-theorem
multiple-valleys-primary,synthetic,multiple-valleys,deterministic-adversarial-v1,7,0.9,identity-a0-b0,proportional-10bps,corrected_guarded,8755.9603479818733832900153559198922582018871260292831566925,519.267849118096842370137282137029506710489983910272475520817,82.3669249886377654091987807378286275149139714211901068117168,6.47425789298891424338647624162134914414536465143828923524393,708.4551087953081399104816540162531742017756193258421746526,outside-current-safety-theorem
multiple-valleys-primary,synthetic,multiple-valleys,deterministic-adversarial-v1,7,0.9,identity-a0-b0,fixed-1-usd,dca,8741.07345286292654713707345286292654713707345286292654713707,0,87.4107345286292654713707345286292654713707345286292654713707,7,,outside-current-safety-theorem
multiple-valleys-primary,synthetic,multiple-valleys,deterministic-adversarial-v1,7,0.9,identity-a0-b0,fixed-1-usd,neutral_guarded,8695.23541893847198123513912987597198123513912987597198123513,424.28428142923414304993252361673414304993252361673414304993,82.709511375092378381852066062592378381852066062592378381852,7,729.963341564548390206284943127048390206284943127048390206286,outside-current-safety-theorem
multiple-valleys-primary,synthetic,multiple-valleys,deterministic-adversarial-v1,7,0.9,identity-a0-b0,fixed-1-usd,corrected_guarded,8755.47825485420709353789562516446168172465324762028598552453,519.131096309042201254047086263461763113000710466605615574647,82.3634715854516489228384853890099991861165253715368036994988,7,708.534535385347524285932890673448331456344747261575885459673,outside-current-safety-theorem
multiple-valleys-primary,synthetic,multiple-valleys,deterministic-adversarial-v1,7,0.75,identity-a0-b0,frictionless,dca,8749.82327613906561274982327613906561274982327613906561274982,0,87.4982327613906561274982327613906561274982327613906561274982,0,,epsilon-dca
multiple-valleys-primary,synthetic,multiple-valleys,deterministic-adversarial-v1,7,0.75,identity-a0-b0,frictionless,neutral_guarded,8625.45238907194822373393801965230536659108087679516250944824,858.13706221935045948203842940685045948203842940685045948204,77.673153268525977642518995902454549071090424473883120499662,0,382.529064942863110156343239050005967299200381907148824442056,epsilon-dca
multiple-valleys-primary,synthetic,multiple-valleys,deterministic-adversarial-v1,7,0.75,identity-a0-b0,frictionless,corrected_guarded,8756.54373605544739204716923128961803037426756327987559389277,951.897175598370896092652470277696022282891322046561173386432,78.0464656045707649595451676101192200809137624123331442050634,0,362.745923461174435333211404898195592236110204939357521190577,epsilon-dca
multiple-valleys-primary,synthetic,multiple-valleys,deterministic-adversarial-v1,7,0.75,identity-a0-b0,proportional-10bps,dca,8741.08219394512049225756571042863697577404922691215345929053,0.000000000000000000000000000000000000000000000000000000001,87.4108219394512049225756571042863697577404922691215345929053,6.993006993006993006993006993006993006993006993006993006993,,outside-current-safety-theorem
multiple-valleys-primary,synthetic,multiple-valleys,deterministic-adversarial-v1,7,0.75,identity-a0-b0,proportional-10bps,neutral_guarded,8617.72137878648924736680986091209299304891988852051827405876,857.9911514576827084094940234823066520457667165850101766224,77.5973022732880653895731583742978634100315317193550809743636,6.13587297556675054104945651999769565230193135206292689648113,382.70875394731611736176934284366343383768122661714342601134,outside-current-safety-theorem
multiple-valleys-primary,synthetic,multiple-valleys,deterministic-adversarial-v1,7,0.75,identity-a0-b0,proportional-10bps,corrected_guarded,8748.82179578777604382528927995644144279362982220149004059809,951.756307851652212566010274905940532702762754266174782319019,77.9706548793612383125927900505050091009086706793531525827907,6.04220149065769009733665307202203742986736987585796725043055,362.890023101079308804414311126082787133198463247558799479886,outside-current-safety-theorem
multiple-valleys-primary,synthetic,multiple-valleys,deterministic-adversarial-v1,7,0.75,identity-a0-b0,fixed-1-usd,dca,8741.07345286292654713707345286292654713707345286292654713707,0,87.4107345286292654713707345286292654713707345286292654713707,7,,outside-current-safety-theorem
multiple-valleys-primary,synthetic,multiple-valleys,deterministic-adversarial-v1,7,0.75,identity-a0-b0,fixed-1-usd,neutral_guarded,8616.81828433325400841848210269262900841848210269262900841848,857.848945483826754385964912280701754385964912280701754385965,77.5896933884942725403251719041192725403251719041192725403251,7,382.868856222587719298245614035087719298245614035087719298244,outside-current-safety-theorem
multiple-valleys-primary,synthetic,multiple-valleys,deterministic-adversarial-v1,7,0.75,identity-a0-b0,fixed-1-usd,corrected_guarded,8747.98687075764544370253335669687898107600593581145092825677,951.627211867685141888205546100583737493814553244101961094427,77.9635965888996030181432781059629524358219138256734896716234,7,363.018075769395798547897937145092277470489214987326279175406,outside-current-safety-theorem
multiple-valleys-primary,synthetic,multiple-valleys,deterministic-adversarial-v1,7,0.5,identity-a0-b0,frictionless,dca,8749.82327613906561274982327613906561274982327613906561274982,0,87.4982327613906561274982327613906561274982327613906561274982,0,,epsilon-dca
multiple-valleys-primary,synthetic,multiple-valleys,deterministic-adversarial-v1,7,0.5,identity-a0-b0,frictionless,neutral_guarded,8530.26940849720454983612878349720454983612878349720454983612,983.203125,75.4706628349720454983612878349720454983612878349720454983612,0,117.857142857142857142857142857142857142857142857142857142857,epsilon-dca
multiple-valleys-primary,synthetic,multiple-valleys,deterministic-adversarial-v1,7,0.5,identity-a0-b0,frictionless,corrected_guarded,8713.95712292939997537032302395768812016616067025723514670607,1056.41815883721775208435618273974875431988132201838277211334,76.5753896409218222328596684121793936584627934823885237459273,0,117.857142857142857142857142857142857142857142857142857142857,epsilon-dca
multiple-valleys-primary,synthetic,multiple-valleys,deterministic-adversarial-v1,7,0.5,identity-a0-b0,proportional-10bps,dca,8741.08219394512049225756571042863697577404922691215345929053,0.000000000000000000000000000000000000000000000000000000001,87.4108219394512049225756571042863697577404922691215345929053,6.993006993006993006993006993006993006993006993006993006993,,outside-current-safety-theorem
multiple-valleys-primary,synthetic,multiple-valleys,deterministic-adversarial-v1,7,0.5,identity-a0-b0,proportional-10bps,neutral_guarded,8522.74643014683275535783351853920960927314897231620184780386,983.20039335664335664335664335664335664335664335664335664336,75.395460367901893987144768751825662526297923289595584911605,6.01078881782553111224439895768567097238425909754581083252413,117.882117882117882117882117882117882117882117882117882117882,outside-current-safety-theorem
multiple-valleys-primary,synthetic,multiple-valleys,deterministic-adversarial-v1,7,0.5,identity-a0-b0,proportional-10bps,corrected_guarded,8706.31795794127689668598969011730674056396637478634788679045,1056.41605589088252961951647842866285540805034550233435573254,76.4990190205039436706647321168864388515591602928401353105791,5.93764629781130616421626725431702012446748217232534030396348,117.882117882117882117882117882117882117882117882117882117882,outside-current-safety-theorem
multiple-valleys-primary,synthetic,multiple-valleys,deterministic-adversarial-v1,7,0.5,identity-a0-b0,fixed-1-usd,dca,8741.07345286292654713707345286292654713707345286292654713707,0,87.4107345286292654713707345286292654713707345286292654713707,7,,outside-current-safety-theorem
multiple-valleys-primary,synthetic,multiple-valleys,deterministic-adversarial-v1,7,0.5,identity-a0-b0,fixed-1-usd,neutral_guarded,8521.55275372927511085405822247927511085405822247927511085406,983.19765625,75.3835509747927511085405822247927511085405822247927511085406,7,117.907142857142857142857142857142857142857142857142857142857,outside-current-safety-theorem
multiple-valleys-primary,synthetic,multiple-valleys,deterministic-adversarial-v1,7,0.5,identity-a0-b0,fixed-1-usd,corrected_guarded,8705.22879495494339575440494570290619764790001133900638183148,1056.41394873865463670974709470895478469839570703325384251898,76.488148462162887590446578509939514129495043043057525393125,7,117.907142857142857142857142857142857142857142857142857142857,outside-current-safety-theorem
crash-primary,synthetic,crash,deterministic-adversarial-v1,6,1,identity-a0-b0,frictionless,dca,4810.7924081102746007581725316078478480328402824781753961232,0,77.5934259372624935606156859936749652908522626206157321955355,0,,epsilon-dca
crash-primary,synthetic,crash,deterministic-adversarial-v1,6,1,identity-a0-b0,frictionless,neutral_guarded,4810.7924081102746007581725316078478480328402824781753961232,0,77.5934259372624935606156859936749652908522626206157321955355,0,1000,epsilon-dca
crash-primary,synthetic,crash,deterministic-adversarial-v1,6,1,identity-a0-b0,frictionless,corrected_guarded,4810.7924081102746007581725316078478480328402824781753961232,0,77.5934259372624935606156859936749652908522626206157321955355,0,1000,epsilon-dca
crash-primary,synthetic,crash,deterministic-adversarial-v1,6,1,identity-a0-b0,proportional-10bps,dca,4805.98642168858601474342910250534250552731296950866672939381,0.000000000000000000000000000000000000000000000000000000001,77.5159100272352583023133726210539113794727898307849472482872,5.994005994005994005994005994005994005994005994005994005994,,outside-current-safety-theorem
crash-primary,synthetic,crash,deterministic-adversarial-v1,6,1,identity-a0-b0,proportional-10bps,neutral_guarded,4805.98642168858601474342910250534250552731296950866672939381,0.000000000000000000000000000000000000000000000000000000001,77.5159100272352583023133726210539113794727898307849472482872,5.994005994005994005994005994005994005994005994005994005994,1000,outside-current-safety-theorem
crash-primary,synthetic,crash,deterministic-adversarial-v1,6,1,identity-a0-b0,proportional-10bps,corrected_guarded,4805.98642168858601474342910250534250552731296950866672939381,0.000000000000000000000000000000000000000000000000000000001,77.5159100272352583023133726210539113794727898307849472482872,5.994005994005994005994005994005994005994005994005994005994,1000,outside-current-safety-theorem
crash-primary,synthetic,crash,deterministic-adversarial-v1,6,1,identity-a0-b0,fixed-1-usd,dca,4805.98161570216432615741435907624000018480744219569722072707,0,77.5158325113252310670550703076812903255614103579951164633399,6,,outside-current-safety-theorem
crash-primary,synthetic,crash,deterministic-adversarial-v1,6,1,identity-a0-b0,fixed-1-usd,neutral_guarded,4805.98161570216432615741435907624000018480744219569722072707,0,77.5158325113252310670550703076812903255614103579951164633399,6,1000,outside-current-safety-theorem
crash-primary,synthetic,crash,deterministic-adversarial-v1,6,1,identity-a0-b0,fixed-1-usd,corrected_guarded,4805.98161570216432615741435907624000018480744219569722072707,0,77.5158325113252310670550703076812903255614103579951164633399,6,1000,outside-current-safety-theorem
crash-primary,synthetic,crash,deterministic-adversarial-v1,6,0.9,identity-a0-b0,frictionless,dca,4810.7924081102746007581725316078478480328402824781753961232,0,77.5934259372624935606156859936749652908522626206157321955355,0,,epsilon-dca
crash-primary,synthetic,crash,deterministic-adversarial-v1,6,0.9,identity-a0-b0,frictionless,neutral_guarded,4873.97279759300177851495413053617002490023606583970469824153,267.668670636272772704556812502839489346235972922629594293762,74.2952278541407904162967309360214602508709692405979855475446,0,798.859429042540876454428153155060887635278405994742741623538,epsilon-dca
crash-primary,synthetic,crash,deterministic-adversarial-v1,6,0.9,identity-a0-b0,frictionless,corrected_guarded,4879.39755492836157496929865193122773960622230150399203163499,218.930240507312035403840855922865301324252184822120142197577,75.168827651952411928475125742070361907773711559385030474797,0,778.977874675994592961763294056302043217960000493232840269237,epsilon-dca
crash-primary,synthetic,crash,deterministic-adversarial-v1,6,0.9,identity-a0-b0,proportional-10bps,dca,4805.98642168858601474342910250534250552731296950866672939381,0.000000000000000000000000000000000000000000000000000000001,77.5159100272352583023133726210539113794727898307849472482872,5.994005994005994005994005994005994005994005994005994005994,,outside-current-safety-theorem
crash-primary,synthetic,crash,deterministic-adversarial-v1,6,0.9,identity-a0-b0,proportional-10bps,neutral_guarded,4869.35225903920975860143719410913249811870616985142660424139,267.547038783266271443866660178726064876901518067415551781738,74.2226648428377981799608150633936521490613653513550169751557,5.72672623498175197657955378603523869642667181012246198623201,798.936313425577149405511529505530139786980155963604953317545,outside-current-safety-theorem
crash-primary,synthetic,crash,deterministic-adversarial-v1,6,0.9,identity-a0-b0,proportional-10bps,corrected_guarded,4874.72212453638873955271693110243057172763810773123992271735,218.80793155507096450543420060497216061316091547576273613251,75.0953902093760931459239150080235227599109224557335030094329,5.77541665179313589959497082856646137800883025426996729657092,779.078083345542891426766628239584066801281750954068827348045,outside-current-safety-theorem
crash-primary,synthetic,crash,deterministic-adversarial-v1,6,0.9,identity-a0-b0,fixed-1-usd,dca,4805.98161570216432615741435907624000018480744219569722072707,0,77.5158325113252310670550703076812903255614103579951164633399,6,,outside-current-safety-theorem
crash-primary,synthetic,crash,deterministic-adversarial-v1,6,0.9,identity-a0-b0,fixed-1-usd,neutral_guarded,4869.12194378546393854947205390627747246048265030299436824987,267.463191632876743446458588887374494570896369996819771932216,74.2203024540739870177905397583694028691868754888092676825428,6,798.993487812590879701392241732241224020757982590625591159222,outside-current-safety-theorem
crash-primary,synthetic,crash,deterministic-adversarial-v1,6,0.9,identity-a0-b0,fixed-1-usd,corrected_guarded,4874.54304028940100141538591421120362047331679444808165282553,218.762376687696742181225236765869932070728357193860927168377,75.0932365097049074070025915716989304581062651170035600912444,6,779.124837503232311668499840001045865819141101210953353160125,outside-current-safety-theorem
crash-primary,synthetic,crash,deterministic-adversarial-v1,6,0.75,identity-a0-b0,frictionless,dca,4810.7924081102746007581725316078478480328402824781753961232,0,77.5934259372624935606156859936749652908522626206157321955355,0,,epsilon-dca
crash-primary,synthetic,crash,deterministic-adversarial-v1,6,0.75,identity-a0-b0,frictionless,neutral_guarded,4968.74338181709254515012652892865329020132974088199865141901,669.171676590681931761392031257098723365589932306573985734403,69.3479307294582356998182983495412026908990291705713655755583,0,497.148572606352191136070382887652219088196014986856854058847,epsilon-dca
crash-primary,synthetic,crash,deterministic-adversarial-v1,6,0.75,identity-a0-b0,frictionless,corrected_guarded,4982.30527515549203628598783241629757696629533004271698490263,547.325601268280088509602139807163253310630462055300355493916,71.5319302239872894802642853646634568331558849675389778936888,0,447.444686689986482404408235140755108044900001233082100673108,epsilon-dca
crash-primary,synthetic,crash,deterministic-adversarial-v1,6,0.75,identity-a0-b0,proportional-10bps,dca,4805.98642168858601474342910250534250552731296950866672939381,0.000000000000000000000000000000000000000000000000000000001,77.5159100272352583023133726210539113794727898307849472482872,5.994005994005994005994005994005994005994005994005994005994,,outside-current-safety-theorem
crash-primary,synthetic,crash,deterministic-adversarial-v1,6,0.75,identity-a0-b0,proportional-10bps,neutral_guarded,4964.40101506514537438844933151481748700579597036556641651277,668.867596958165678609666650446815162192253795168538879454354,69.2827970662416079964319787269032633034442286322101215654584,5.32580659644538893245787547407910573207567053429716395658906,497.340783563942873513778823763825349467450389909012383293857,outside-current-safety-theorem
crash-primary,synthetic,crash,deterministic-adversarial-v1,6,0.75,identity-a0-b0,proportional-10bps,corrected_guarded,4977.82567880809282676664867399806267102812581506509971270267,547.019828887677411263585501512430401532902288689406840331278,71.4646104825873454113397285884779398305681213931563366511515,5.44753263847384873999641808040716243603106664466592723243628,447.695208363857228566916570598960167003204377385172068370115,outside-current-safety-theorem
crash-primary,synthetic,crash,deterministic-adversarial-v1,6,0.75,identity-a0-b0,fixed-1-usd,dca,4805.98161570216432615741435907624000018480744219569722072707,0,77.5158325113252310670550703076812903255614103579951164633399,6,,outside-current-safety-theorem
crash-primary,synthetic,crash,deterministic-adversarial-v1,6,0.75,identity-a0-b0,fixed-1-usd,neutral_guarded,4963.83243591041335713755859615133368087399546246394008953409,668.65797908219185861614647221843623642724092499204942983055,69.2770073681971209438937439344015716846250731850304945113474,6,497.483719531477199253480604330603060051894956476563977898052,outside-current-safety-theorem
crash-primary,synthetic,crash,deterministic-adversarial-v1,6,0.75,identity-a0-b0,fixed-1-usd,corrected_guarded,4977.38517717025601430234324691364905090608082282665830097317,546.90594171924185545306309191467483017682089298465231792093,71.4593425072744219169238734677253906569235472555162255331007,6,447.812093758080779171249600002614664547852753027383382900312,outside-current-safety-theorem
crash-primary,synthetic,crash,deterministic-adversarial-v1,6,0.5,identity-a0-b0,frictionless,dca,4810.7924081102746007581725316078478480328402824781753961232,0,77.5934259372624935606156859936749652908522626206157321955355,0,,epsilon-dca
crash-primary,synthetic,crash,deterministic-adversarial-v1,6,0.5,identity-a0-b0,frictionless,neutral_guarded,5145.74183769737178149497413594178770912437977210675607240037,949.53242062760992385163350528125767624662245148612134610661,67.6807970495122880265054940429117747238347954938812052628026,0,152.372791799721608122492426103332514533693605174813723081962,epsilon-dca
crash-primary,synthetic,crash,deterministic-adversarial-v1,6,0.5,identity-a0-b0,frictionless,corrected_guarded,5177.69794920880112191789390599615155013692699194125413997862,634.700162163743179381209011443557742496479586540749753765884,73.2741578555654506860755628153644162522652807322661997776248,0,150.68805248834770745931800959553943588083314092250913527546,epsilon-dca
crash-primary,synthetic,crash,deterministic-adversarial-v1,6,0.5,identity-a0-b0,proportional-10bps,dca,4805.98642168858601474342910250534250552731296950866672939381,0.000000000000000000000000000000000000000000000000000000001,77.5159100272352583023133726210539113794727898307849472482872,5.994005994005994005994005994005994005994005994005994005994,,outside-current-safety-theorem
crash-primary,synthetic,crash,deterministic-adversarial-v1,6,0.5,identity-a0-b0,proportional-10bps,neutral_guarded,5141.42509671913282935981800398346643928310446851466109694339,949.472016364625754939863159499896308481165848486147127151591,67.6121464573307592648379813626382279161603003230405478998677,5.04548250113424000505508175874136232918964450700684602682158,152.514464331327005769830349916342134785542422954287531764683,outside-current-safety-theorem
crash-primary,synthetic,crash,deterministic-adversarial-v1,6,0.5,identity-a0-b0,proportional-10bps,corrected_guarded,5173.02762156488747279651815924193656750384788094958254704397,634.676572112748397140596412685385978538021982139601619266837,73.1992104750345012202568023638153320800939661098384020609215,5.35996346442282877408531826904556845300896904881158679393922,150.831746867959212619232213477184151275349523228277079270416,outside-current-safety-theorem
crash-primary,synthetic,crash,deterministic-adversarial-v1,6,0.5,identity-a0-b0,fixed-1-usd,dca,4805.98161570216432615741435907624000018480744219569722072707,0,77.5158325113252310670550703076812903255614103579951164633399,6,,outside-current-safety-theorem
crash-primary,synthetic,crash,deterministic-adversarial-v1,6,0.5,identity-a0-b0,fixed-1-usd,neutral_guarded,5140.6820896745186407823309711348742680534411787429346446448,949.412659857835912552198477032670105625153524932449029722425,67.6011198357529472295182660339065187488433492550078324987479,6,152.654503781830835994432162449848522066650290673872103496274,outside-current-safety-theorem
crash-primary,synthetic,crash,deterministic-adversarial-v1,6,0.5,identity-a0-b0,fixed-1-usd,corrected_guarded,5172.62596588877340123982523955710816744542246445615268319247,634.654069623559217381553745974394190291923635376861125938556,73.1930951010518416751334111868179673734435295012788960847405,6,150.970759895672923475522323548646490240631042264575175828882,outside-current-safety-theorem
sudden-rebound-primary,synthetic,sudden-rebound,deterministic-adversarial-v1,5,1,identity-a0-b0,frictionless,dca,6523.67566643882433356117566643882433356117566643882433356117,0,56.7276144907723855092276144907723855092276144907723855092276,0,,epsilon-dca
sudden-rebound-primary,synthetic,sudden-rebound,deterministic-adversarial-v1,5,1,identity-a0-b0,frictionless,neutral_guarded,6523.67566643882433356117566643882433356117566643882433356117,0,56.7276144907723855092276144907723855092276144907723855092276,0,1000,epsilon-dca
sudden-rebound-primary,synthetic,sudden-rebound,deterministic-adversarial-v1,5,1,identity-a0-b0,frictionless,corrected_guarded,6523.67566643882433356117566643882433356117566643882433356117,0,56.7276144907723855092276144907723855092276144907723855092276,0,1000,epsilon-dca
sudden-rebound-primary,synthetic,sudden-rebound,deterministic-adversarial-v1,5,1,identity-a0-b0,proportional-10bps,dca,6517.15850793089344012105461182699733622495071572310123232884,0.000000000000000000000000000000000000000000000000000000001,56.6709435472251603488787357550173681410865279628095759332943,4.995004995004995004995004995004995004995004995004995004995,,outside-current-safety-theorem
sudden-rebound-primary,synthetic,sudden-rebound,deterministic-adversarial-v1,5,1,identity-a0-b0,proportional-10bps,neutral_guarded,6517.15850793089344012105461182699733622495071572310123232884,0.000000000000000000000000000000000000000000000000000000001,56.6709435472251603488787357550173681410865279628095759332943,4.995004995004995004995004995004995004995004995004995004995,1000,outside-current-safety-theorem
sudden-rebound-primary,synthetic,sudden-rebound,deterministic-adversarial-v1,5,1,identity-a0-b0,proportional-10bps,corrected_guarded,6517.15850793089344012105461182699733622495071572310123232884,0.000000000000000000000000000000000000000000000000000000001,56.6709435472251603488787357550173681410865279628095759332943,4.995004995004995004995004995004995004995004995004995004995,1000,outside-current-safety-theorem
sudden-rebound-primary,synthetic,sudden-rebound,deterministic-adversarial-v1,5,1,identity-a0-b0,fixed-1-usd,dca,6517.1519907723855092276144907723855092276144907723855092276,0,56.6708868762816131237183868762816131237183868762816131237183,5,,outside-current-safety-theorem
sudden-rebound-primary,synthetic,sudden-rebound,deterministic-adversarial-v1,5,1,identity-a0-b0,fixed-1-usd,neutral_guarded,6517.1519907723855092276144907723855092276144907723855092276,0,56.6708868762816131237183868762816131237183868762816131237183,5,1000,outside-current-safety-theorem
sudden-rebound-primary,synthetic,sudden-rebound,deterministic-adversarial-v1,5,1,identity-a0-b0,fixed-1-usd,corrected_guarded,6517.1519907723855092276144907723855092276144907723855092276,0,56.6708868762816131237183868762816131237183868762816131237183,5,1000,outside-current-safety-theorem
sudden-rebound-primary,synthetic,sudden-rebound,deterministic-adversarial-v1,5,0.9,identity-a0-b0,frictionless,dca,6523.67566643882433356117566643882433356117566643882433356117,0,56.7276144907723855092276144907723855092276144907723855092276,0,,epsilon-dca
sudden-rebound-primary,synthetic,sudden-rebound,deterministic-adversarial-v1,5,0.9,identity-a0-b0,frictionless,neutral_guarded,6467.46735891575529733424470266575529733424470266575529733425,294.140251196172248803827751196172248803827751196172248803832,53.6811052845181134654818865345181134654818865345181134654819,0,778.613636363636363636363636363636363636363636363636363636362,epsilon-dca
sudden-rebound-primary,synthetic,sudden-rebound,deterministic-adversarial-v1,5,0.9,identity-a0-b0,frictionless,corrected_guarded,6500.34737265130304087146416087012332692533530067588489561414,349.808993474888172437042891326427307110900271521168577973091,53.4829424276209988559514893003799653896907393839540549360091,0,769.035381160744715809785269479503748313805289252759084981578,epsilon-dca
sudden-rebound-primary,synthetic,sudden-rebound,deterministic-adversarial-v1,5,0.9,identity-a0-b0,proportional-10bps,dca,6517.15850793089344012105461182699733622495071572310123232884,0.000000000000000000000000000000000000000000000000000000001,56.6709435472251603488787357550173681410865279628095759332943,4.995004995004995004995004995004995004995004995004995004995,,outside-current-safety-theorem
sudden-rebound-primary,synthetic,sudden-rebound,deterministic-adversarial-v1,5,0.9,identity-a0-b0,proportional-10bps,neutral_guarded,6461.31960375682241629105923510188613850825718751351614111887,294.025149367276089105414183533161899849862793612644603212182,53.6286474294743158885708265353802107709425599469641003296234,4.70127357705566824265193388258425384630383337301434105573208,778.69534748327979061503582947950464537995193165974129254827,outside-current-safety-theorem
sudden-rebound-primary,synthetic,sudden-rebound,deterministic-adversarial-v1,5,0.9,identity-a0-b0,proportional-10bps,corrected_guarded,6494.21494155815900852011032997725183747838571763963787888304,349.688492978326738089719208691446266720264011189540885687369,53.4306647702594110472207923590070049631141017952182347234406,4.64566584118049276914113965165689683644329269611434476954309,769.118903551016490917417799427626625332025240698580907252304,outside-current-safety-theorem
sudden-rebound-primary,synthetic,sudden-rebound,deterministic-adversarial-v1,5,0.9,identity-a0-b0,fixed-1-usd,dca,6517.1519907723855092276144907723855092276144907723855092276,0,56.6708868762816131237183868762816131237183868762816131237183,5,,outside-current-safety-theorem
sudden-rebound-primary,synthetic,sudden-rebound,deterministic-adversarial-v1,5,0.9,identity-a0-b0,fixed-1-usd,neutral_guarded,6460.98182098534688995215311004784688995215311004784688995214,293.887855861244019138755980861244019138755980861244019138751,53.6269040445574162679425837320574162679425837320574162679425,5,778.777318181818181818181818181818181818181818181818181818184,outside-current-safety-theorem
sudden-rebound-primary,synthetic,sudden-rebound,deterministic-adversarial-v1,5,0.9,identity-a0-b0,fixed-1-usd,corrected_guarded,6493.84523741628523499204543191181023466136768126534957419618,349.515289845435649372016740272669152172527555236067293258342,53.4289560658334746575654668838186181085986097915589763559812,5,769.201711023766311280719702978205015309647942668082540380286,outside-current-safety-theorem
sudden-rebound-primary,synthetic,sudden-rebound,deterministic-adversarial-v1,5,0.75,identity-a0-b0,frictionless,dca,6523.67566643882433356117566643882433356117566643882433356117,0,56.7276144907723855092276144907723855092276144907723855092276,0,,epsilon-dca
sudden-rebound-primary,synthetic,sudden-rebound,deterministic-adversarial-v1,5,0.75,identity-a0-b0,frictionless,neutral_guarded,6383.15489763115174299384825700615174299384825700615174299386,735.350627990430622009569377990430622009569377990430622009575,49.1113414751367053998632946001367053998632946001367053998633,0,446.534090909090909090909090909090909090909090909090909090908,epsilon-dca
sudden-rebound-primary,synthetic,sudden-rebound,deterministic-adversarial-v1,5,0.75,identity-a0-b0,frictionless,corrected_guarded,6466.04097510181961536270344779249375403280229909332747594547,874.903992549656111737713733014374740426025085551730321995257,48.6185824569753348141303453458966870748415409873182361213062,0,427.914456100921480295352287667911794785758319068067224207594,epsilon-dca
sudden-rebound-primary,synthetic,sudden-rebound,deterministic-adversarial-v1,5,0.75,identity-a0-b0,proportional-10bps,dca,6517.15850793089344012105461182699733622495071572310123232884,0.000000000000000000000000000000000000000000000000000000001,56.6709435472251603488787357550173681410865279628095759332943,4.995004995004995004995004995004995004995004995004995004995,,outside-current-safety-theorem
sudden-rebound-primary,synthetic,sudden-rebound,deterministic-adversarial-v1,5,0.75,identity-a0-b0,proportional-10bps,neutral_guarded,6377.56124749571588054606617001421934193321689519913850430389,735.062873418190222763535458832904749624656984031611508030453,49.0652032528480491981089627059244747157266079231958869241169,4.26067645013167809913732721395314210826707594002836013183771,446.738368708199476537589573698761613449879829149353231370674,outside-current-safety-theorem
sudden-rebound-primary,synthetic,sudden-rebound,deterministic-adversarial-v1,5,0.75,identity-a0-b0,proportional-10bps,corrected_guarded,6460.47802708254145758650205153767392143987379612403337505118,874.577276560933609006583664023439507591335488091796613308249,48.5730500045357204224340729349063862073785939828890153195037,4.12130142201704934165176457140515533707159291898921417251922,428.069813693809993252325076889205196871870450437948673251448,outside-current-safety-theorem
sudden-rebound-primary,synthetic,sudden-rebound,deterministic-adversarial-v1,5,0.75,identity-a0-b0,fixed-1-usd,dca,6517.1519907723855092276144907723855092276144907723855092276,0,56.6708868762816131237183868762816131237183868762816131237183,5,,outside-current-safety-theorem
sudden-rebound-primary,synthetic,sudden-rebound,deterministic-adversarial-v1,5,0.75,identity-a0-b0,fixed-1-usd,neutral_guarded,6376.72656630478896103896103896103896103896103896103896103895,734.719639653110047846889952153110047846889952153110047846889,49.0609297969711209842788790157211209842788790157211209842788,5,446.943295454545454545454545454545454545454545454545454545454,outside-current-safety-theorem
sudden-rebound-primary,synthetic,sudden-rebound,deterministic-adversarial-v1,5,0.75,identity-a0-b0,fixed-1-usd,corrected_guarded,6459.56134745433060883708995867127490751784342038875104435507,874.16428199062384759390331956352432007130495978444034990452,48.56867013446701531515814468789348336910033444003748429957,5,428.254176029217661948016370853876459111726588344291281960936,outside-current-safety-theorem
sudden-rebound-primary,synthetic,sudden-rebound,deterministic-adversarial-v1,5,0.5,identity-a0-b0,frictionless,dca,6523.67566643882433356117566643882433356117566643882433356117,0,56.7276144907723855092276144907723855092276144907723855092276,0,,epsilon-dca
sudden-rebound-primary,synthetic,sudden-rebound,deterministic-adversarial-v1,5,0.5,identity-a0-b0,frictionless,neutral_guarded,6264.93139364747095010252904989747095010252904989747095010252,909.95065789473684210526315789473684210526315789473684210526,46.5650498761107313738892686261107313738892686261107313738892,0,195.32894736842105263157894736842105263157894736842105263158,epsilon-dca
sudden-rebound-primary,synthetic,sudden-rebound,deterministic-adversarial-v1,5,0.5,identity-a0-b0,frictionless,corrected_guarded,6438.28455211950954051955958582954196317615318405614152020346,1036.71112864431760405201001273549526186895683803419480689529,46.9702036823929733605873875921221452287582290958430148983319,0,193.863022941970310391363022941970310391363022941970310391363,epsilon-dca
sudden-rebound-primary,synthetic,sudden-rebound,deterministic-adversarial-v1,5,0.5,identity-a0-b0,proportional-10bps,dca,6517.15850793089344012105461182699733622495071572310123232884,0.000000000000000000000000000000000000000000000000000000001,56.6709435472251603488787357550173681410865279628095759332943,4.995004995004995004995004995004995004995004995004995004995,,outside-current-safety-theorem
sudden-rebound-primary,synthetic,sudden-rebound,deterministic-adversarial-v1,5,0.5,identity-a0-b0,proportional-10bps,neutral_guarded,6259.65531709466719806143401484012140134352369624477354953784,909.90870935022178515527272033923277416626173132824376317725,46.5195357195169166339666199521816402363240170862306937944399,4.08600528536441380104368359606470252331042784083092531151124,195.419791313371417477837373730953835060254956148536252642673,outside-current-safety-theorem
sudden-rebound-primary,synthetic,sudden-rebound,deterministic-adversarial-v1,5,0.5,identity-a0-b0,proportional-10bps,corrected_guarded,6432.91778040251670314879614439377123460940284484846876038391,1036.67110204198979458271428484024917509854768623845055453707,46.9238841596567557266615813874219309522683057270436365725812,3.95936952842958062479249322193781301188956275101053890655638,193.955683206917802281952301972767337362256613046309180134869,outside-current-safety-theorem
sudden-rebound-primary,synthetic,sudden-rebound,deterministic-adversarial-v1,5,0.5,identity-a0-b0,fixed-1-usd,dca,6517.1519907723855092276144907723855092276144907723855092276,0,56.6708868762816131237183868762816131237183868762816131237183,5,,outside-current-safety-theorem
sudden-rebound-primary,synthetic,sudden-rebound,deterministic-adversarial-v1,5,0.5,identity-a0-b0,fixed-1-usd,neutral_guarded,6258.55129162572624743677375256322624743677375256322624743678,909.86759868421052631578947368421052631578947368421052631579,46.5102929821001367053998632946001367053998632946001367053999,5,195.509342105263157894736842105263157894736842105263157894737,outside-current-safety-theorem
sudden-rebound-primary,synthetic,sudden-rebound,deterministic-adversarial-v1,5,0.5,identity-a0-b0,fixed-1-usd,corrected_guarded,6431.81142242900577606007771208314760679758615557701785789501,1036.63357650626390345885584286189262796203993132557413859973,46.914589964545581500880190167141347642048228036969075819959,5,194.044122807017543859649122807017543859649122807017543859649,outside-current-safety-theorem
prolonged-drawdown-primary,synthetic,prolonged-drawdown,deterministic-adversarial-v1,7,1,identity-a0-b0,frictionless,dca,7107.95793159494737686990197750599472263747730031804637256574,0,78.9773103510549708541100219722888302515275255590894041396193,0,,epsilon-dca
prolonged-drawdown-primary,synthetic,prolonged-drawdown,deterministic-adversarial-v1,7,1,identity-a0-b0,frictionless,neutral_guarded,7107.95793159494737686990197750599472263747730031804637256574,0,78.9773103510549708541100219722888302515275255590894041396193,0,1000,epsilon-dca
prolonged-drawdown-primary,synthetic,prolonged-drawdown,deterministic-adversarial-v1,7,1,identity-a0-b0,frictionless,corrected_guarded,7107.95793159494737686990197750599472263747730031804637256574,0,78.9773103510549708541100219722888302515275255590894041396193,0,1000,epsilon-dca
prolonged-drawdown-primary,synthetic,prolonged-drawdown,deterministic-adversarial-v1,7,1,identity-a0-b0,proportional-10bps,dca,7100.85707452042694991998199551048423839907822209595042214358,0.000000000000000000000000000000000000000000000000000000001,78.8984119391158549991109110612276026488786469121772269127065,6.993006993006993006993006993006993006993006993006993006993,,outside-current-safety-theorem
prolonged-drawdown-primary,synthetic,prolonged-drawdown,deterministic-adversarial-v1,7,1,identity-a0-b0,proportional-10bps,neutral_guarded,7100.85707452042694991998199551048423839907822209595042214358,0.000000000000000000000000000000000000000000000000000000001,78.8984119391158549991109110612276026488786469121772269127065,6.993006993006993006993006993006993006993006993006993006993,1000,outside-current-safety-theorem
prolonged-drawdown-primary,synthetic,prolonged-drawdown,deterministic-adversarial-v1,7,1,identity-a0-b0,proportional-10bps,corrected_guarded,7100.85707452042694991998199551048423839907822209595042214358,0.000000000000000000000000000000000000000000000000000000001,78.8984119391158549991109110612276026488786469121772269127065,6.993006993006993006993006993006993006993006993006993006993,1000,outside-current-safety-theorem
prolonged-drawdown-primary,synthetic,prolonged-drawdown,deterministic-adversarial-v1,7,1,identity-a0-b0,fixed-1-usd,dca,7100.84997366335242949303207552848872791483982301772832619318,0,78.8983330407039158832559119503165414212759980335303147354798,7,,outside-current-safety-theorem
prolonged-drawdown-primary,synthetic,prolonged-drawdown,deterministic-adversarial-v1,7,1,identity-a0-b0,fixed-1-usd,neutral_guarded,7100.84997366335242949303207552848872791483982301772832619318,0,78.8983330407039158832559119503165414212759980335303147354798,7,1000,outside-current-safety-theorem
prolonged-drawdown-primary,synthetic,prolonged-drawdown,deterministic-adversarial-v1,7,1,identity-a0-b0,fixed-1-usd,corrected_guarded,7100.84997366335242949303207552848872791483982301772832619318,0,78.8983330407039158832559119503165414212759980335303147354798,7,1000,outside-current-safety-theorem
prolonged-drawdown-primary,synthetic,prolonged-drawdown,deterministic-adversarial-v1,7,0.9,identity-a0-b0,frictionless,dca,7107.95793159494737686990197750599472263747730031804637256574,0,78.9773103510549708541100219722888302515275255590894041396193,0,,epsilon-dca
prolonged-drawdown-primary,synthetic,prolonged-drawdown,deterministic-adversarial-v1,7,0.9,identity-a0-b0,frictionless,neutral_guarded,7102.61016514515046168561233123643453629106426810874443586063,348.760822193558474046278924327704815509693558474046278924323,75.0427704772399109737703711878747746753485634403855350770701,0,758.993419590221172896926125046641545924185809408191043772107,epsilon-dca
prolonged-drawdown-primary,synthetic,prolonged-drawdown,deterministic-adversarial-v1,7,0.9,identity-a0-b0,frictionless,corrected_guarded,7102.05982321384227755676107048628956471004408926072175120291,345.060713192807841692504783930774358628265260444041733752906,75.0777678891226048429361809617279467342419869868520001938889,0,747.465812074802263115099636141184205169630393721676604510656,epsilon-dca
prolonged-drawdown-primary,synthetic,prolonged-drawdown,deterministic-adversarial-v1,7,0.9,identity-a0-b0,proportional-10bps,dca,7100.85707452042694991998199551048423839907822209595042214358,0.000000000000000000000000000000000000000000000000000000001,78.8984119391158549991109110612276026488786469121772269127065,6.993006993006993006993006993006993006993006993006993006993,,outside-current-safety-theorem
prolonged-drawdown-primary,synthetic,prolonged-drawdown,deterministic-adversarial-v1,7,0.9,identity-a0-b0,proportional-10bps,neutral_guarded,7095.8727658408516381155867384381340026705913238007348167101,348.609399265876495430599972456128622663061510766989300318789,74.9695929619441682520554085109111708889725534781527279599034,6.64474585487924426030909093660726411322371477445855214753366,759.086351569926323573185100906047378340655180098992749721729,outside-current-safety-theorem
prolonged-drawdown-primary,synthetic,prolonged-drawdown,deterministic-adversarial-v1,7,0.9,identity-a0-b0,proportional-10bps,corrected_guarded,7095.3201246798530298421053511892412207664211077884947147203,344.903322262907972994630113681056053761824447067090650300375,75.0046311379660561871941693056465018556066295635711562713326,6.64844822950758444256280707923970424199617937355934999969993,747.570232979877335632990956181473989354551731939829318380004,outside-current-safety-theorem
prolonged-drawdown-primary,synthetic,prolonged-drawdown,deterministic-adversarial-v1,7,0.9,identity-a0-b0,fixed-1-usd,dca,7100.84997366335242949303207552848872791483982301772832619318,0,78.8983330407039158832559119503165414212759980335303147354798,7,,outside-current-safety-theorem
prolonged-drawdown-primary,synthetic,prolonged-drawdown,deterministic-adversarial-v1,7,0.9,identity-a0-b0,fixed-1-usd,neutral_guarded,7095.52017074449679027333259757936945885295957031968509730348,348.468860176282051282051282051282051282051282051282051282056,74.9672367840912748776809035058676378618989809807600338446824,7,759.169867804453512174100409394527041585865115276879982762334,outside-current-safety-theorem
prolonged-drawdown-primary,synthetic,prolonged-drawdown,deterministic-adversarial-v1,7,0.9,identity-a0-b0,fixed-1-usd,corrected_guarded,7094.96954211089335292177464434572133803157596293412917589149,344.771482814538582993929656809362531001531709516684754669847,75.0022006588483863325316109726262089670004917046382713469071,7,747.650248923931477637355433786788664768033516628718487686114,outside-current-safety-theorem
prolonged-drawdown-primary,synthetic,prolonged-drawdown,deterministic-adversarial-v1,7,0.75,identity-a0-b0,frictionless,dca,7107.95793159494737686990197750599472263747730031804637256574,0,78.9773103510549708541100219722888302515275255590894041396193,0,,epsilon-dca
prolonged-drawdown-primary,synthetic,prolonged-drawdown,deterministic-adversarial-v1,7,0.75,identity-a0-b0,frictionless,neutral_guarded,7094.85287120342071247738392645135830214739827365365385451468,860.27040323340874811463046757164404223227752639517345399698,69.2731385330001329373639273208857139990568971917608933390856,0,400.806878189977914242620124973066149536737772031889678948504,epsilon-dca
prolonged-drawdown-primary,synthetic,prolonged-drawdown,deterministic-adversarial-v1,7,0.75,identity-a0-b0,frictionless,corrected_guarded,7093.91731958222262231310748389047947858592848713933187102312,831.646789620347880284719906742039262821157714667834052345321,69.5807836662430526892043064127604468418307863607944202075311,0,377.61012795357210423936565198980717539482697977697851337317,epsilon-dca
prolonged-drawdown-primary,synthetic,prolonged-drawdown,deterministic-adversarial-v1,7,0.75,identity-a0-b0,proportional-10bps,dca,7100.85707452042694991998199551048423839907822209595042214358,0.000000000000000000000000000000000000000000000000000000001,78.8984119391158549991109110612276026488786469121772269127065,6.993006993006993006993006993006993006993006993006993006993,,outside-current-safety-theorem
prolonged-drawdown-primary,synthetic,prolonged-drawdown,deterministic-adversarial-v1,7,0.75,identity-a0-b0,proportional-10bps,neutral_guarded,7088.64390262981008907162710902905454425333193960588238904823,860.116295280058849897609621466268201941709106108232806624031,69.2058623038861248797113054173642926923513648166405509158244,6.13374995476517597412826211641731448357471617771405314023571,400.97507974899649141264569788627654719905071333583628692516,outside-current-safety-theorem
prolonged-drawdown-primary,synthetic,prolonged-drawdown,deterministic-adversarial-v1,7,0.75,identity-a0-b0,proportional-10bps,corrected_guarded,7087.68255366520536709277211163816472360244634287368581345727,831.48952909009948715878743803148117851646449849562880211525,69.513255828612287554822051928963150500955353826422855681578,6.16234812278711339944177079117734148000353196953483636152324,377.803026664195867616322092431478419998792271651726961209466,outside-current-safety-theorem
prolonged-drawdown-primary,synthetic,prolonged-drawdown,deterministic-adversarial-v1,7,0.75,identity-a0-b0,fixed-1-usd,dca,7100.84997366335242949303207552848872791483982301772832619318,0,78.8983330407039158832559119503165414212759980335303147354798,7,,outside-current-safety-theorem
prolonged-drawdown-primary,synthetic,prolonged-drawdown,deterministic-adversarial-v1,7,0.75,identity-a0-b0,fixed-1-usd,neutral_guarded,7087.77976439278847198951216167858922521763267817787186510287,859.98303727139894419306184012066365007541478129713423831071,69.1977414124598836421827813506436175015801988542304180754684,7,401.121558988078404438698556345615169144580909286791639732817,outside-current-safety-theorem
prolonged-drawdown-primary,synthetic,prolonged-drawdown,deterministic-adversarial-v1,7,0.75,identity-a0-b0,fixed-1-usd,corrected_guarded,7086.84322966362697784028737728069705304609817517904146844165,831.377972253767907367273434821827134569437169498027094558238,69.5051695267762118941445993606541102052962333964557152653712,7,377.940156847863604367534696336800904133596108222243149344344,outside-current-safety-theorem
prolonged-drawdown-primary,synthetic,prolonged-drawdown,deterministic-adversarial-v1,7,0.5,identity-a0-b0,frictionless,dca,7107.95793159494737686990197750599472263747730031804637256574,0,78.9773103510549708541100219722888302515275255590894041396193,0,,epsilon-dca
prolonged-drawdown-primary,synthetic,prolonged-drawdown,deterministic-adversarial-v1,7,0.5,identity-a0-b0,frictionless,neutral_guarded,7145.63376946024817482851916137425463106955215993953440151432,980.826822916666666666666666666666666666666666666666666666665,68.4978549615953500906872499411954218266987277030318637205294,0,126.339285714285714285714285714285714285714285714285714285714,epsilon-dca
prolonged-drawdown-primary,synthetic,prolonged-drawdown,deterministic-adversarial-v1,7,0.5,identity-a0-b0,frictionless,corrected_guarded,7148.28249509714826639282406970389671969435543327848304197929,909.834492229596856265485722052378998724886890838105709058349,69.3160889207505712236370927516835302329940949160041925880104,0,121.049783549783549783549783549783549783549783549783549783549,epsilon-dca
prolonged-drawdown-primary,synthetic,prolonged-drawdown,deterministic-adversarial-v1,7,0.5,identity-a0-b0,proportional-10bps,dca,7100.85707452042694991998199551048423839907822209595042214358,0.000000000000000000000000000000000000000000000000000000001,78.8984119391158549991109110612276026488786469121772269127065,6.993006993006993006993006993006993006993006993006993006993,,outside-current-safety-theorem
prolonged-drawdown-primary,synthetic,prolonged-drawdown,deterministic-adversarial-v1,7,0.5,identity-a0-b0,proportional-10bps,neutral_guarded,7139.44682841316729266861440458844634882485740464850362803224,980.813617212374704882197389689897182404674912167419659927155,68.4292579022310287531824112766505462935575832497898218678343,6.01317320957804724786993267763247034724807701082175858149135,126.414520734486483023660132265812300063762886654280974246723,outside-current-safety-theorem
prolonged-drawdown-primary,synthetic,prolonged-drawdown,deterministic-adversarial-v1,7,0.5,identity-a0-b0,proportional-10bps,corrected_guarded,7142.02334400426717791039385225653194295363212081175889424079,909.825134868401511656299494407285429775677301280924743992007,69.2466467681762851806010484205471834797550535503426016694309,6.08409077435724124709660390169102354667764505366540984616183,121.131450383367297621874214113144014411578016803959692240243,outside-current-safety-theorem
prolonged-drawdown-primary,synthetic,prolonged-drawdown,deterministic-adversarial-v1,7,0.5,identity-a0-b0,fixed-1-usd,dca,7100.84997366335242949303207552848872791483982301772832619318,0,78.8983330407039158832559119503165414212759980335303147354798,7,,outside-current-safety-theorem
prolonged-drawdown-primary,synthetic,prolonged-drawdown,deterministic-adversarial-v1,7,0.5,identity-a0-b0,fixed-1-usd,neutral_guarded,7138.47013147588247626357382454943430553186650747626357382453,980.80149739583333333333333333333333333333333333333333333333,68.4185403786672126992248943468455663577614797126992248943467,7,126.484821428571428571428571428571428571428571428571428571429,outside-current-safety-theorem
prolonged-drawdown-primary,synthetic,prolonged-drawdown,deterministic-adversarial-v1,7,0.5,identity-a0-b0,fixed-1-usd,corrected_guarded,7141.12343172217935271244704808451522128164693125953870068462,909.817997935977124876054781143546088286514754703527379357288,69.2367270420689136426265807437885459221681352950667924591926,7,121.197619047619047619047619047619047619047619047619047619048,outside-current-safety-theorem
flat-segments-primary,synthetic,flat-segments,deterministic-adversarial-v1,6,1,identity-a0-b0,frictionless,dca,6552.63157894736842105263157894736842105263157894736842105263,0,65.5263157894736842105263157894736842105263157894736842105263,0,,epsilon-dca
flat-segments-primary,synthetic,flat-segments,deterministic-adversarial-v1,6,1,identity-a0-b0,frictionless,neutral_guarded,6552.63157894736842105263157894736842105263157894736842105263,0,65.5263157894736842105263157894736842105263157894736842105263,0,1000,epsilon-dca
flat-segments-primary,synthetic,flat-segments,deterministic-adversarial-v1,6,1,identity-a0-b0,frictionless,corrected_guarded,6552.63157894736842105263157894736842105263157894736842105263,0,65.5263157894736842105263157894736842105263157894736842105263,0,1000,epsilon-dca
flat-segments-primary,synthetic,flat-segments,deterministic-adversarial-v1,6,1,identity-a0-b0,proportional-10bps,dca,6546.08549345391450654608549345391450654608549345391450654608,0.000000000000000000000000000000000000000000000000000000001,65.4608549345391450654608549345391450654608549345391450654608,5.994005994005994005994005994005994005994005994005994005994,,outside-current-safety-theorem
flat-segments-primary,synthetic,flat-segments,deterministic-adversarial-v1,6,1,identity-a0-b0,proportional-10bps,neutral_guarded,6546.08549345391450654608549345391450654608549345391450654608,0.000000000000000000000000000000000000000000000000000000001,65.4608549345391450654608549345391450654608549345391450654608,5.994005994005994005994005994005994005994005994005994005994,1000,outside-current-safety-theorem
flat-segments-primary,synthetic,flat-segments,deterministic-adversarial-v1,6,1,identity-a0-b0,proportional-10bps,corrected_guarded,6546.08549345391450654608549345391450654608549345391450654608,0.000000000000000000000000000000000000000000000000000000001,65.4608549345391450654608549345391450654608549345391450654608,5.994005994005994005994005994005994005994005994005994005994,1000,outside-current-safety-theorem
flat-segments-primary,synthetic,flat-segments,deterministic-adversarial-v1,6,1,identity-a0-b0,fixed-1-usd,dca,6546.07894736842105263157894736842105263157894736842105263158,0,65.4607894736842105263157894736842105263157894736842105263158,6,,outside-current-safety-theorem
flat-segments-primary,synthetic,flat-segments,deterministic-adversarial-v1,6,1,identity-a0-b0,fixed-1-usd,neutral_guarded,6546.07894736842105263157894736842105263157894736842105263158,0,65.4607894736842105263157894736842105263157894736842105263158,6,1000,outside-current-safety-theorem
flat-segments-primary,synthetic,flat-segments,deterministic-adversarial-v1,6,1,identity-a0-b0,fixed-1-usd,corrected_guarded,6546.07894736842105263157894736842105263157894736842105263158,0,65.4607894736842105263157894736842105263157894736842105263158,6,1000,outside-current-safety-theorem
flat-segments-primary,synthetic,flat-segments,deterministic-adversarial-v1,6,0.9,identity-a0-b0,frictionless,dca,6552.63157894736842105263157894736842105263157894736842105263,0,65.5263157894736842105263157894736842105263157894736842105263,0,,epsilon-dca
flat-segments-primary,synthetic,flat-segments,deterministic-adversarial-v1,6,0.9,identity-a0-b0,frictionless,neutral_guarded,6527.59046052631578947368421052631578947368421052631578947368,307.03125,62.2055921052631578947368421052631578947368421052631578947368,0,777.65625,epsilon-dca
flat-segments-primary,synthetic,flat-segments,deterministic-adversarial-v1,6,0.9,identity-a0-b0,frictionless,corrected_guarded,6531.05723842548118176861961252745889693735055970905211672625,314.732803733692921039789976509689110940350487513625338815492,62.1632443469178826072882963601776978599700007219542677791076,0,770.34744534479942930121938052936086601226793152483325303054,epsilon-dca
flat-segments-primary,synthetic,flat-segments,deterministic-adversarial-v1,6,0.9,identity-a0-b0,proportional-10bps,dca,6546.08549345391450654608549345391450654608549345391450654608,0.000000000000000000000000000000000000000000000000000000001,65.4608549345391450654608549345391450654608549345391450654608,5.994005994005994005994005994005994005994005994005994005994,,outside-current-safety-theorem
flat-segments-primary,synthetic,flat-segments,deterministic-adversarial-v1,6,0.9,identity-a0-b0,proportional-10bps,neutral_guarded,6521.38987555119799286830737116412057815996011216612954784402,306.895007411409607601008412396198279586893480199053883757371,62.1449486813978838526729895876792229857306663196707566408665,5.68741757501357681558340817942437734307003648331762848775487,777.74121838399420391737688097210348337882907635214082009242,outside-current-safety-theorem
flat-segments-primary,synthetic,flat-segments,deterministic-adversarial-v1,6,0.9,identity-a0-b0,proportional-10bps,corrected_guarded,6524.8618737826646931458298517016689685173099303171004924964,314.582238269588957418979837843246681970250378026701088328462,62.1027963551307573572685001385842228654705955229039940416794,5.6797380237067043382427773847719813366930565654078910206509,770.440665213914048571885648232980799921583327529719720971853,outside-current-safety-theorem
flat-segments-primary,synthetic,flat-segments,deterministic-adversarial-v1,6,0.9,identity-a0-b0,fixed-1-usd,dca,6546.07894736842105263157894736842105263157894736842105263158,0,65.4607894736842105263157894736842105263157894736842105263158,6,,outside-current-safety-theorem
flat-segments-primary,synthetic,flat-segments,deterministic-adversarial-v1,6,0.9,identity-a0-b0,fixed-1-usd,neutral_guarded,6521.06184210526315789473684210526315789473684210526315789474,306.775,62.1428684210526315789473684210526315789473684210526315789474,6,777.818333333333333333333333333333333333333333333333333333333,outside-current-safety-theorem
flat-segments-primary,synthetic,flat-segments,deterministic-adversarial-v1,6,0.9,identity-a0-b0,fixed-1-usd,corrected_guarded,6524.52598565478133142557121729530773819673946695511081264427,314.470254631938118547344203917941325022620815787627517223481,62.1005573102284321287822701337736641317411865116748329542079,6,770.514910205417912323062733375795429635779417396037242059738,outside-current-safety-theorem
flat-segments-primary,synthetic,flat-segments,deterministic-adversarial-v1,6,0.75,identity-a0-b0,frictionless,dca,6552.63157894736842105263157894736842105263157894736842105263,0,65.5263157894736842105263157894736842105263157894736842105263,0,,epsilon-dca
flat-segments-primary,synthetic,flat-segments,deterministic-adversarial-v1,6,0.75,identity-a0-b0,frictionless,neutral_guarded,6490.02878289473684210526315789473684210526315789473684210526,767.578125,57.2245065789473684210526315789473684210526315789473684210526,0,444.140625,epsilon-dca
flat-segments-primary,synthetic,flat-segments,deterministic-adversarial-v1,6,0.75,identity-a0-b0,frictionless,corrected_guarded,6498.85392240215859630090522484958471390918974304894818499994,783.826308903575106891707264186410817600422687034023376537057,57.1502761349858348940919796066317389630876705601492480846288,0,426.851851851851851851851851851851851851851851851851851851852,epsilon-dca
flat-segments-primary,synthetic,flat-segments,deterministic-adversarial-v1,6,0.75,identity-a0-b0,proportional-10bps,dca,6546.08549345391450654608549345391450654608549345391450654608,0.000000000000000000000000000000000000000000000000000000001,65.4608549345391450654608549345391450654608549345391450654608,5.994005994005994005994005994005994005994005994005994005994,,outside-current-safety-theorem
flat-segments-primary,synthetic,flat-segments,deterministic-adversarial-v1,6,0.75,identity-a0-b0,proportional-10bps,neutral_guarded,6484.34644869712322235164018772942968558077204023445210979087,767.237518528524019002521030990495698967233700497634709393404,57.1710893016859920334911915673893398661353833973681740039747,5.22753494652495102996751145755195234868408221728508021039621,444.353045959985509793442202430258708447072690880352050231062,outside-current-safety-theorem
flat-segments-primary,synthetic,flat-segments,deterministic-adversarial-v1,6,0.75,identity-a0-b0,proportional-10bps,corrected_guarded,6493.16854763548788827173066666026294621782720167546252575339,783.700586705476318431546765427244438320058527214269427924352,57.0946796093001156984018390123301850789776867446119309782904,5.21108832496955412744101222235040515652341805473099957250315,427.002894185463711992975089367360281413109855245294080337005,outside-current-safety-theorem
flat-segments-primary,synthetic,flat-segments,deterministic-adversarial-v1,6,0.75,identity-a0-b0,fixed-1-usd,dca,6546.07894736842105263157894736842105263157894736842105263158,0,65.4607894736842105263157894736842105263157894736842105263158,6,,outside-current-safety-theorem
flat-segments-primary,synthetic,flat-segments,deterministic-adversarial-v1,6,0.75,identity-a0-b0,fixed-1-usd,neutral_guarded,6483.53618421052631578947368421052631578947368421052631578947,766.9375,57.1659868421052631578947368421052631578947368421052631578947,6,444.545833333333333333333333333333333333333333333333333333333,outside-current-safety-theorem
flat-segments-primary,synthetic,flat-segments,deterministic-adversarial-v1,6,0.75,identity-a0-b0,fixed-1-usd,corrected_guarded,6492.33125138421158886922721966872624151453702016688572850095,783.616178881938350567676157616172288125473336666003552143483,57.0871507250227323830155106205255395338906368350088217635747,6,427.124537037037037037037037037037037037037037037037037037037,outside-current-safety-theorem
flat-segments-primary,synthetic,flat-segments,deterministic-adversarial-v1,6,0.5,identity-a0-b0,frictionless,dca,6552.63157894736842105263157894736842105263157894736842105263,0,65.5263157894736842105263157894736842105263157894736842105263,0,,epsilon-dca
flat-segments-primary,synthetic,flat-segments,deterministic-adversarial-v1,6,0.5,identity-a0-b0,frictionless,neutral_guarded,6504.11184210526315789473684210526315789473684210526315789474,968.75,55.3536184210526315789473684210526315789473684210526315789474,0,125,epsilon-dca
flat-segments-primary,synthetic,flat-segments,deterministic-adversarial-v1,6,0.5,identity-a0-b0,frictionless,corrected_guarded,6530.67817630006497070123260637646607894381879482664606435874,924.56153944424215107303481277209259557575919894853539321925,56.0611663685582281962819779360437348336805959587811067113949,0,125,epsilon-dca
flat-segments-primary,synthetic,flat-segments,deterministic-adversarial-v1,6,0.5,identity-a0-b0,proportional-10bps,dca,6546.08549345391450654608549345391450654608549345391450654608,0.000000000000000000000000000000000000000000000000000000001,65.4608549345391450654608549345391450654608549345391450654608,5.994005994005994005994005994005994005994005994005994005994,,outside-current-safety-theorem
flat-segments-primary,synthetic,flat-segments,deterministic-adversarial-v1,6,0.5,identity-a0-b0,proportional-10bps,neutral_guarded,6498.5335439634343941299407621822784870999078580235002024475,968.71877342188281249220310159371098432037492976553915614855,55.2981477054155158163773766058856750277953292825796104629895,5.02625497160651067683096593247381520047914592431015069315829,125.10408339579168749997920827091656262485433314604143774973,outside-current-safety-theorem
flat-segments-primary,synthetic,flat-segments,deterministic-adversarial-v1,6,0.5,identity-a0-b0,proportional-10bps,corrected_guarded,6525.02663845090512321898789283406862581052602675632454988407,924.535616909781285996221892530009186251053362850520625809079,56.0049102154112383722276600030405943955947266390580392407499,5.0703939891011175964073707367332575561927538832662131610299,125.10408339579168749997920827091656262485433314604143774973,outside-current-safety-theorem
flat-segments-primary,synthetic,flat-segments,deterministic-adversarial-v1,6,0.5,identity-a0-b0,fixed-1-usd,dca,6546.07894736842105263157894736842105263157894736842105263158,0,65.4607894736842105263157894736842105263157894736842105263158,6,,outside-current-safety-theorem
flat-segments-primary,synthetic,flat-segments,deterministic-adversarial-v1,6,0.5,identity-a0-b0,fixed-1-usd,neutral_guarded,6497.46217105263157894736842105263157894736842105263157894737,968.6875,55.2877467105263157894736842105263157894736842105263157894737,6,125.208333333333333333333333333333333333333333333333333333333,outside-current-safety-theorem
flat-segments-primary,synthetic,flat-segments,deterministic-adversarial-v1,6,0.5,identity-a0-b0,fixed-1-usd,corrected_guarded,6524.02337448926583956150704304396041324533404193828756307897,924.509655488282458153520959297959625335030964289765066208496,55.9951371900098338140798608374600078791030307764852249687047,6,125.208333333333333333333333333333333333333333333333333333333,outside-current-safety-theorem
hostile-carried-cash-primary,synthetic,hostile-carried-cash,deterministic-adversarial-v1,5,1,identity-a0-b0,frictionless,dca,7499.86064659977703455964325529542920847268673355629877369007,0,49.9990709773318468970642883686361947231512448903753251579338,0,,epsilon-dca
hostile-carried-cash-primary,synthetic,hostile-carried-cash,deterministic-adversarial-v1,5,1,identity-a0-b0,frictionless,neutral_guarded,7499.86064659977703455964325529542920847268673355629877369007,0,49.9990709773318468970642883686361947231512448903753251579338,0,1000,epsilon-dca
hostile-carried-cash-primary,synthetic,hostile-carried-cash,deterministic-adversarial-v1,5,1,identity-a0-b0,frictionless,corrected_guarded,7499.86064659977703455964325529542920847268673355629877369007,0,49.9990709773318468970642883686361947231512448903753251579338,0,1000,epsilon-dca
hostile-carried-cash-primary,synthetic,hostile-carried-cash,deterministic-adversarial-v1,5,1,identity-a0-b0,proportional-10bps,dca,7492.36827832145557898066259270272648199069603751877999369637,0.000000000000000000000000000000000000000000000000000000001,49.9491218554763705265377506180181765466046402501251999579758,4.995004995004995004995004995004995004995004995004995004995,,outside-current-safety-theorem
hostile-carried-cash-primary,synthetic,hostile-carried-cash,deterministic-adversarial-v1,5,1,identity-a0-b0,proportional-10bps,neutral_guarded,7492.36827832145557898066259270272648199069603751877999369637,0.000000000000000000000000000000000000000000000000000000001,49.9491218554763705265377506180181765466046402501251999579758,4.995004995004995004995004995004995004995004995004995004995,1000,outside-current-safety-theorem
hostile-carried-cash-primary,synthetic,hostile-carried-cash,deterministic-adversarial-v1,5,1,identity-a0-b0,proportional-10bps,corrected_guarded,7492.36827832145557898066259270272648199069603751877999369637,0.000000000000000000000000000000000000000000000000000000001,49.9491218554763705265377506180181765466046402501251999579758,4.995004995004995004995004995004995004995004995004995004995,1000,outside-current-safety-theorem
hostile-carried-cash-primary,synthetic,hostile-carried-cash,deterministic-adversarial-v1,5,1,identity-a0-b0,fixed-1-usd,dca,7492.36078595317725752508361204013377926421404682274247491638,0,49.9490719063545150501672240802675585284280936454849498327759,5,,outside-current-safety-theorem
hostile-carried-cash-primary,synthetic,hostile-carried-cash,deterministic-adversarial-v1,5,1,identity-a0-b0,fixed-1-usd,neutral_guarded,7492.36078595317725752508361204013377926421404682274247491638,0,49.9490719063545150501672240802675585284280936454849498327759,5,1000,outside-current-safety-theorem
hostile-carried-cash-primary,synthetic,hostile-carried-cash,deterministic-adversarial-v1,5,1,identity-a0-b0,fixed-1-usd,corrected_guarded,7492.36078595317725752508361204013377926421404682274247491638,0,49.9490719063545150501672240802675585284280936454849498327759,5,1000,outside-current-safety-theorem
hostile-carried-cash-primary,synthetic,hostile-carried-cash,deterministic-adversarial-v1,5,0.9,identity-a0-b0,frictionless,dca,7499.86064659977703455964325529542920847268673355629877369007,0,49.9990709773318468970642883686361947231512448903753251579338,0,,epsilon-dca
hostile-carried-cash-primary,synthetic,hostile-carried-cash,deterministic-adversarial-v1,5,0.9,identity-a0-b0,frictionless,neutral_guarded,7364.07861273690078037904124860646599777034559643255295429206,285.166157155797101449275362318840579710144927536231884057963,47.192749703874024526198439241917502787068004459308807134894,0,779.384057971014492753623188405797101449275362318840579710148,epsilon-dca
hostile-carried-cash-primary,synthetic,hostile-carried-cash,deterministic-adversarial-v1,5,0.9,identity-a0-b0,frictionless,corrected_guarded,7350.52955484431006473464625282330221573271063827077904359675,325.264536762593548165358033738528765929595351214501671544671,46.8351001205447767771285881272318229986874352470418491470139,0,790.250525236555172365865064354656883085410589677123363094208,epsilon-dca
hostile-carried-cash-primary,synthetic,hostile-carried-cash,deterministic-adversarial-v1,5,0.9,identity-a0-b0,proportional-10bps,dca,7492.36827832145557898066259270272648199069603751877999369637,0.000000000000000000000000000000000000000000000000000000001,49.9491218554763705265377506180181765466046402501251999579758,4.995004995004995004995004995004995004995004995004995004995,,outside-current-safety-theorem
hostile-carried-cash-primary,synthetic,hostile-carried-cash,deterministic-adversarial-v1,5,0.9,identity-a0-b0,proportional-10bps,neutral_guarded,7357.05232423450058696471720320760816982507083968949985564588,285.053759362582804250392172628890451727406702692009418884178,47.1466570991461185514288335371914514539844275799832695784113,4.71023600463278441133826955781329625202057272458340717394188,779.462836669717043140077741572505152501399322633691611113698,outside-current-safety-theorem
hostile-carried-cash-primary,synthetic,hostile-carried-cash,deterministic-adversarial-v1,5,0.9,identity-a0-b0,proportional-10bps,corrected_guarded,7343.55730746500201471411496130038404307116030998704481276663,325.153823561402548162537026456085840749245756028825917203487,46.7893565593573297770105195656286546821460970263881259704209,4.6701760004381592925449180554884257335172370069642098729236,790.31737122621349614612009671628991111676419066308248471057,outside-current-safety-theorem
hostile-carried-cash-primary,synthetic,hostile-carried-cash,deterministic-adversarial-v1,5,0.9,identity-a0-b0,fixed-1-usd,dca,7492.36078595317725752508361204013377926421404682274247491638,0,49.9490719063545150501672240802675585284280936454849498327759,5,,outside-current-safety-theorem
hostile-carried-cash-primary,synthetic,hostile-carried-cash,deterministic-adversarial-v1,5,0.9,identity-a0-b0,fixed-1-usd,neutral_guarded,7356.67622799377554812337421033073206986250464511334076551467,284.916777438103864734299516908212560386473429951690821256033,47.1450630037044778892604979561501300631735414344109996283909,5,779.554256038647342995169082125603864734299516908212560386476,outside-current-safety-theorem
hostile-carried-cash-primary,synthetic,hostile-carried-cash,deterministic-adversarial-v1,5,0.9,identity-a0-b0,fixed-1-usd,corrected_guarded,7343.13821300381207993368481114417186856384824379754389028201,324.979654367625188714810760896983161902357910355447616367186,46.7877237242412459414591603349812580444099355562806418260988,5,790.412529026019246799405754790111812314221972855922089958652,outside-current-safety-theorem
hostile-carried-cash-primary,synthetic,hostile-carried-cash,deterministic-adversarial-v1,5,0.75,identity-a0-b0,frictionless,dca,7499.86064659977703455964325529542920847268673355629877369007,0,49.9990709773318468970642883686361947231512448903753251579338,0,,epsilon-dca
hostile-carried-cash-primary,synthetic,hostile-carried-cash,deterministic-adversarial-v1,5,0.75,identity-a0-b0,frictionless,neutral_guarded,7160.4055619425863991081382385730211817168338907469342251951,712.915392889492753623188405797101449275362318840579710144935,42.9832677936872909698996655518394648829431438127090301003344,0,448.46014492753623188405797101449275362318840579710144927536,epsilon-dca
hostile-carried-cash-primary,synthetic,hostile-carried-cash,deterministic-adversarial-v1,5,0.75,identity-a0-b0,frictionless,corrected_guarded,7126.53291721110960999715074911511172662274649534249944845676,813.161341906483870413395084346321914823988378036254178861682,42.0891438353641715972250377651252654119917207820416351306339,0,475.626313091387930914662660886642207713526474192808407735514,epsilon-dca
hostile-carried-cash-primary,synthetic,hostile-carried-cash,deterministic-adversarial-v1,5,0.75,identity-a0-b0,proportional-10bps,dca,7492.36827832145557898066259270272648199069603751877999369637,0.000000000000000000000000000000000000000000000000000000001,49.9491218554763705265377506180181765466046402501251999579758,4.995004995004995004995004995004995004995004995004995004995,,outside-current-safety-theorem
hostile-carried-cash-primary,synthetic,hostile-carried-cash,deterministic-adversarial-v1,5,0.75,identity-a0-b0,proportional-10bps,neutral_guarded,7154.07839310406809894079911896493070157663304294557964857014,712.634398406457010625980431572226129318516756730023547210445,42.9429599646507405887654579159513638150541085747703740090647,4.28308251907446852085316640202574812255892431895102542736219,448.657091674292607850194353931262881253498306584229027784236,outside-current-safety-theorem
hostile-carried-cash-primary,synthetic,hostile-carried-cash,deterministic-adversarial-v1,5,0.75,identity-a0-b0,proportional-10bps,corrected_guarded,7120.34085118032166831429351419687038469185671868944204137198,812.884558903506370406342566140214601873114390072064793008696,42.0497086151787686527196729870443718854582821907825149890885,4.18293250858790572386978764621357182630058502490303217481648,475.793428065533740365300241790724777791910476657706211776424,outside-current-safety-theorem
hostile-carried-cash-primary,synthetic,hostile-carried-cash,deterministic-adversarial-v1,5,0.75,identity-a0-b0,fixed-1-usd,dca,7492.36078595317725752508361204013377926421404682274247491638,0,49.9490719063545150501672240802675585284280936454849498327759,5,,outside-current-safety-theorem
hostile-carried-cash-primary,synthetic,hostile-carried-cash,deterministic-adversarial-v1,5,0.75,identity-a0-b0,fixed-1-usd,neutral_guarded,7153.14939105467298402081010776662950575994054254923820141212,712.291943595259661835748792270531400966183574879227053140097,42.9390496497294221479004087699739873652917131178000743218135,5,448.885640096618357487922705314009661835748792270531400966182,outside-current-safety-theorem
hostile-carried-cash-primary,synthetic,hostile-carried-cash,deterministic-adversarial-v1,5,0.75,identity-a0-b0,fixed-1-usd,corrected_guarded,7119.30435357976431354658660980022900251329953925974601333047,812.449135919062971787026902242457904755894775888619040917989,42.0457014510713422783970647170518073183826984224741798160832,5,476.03132256504811699851438697527953078555493213980522489662,outside-current-safety-theorem
hostile-carried-cash-primary,synthetic,hostile-carried-cash,deterministic-adversarial-v1,5,0.5,identity-a0-b0,frictionless,dca,7499.86064659977703455964325529542920847268673355629877369007,0,49.9990709773318468970642883686361947231512448903753251579338,0,,epsilon-dca
hostile-carried-cash-primary,synthetic,hostile-carried-cash,deterministic-adversarial-v1,5,0.5,identity-a0-b0,frictionless,neutral_guarded,6936.76403985507246376811594202898550724637681159420289855072,939.453125,39.9820727657004830917874396135265700483091787439613526570048,0,143.75,epsilon-dca
hostile-carried-cash-primary,synthetic,hostile-carried-cash,deterministic-adversarial-v1,5,0.5,identity-a0-b0,frictionless,corrected_guarded,6857.53047563092515765346713990626326796357733199515907548925,1172.00834855200183447027905658674316467208518461287740750449,37.9034808471928221545545872221301340219432809825485444532317,0,143.75,epsilon-dca
hostile-carried-cash-primary,synthetic,hostile-carried-cash,deterministic-adversarial-v1,5,0.5,identity-a0-b0,proportional-10bps,dca,7492.36827832145557898066259270272648199069603751877999369637,0.000000000000000000000000000000000000000000000000000000001,49.9491218554763705265377506180181765466046402501251999579758,4.995004995004995004995004995004995004995004995004995004995,,outside-current-safety-theorem
hostile-carried-cash-primary,synthetic,hostile-carried-cash,deterministic-adversarial-v1,5,0.5,identity-a0-b0,proportional-10bps,neutral_guarded,6930.81780216760620971794413737086448989930124180489200084988,939.435564435564435564435564435564435564435564435564435564436,39.9425482515469451610233904862353336955657711824621837685696,4.05650792763679876566989454102341215228328115441002553889666,143.806193806193806193806193806193806193806193806193806193806,outside-current-safety-theorem
hostile-carried-cash-primary,synthetic,hostile-carried-cash,deterministic-adversarial-v1,5,0.5,identity-a0-b0,proportional-10bps,corrected_guarded,6851.90191017535106745826613965249092350029880941562614029596,1171.9822650884267268422015274111192759201881043252873460314,37.8661309672461622707737640816091443172007380339355919617637,3.82419354137020307008771076182705367040940249318153112284576,143.806193806193806193806193806193806193806193806193806193806,outside-current-safety-theorem
hostile-carried-cash-primary,synthetic,hostile-carried-cash,deterministic-adversarial-v1,5,0.5,identity-a0-b0,fixed-1-usd,dca,7492.36078595317725752508361204013377926421404682274247491638,0,49.9490719063545150501672240802675585284280936454849498327759,5,,outside-current-safety-theorem
hostile-carried-cash-primary,synthetic,hostile-carried-cash,deterministic-adversarial-v1,5,0.5,identity-a0-b0,fixed-1-usd,neutral_guarded,6929.35455859810479375696767001114827201783723522853957636566,939.41796875,39.9329105989873652917131178000743218134522482348569305091044,5,143.8625,outside-current-safety-theorem
hostile-carried-cash-primary,synthetic,hostile-carried-cash,deterministic-adversarial-v1,5,0.5,identity-a0-b0,fixed-1-usd,corrected_guarded,6850.13342607173007457802845549662283117807642468896869872469,1171.95612945792446899886784317714413939078722987712210443536,37.8545153107587040371944040821298579452485946320789772952622,5,143.8625,outside-current-safety-theorem
hostile-adaptive-timing-primary,synthetic,hostile-adaptive-timing,deterministic-adversarial-v1,6,1,identity-a0-b0,frictionless,dca,1700,0,56.6666666666666666666666666666666666666666666666666666666668,0,,epsilon-dca
hostile-adaptive-timing-primary,synthetic,hostile-adaptive-timing,deterministic-adversarial-v1,6,1,identity-a0-b0,frictionless,neutral_guarded,1700,0,56.6666666666666666666666666666666666666666666666666666666668,0,1000,epsilon-dca
hostile-adaptive-timing-primary,synthetic,hostile-adaptive-timing,deterministic-adversarial-v1,6,1,identity-a0-b0,frictionless,corrected_guarded,1700,0,56.6666666666666666666666666666666666666666666666666666666668,0,1000,epsilon-dca
hostile-adaptive-timing-primary,synthetic,hostile-adaptive-timing,deterministic-adversarial-v1,6,1,identity-a0-b0,proportional-10bps,dca,1698.3016983016983016983016983016983016983016983016983016983,0.000000000000000000000000000000000000000000000000000000001,56.61005661005661005661005661005661005661005661005661005661,5.994005994005994005994005994005994005994005994005994005994,,outside-current-safety-theorem
hostile-adaptive-timing-primary,synthetic,hostile-adaptive-timing,deterministic-adversarial-v1,6,1,identity-a0-b0,proportional-10bps,neutral_guarded,1698.3016983016983016983016983016983016983016983016983016983,0.000000000000000000000000000000000000000000000000000000001,56.61005661005661005661005661005661005661005661005661005661,5.994005994005994005994005994005994005994005994005994005994,1000,outside-current-safety-theorem
hostile-adaptive-timing-primary,synthetic,hostile-adaptive-timing,deterministic-adversarial-v1,6,1,identity-a0-b0,proportional-10bps,corrected_guarded,1698.3016983016983016983016983016983016983016983016983016983,0.000000000000000000000000000000000000000000000000000000001,56.61005661005661005661005661005661005661005661005661005661,5.994005994005994005994005994005994005994005994005994005994,1000,outside-current-safety-theorem
hostile-adaptive-timing-primary,synthetic,hostile-adaptive-timing,deterministic-adversarial-v1,6,1,identity-a0-b0,fixed-1-usd,dca,1698.3,0,56.61,6,,outside-current-safety-theorem
hostile-adaptive-timing-primary,synthetic,hostile-adaptive-timing,deterministic-adversarial-v1,6,1,identity-a0-b0,fixed-1-usd,neutral_guarded,1698.3,0,56.61,6,1000,outside-current-safety-theorem
hostile-adaptive-timing-primary,synthetic,hostile-adaptive-timing,deterministic-adversarial-v1,6,1,identity-a0-b0,fixed-1-usd,corrected_guarded,1698.3,0,56.61,6,1000,outside-current-safety-theorem
hostile-adaptive-timing-primary,synthetic,hostile-adaptive-timing,deterministic-adversarial-v1,6,0.9,identity-a0-b0,frictionless,dca,1700,0,56.6666666666666666666666666666666666666666666666666666666668,0,,epsilon-dca
hostile-adaptive-timing-primary,synthetic,hostile-adaptive-timing,deterministic-adversarial-v1,6,0.9,identity-a0-b0,frictionless,neutral_guarded,1903.13802083333333333333333333333333333333333333333333333333,248.75868055555555555555555555555555555555555555555555555555,55.1459780092592592592592592592592592592592592592592592592594,0,787.523148148148148148148148148148148148148148148148148148152,epsilon-dca
hostile-adaptive-timing-primary,synthetic,hostile-adaptive-timing,deterministic-adversarial-v1,6,0.9,identity-a0-b0,frictionless,corrected_guarded,1884.01046309168654173132800123756576175025285777083256565395,171.61200254850456237823807559587588676385983474441493021847,57.0799486847727326451029975213896624995464341008805878478493,0,777.175717516104223886171378596275025399255349350088028635345,epsilon-dca
hostile-adaptive-timing-primary,synthetic,hostile-adaptive-timing,deterministic-adversarial-v1,6,0.9,identity-a0-b0,proportional-10bps,dca,1698.3016983016983016983016983016983016983016983016983016983,0.000000000000000000000000000000000000000000000000000000001,56.61005661005661005661005661005661005661005661005661005661,5.994005994005994005994005994005994005994005994005994005994,,outside-current-safety-theorem
hostile-adaptive-timing-primary,synthetic,hostile-adaptive-timing,deterministic-adversarial-v1,6,0.9,identity-a0-b0,proportional-10bps,neutral_guarded,1901.397707701873872167395589597485964036152243999927535709,248.662455147898929052430059002571988254718780515832691104557,55.0911750851324981038321843531637991927144487828031614868146,5.74559195289920186907849144954788013161366755193223507382162,787.60197647897810878970003429799828463137854663502044599254,outside-current-safety-theorem
hostile-adaptive-timing-primary,synthetic,hostile-adaptive-timing,deterministic-adversarial-v1,6,0.9,identity-a0-b0,proportional-10bps,corrected_guarded,1882.20614728672268407554323738051899124623854939587778197588,171.540571288856117507690208178428802418393264169906611960499,57.0221858665955522189284343067363396275948428408657056671795,5.822636791919224657834475316505066131450156579250842545494,777.265421396347825448140465445574024454039523515491030105483,outside-current-safety-theorem
hostile-adaptive-timing-primary,synthetic,hostile-adaptive-timing,deterministic-adversarial-v1,6,0.9,identity-a0-b0,fixed-1-usd,dca,1698.3,0,56.61,6,,outside-current-safety-theorem
hostile-adaptive-timing-primary,synthetic,hostile-adaptive-timing,deterministic-adversarial-v1,6,0.9,identity-a0-b0,fixed-1-usd,neutral_guarded,1901.27791666666666666666666666666666666666666666666666666667,248.57194444444444444444444444444444444444444444444444444445,55.090199074074074074074074074074074074074074074074074074074,6,787.671851851851851851851851851851851851851851851851851851853,outside-current-safety-theorem
hostile-adaptive-timing-primary,synthetic,hostile-adaptive-timing,deterministic-adversarial-v1,6,0.9,identity-a0-b0,fixed-1-usd,corrected_guarded,1882.1660464806319059519502921802096582114643016144103172515,171.48382254011192141461976326729669753280360640368839697596,57.0227407980173328179110176304304320226220231736907306758514,6,777.329207073432696130288673211760069158700055012762908406622,outside-current-safety-theorem
hostile-adaptive-timing-primary,synthetic,hostile-adaptive-timing,deterministic-adversarial-v1,6,0.75,identity-a0-b0,frictionless,dca,1700,0,56.6666666666666666666666666666666666666666666666666666666668,0,,epsilon-dca
hostile-adaptive-timing-primary,synthetic,hostile-adaptive-timing,deterministic-adversarial-v1,6,0.75,identity-a0-b0,frictionless,neutral_guarded,2207.84505208333333333333333333333333333333333333333333333334,621.89670138888888888888888888888888888888888888888888888889,52.8649450231481481481481481481481481481481481481481481481483,0,468.807870370370370370370370370370370370370370370370370370367,epsilon-dca
hostile-adaptive-timing-primary,synthetic,hostile-adaptive-timing,deterministic-adversarial-v1,6,0.75,identity-a0-b0,frictionless,corrected_guarded,2143.79306203342399678972899027202600482385091230504535785099,421.16076421500645676685114655881320253644319389927741065801,57.4210765939472513340959281237737600762469239468589315730994,0,452.617486705009853798414958556983091144241644346000562998293,epsilon-dca
hostile-adaptive-timing-primary,synthetic,hostile-adaptive-timing,deterministic-adversarial-v1,6,0.75,identity-a0-b0,proportional-10bps,dca,1698.3016983016983016983016983016983016983016983016983016983,0.000000000000000000000000000000000000000000000000000000001,56.61005661005661005661005661005661005661005661005661005661,5.994005994005994005994005994005994005994005994005994005994,,outside-current-safety-theorem
hostile-adaptive-timing-primary,synthetic,hostile-adaptive-timing,deterministic-adversarial-v1,6,0.75,identity-a0-b0,proportional-10bps,neutral_guarded,2206.04172180213722787103642654116745754292806254727138672502,621.656137869747322631075147506429970636796951289581727761371,52.8128527977463301746653759678245828968710370419229886321217,5.37297089123901366370521963286070932004315988882159667556306,469.00494119744527197425008574499571157844636658755111498135,outside-current-safety-theorem
hostile-adaptive-timing-primary,synthetic,hostile-adaptive-timing,deterministic-adversarial-v1,6,0.75,identity-a0-b0,proportional-10bps,corrected_guarded,2141.990515270650805317169441089254577388917255640704692843,421.052188415728478424626877377160100590570097706266217448643,57.3646108951640775630847521237364825599449052644812825131452,5.57337443714712439717819492769514475465477512716656721533601,452.751972271269339489704065804641273610427574666750686419267,outside-current-safety-theorem
hostile-adaptive-timing-primary,synthetic,hostile-adaptive-timing,deterministic-adversarial-v1,6,0.75,identity-a0-b0,fixed-1-usd,dca,1698.3,0,56.61,6,,outside-current-safety-theorem
hostile-adaptive-timing-primary,synthetic,hostile-adaptive-timing,deterministic-adversarial-v1,6,0.75,identity-a0-b0,fixed-1-usd,neutral_guarded,2205.74479166666666666666666666666666666666666666666666666666,621.42986111111111111111111111111111111111111111111111111111,52.8104976851851851851851851851851851851851851851851851851851,6,469.179629629629629629629629629629629629629629629629629629635,outside-current-safety-theorem
hostile-adaptive-timing-primary,synthetic,hostile-adaptive-timing,deterministic-adversarial-v1,6,0.75,identity-a0-b0,fixed-1-usd,corrected_guarded,2141.93796360153183717321011737933705837120215001482008575547,420.94014826887982995874109342255648445117079764457234017277,57.3665938444217335738156341318926857973343784123415915194234,6,452.878427054919046419984246697916071445542845120284304167097,outside-current-safety-theorem
hostile-adaptive-timing-primary,synthetic,hostile-adaptive-timing,deterministic-adversarial-v1,6,0.5,identity-a0-b0,frictionless,dca,1700,0,56.6666666666666666666666666666666666666666666666666666666668,0,,epsilon-dca
hostile-adaptive-timing-primary,synthetic,hostile-adaptive-timing,deterministic-adversarial-v1,6,0.5,identity-a0-b0,frictionless,neutral_guarded,2428.38541666666666666666666666666666666666666666666666666666,966.14583333333333333333333333333333333333333333333333333333,48.7413194444444444444444444444444444444444444444444444444444,0,138.888888888888888888888888888888888888888888888888888888889,epsilon-dca
hostile-adaptive-timing-primary,synthetic,hostile-adaptive-timing,deterministic-adversarial-v1,6,0.5,identity-a0-b0,frictionless,corrected_guarded,2292.95825314605460063080869168908198759391679536458638727662,629.63660519829725124912087721099797160538858092750332629934,55.444054931591911646056260482602800532950940481236102032576,0,138.888888888888888888888888888888888888888888888888888888889,epsilon-dca
hostile-adaptive-timing-primary,synthetic,hostile-adaptive-timing,deterministic-adversarial-v1,6,0.5,identity-a0-b0,proportional-10bps,dca,1698.3016983016983016983016983016983016983016983016983016983,0.000000000000000000000000000000000000000000000000000000001,56.61005661005661005661005661005661005661005661005661005661,5.994005994005994005994005994005994005994005994005994005994,,outside-current-safety-theorem
hostile-adaptive-timing-primary,synthetic,hostile-adaptive-timing,deterministic-adversarial-v1,6,0.5,identity-a0-b0,proportional-10bps,neutral_guarded,2426.92515245743267721289699311677333655355633377611399589421,966.140630203130203130203130203130203130203130203130203130201,48.6928174084767491360897954304547711141117734524327930921336,5.02883053925761218468511175803883096590389297682004974712267,138.916638916638916638916638916638916638916638916638916638917,outside-current-safety-theorem
hostile-adaptive-timing-primary,synthetic,hostile-adaptive-timing,deterministic-adversarial-v1,6,0.5,identity-a0-b0,proportional-10bps,corrected_guarded,2291.29715199406690332954647433987988285140244222986803818643,629.633810238976633703907444626475495462990511682887793031111,55.3887780585030089875213009904468129129470643515660081718439,5.36500118857245091538071184352999451002698250581130090606281,138.916638916638916638916638916638916638916638916638916638917,outside-current-safety-theorem
hostile-adaptive-timing-primary,synthetic,hostile-adaptive-timing,deterministic-adversarial-v1,6,0.5,identity-a0-b0,fixed-1-usd,dca,1698.3,0,56.61,6,,outside-current-safety-theorem
hostile-adaptive-timing-primary,synthetic,hostile-adaptive-timing,deterministic-adversarial-v1,6,0.5,identity-a0-b0,fixed-1-usd,neutral_guarded,2426.68645833333333333333333333333333333333333333333333333334,966.13541666666666666666666666666666666666666666666666666667,48.6850347222222222222222222222222222222222222222222222222223,6,138.944444444444444444444444444444444444444444444444444444444,outside-current-safety-theorem
hostile-adaptive-timing-primary,synthetic,hostile-adaptive-timing,deterministic-adversarial-v1,6,0.5,identity-a0-b0,fixed-1-usd,corrected_guarded,2291.25937864996892135347226189346560948295466107383530684886,629.63100968973737492360358517678397436830764629978302869635,55.3876122986743848809956225572227211704882338258017426050838,6,138.944444444444444444444444444444444444444444444444444444444,outside-current-safety-theorem
hostile-adaptive-timing-design-iteration,synthetic,adversarial-design-iteration,deterministic-adversarial-v1,6,1,identity-a0-b0,frictionless,dca,2722.72727272727272727272727272727272727272727272727272727273,0,90.7575757575757575757575757575757575757575757575757575757576,0,,epsilon-dca
hostile-adaptive-timing-design-iteration,synthetic,adversarial-design-iteration,deterministic-adversarial-v1,6,1,identity-a0-b0,frictionless,neutral_guarded,2722.72727272727272727272727272727272727272727272727272727273,0,90.7575757575757575757575757575757575757575757575757575757576,0,1000,epsilon-dca
hostile-adaptive-timing-design-iteration,synthetic,adversarial-design-iteration,deterministic-adversarial-v1,6,1,identity-a0-b0,frictionless,corrected_guarded,2722.72727272727272727272727272727272727272727272727272727273,0,90.7575757575757575757575757575757575757575757575757575757576,0,1000,epsilon-dca
hostile-adaptive-timing-design-iteration,synthetic,adversarial-design-iteration,deterministic-adversarial-v1,6,1,identity-a0-b0,proportional-10bps,dca,2720.0072654618109163563709018254472799927345381890836436291,0.000000000000000000000000000000000000000000000000000000001,90.6669088487270305452123633941815759997578179396361214543032,5.994005994005994005994005994005994005994005994005994005994,,outside-current-safety-theorem
hostile-adaptive-timing-design-iteration,synthetic,adversarial-design-iteration,deterministic-adversarial-v1,6,1,identity-a0-b0,proportional-10bps,neutral_guarded,2720.0072654618109163563709018254472799927345381890836436291,0.000000000000000000000000000000000000000000000000000000001,90.6669088487270305452123633941815759997578179396361214543032,5.994005994005994005994005994005994005994005994005994005994,1000,outside-current-safety-theorem
hostile-adaptive-timing-design-iteration,synthetic,adversarial-design-iteration,deterministic-adversarial-v1,6,1,identity-a0-b0,proportional-10bps,corrected_guarded,2720.0072654618109163563709018254472799927345381890836436291,0.000000000000000000000000000000000000000000000000000000001,90.6669088487270305452123633941815759997578179396361214543032,5.994005994005994005994005994005994005994005994005994005994,1000,outside-current-safety-theorem
hostile-adaptive-timing-design-iteration,synthetic,adversarial-design-iteration,deterministic-adversarial-v1,6,1,identity-a0-b0,fixed-1-usd,dca,2720.00454545454545454545454545454545454545454545454545454545,0,90.6668181818181818181818181818181818181818181818181818181818,6,,outside-current-safety-theorem
hostile-adaptive-timing-design-iteration,synthetic,adversarial-design-iteration,deterministic-adversarial-v1,6,1,identity-a0-b0,fixed-1-usd,neutral_guarded,2720.00454545454545454545454545454545454545454545454545454545,0,90.6668181818181818181818181818181818181818181818181818181818,6,1000,outside-current-safety-theorem
hostile-adaptive-timing-design-iteration,synthetic,adversarial-design-iteration,deterministic-adversarial-v1,6,1,identity-a0-b0,fixed-1-usd,corrected_guarded,2720.00454545454545454545454545454545454545454545454545454545,0,90.6668181818181818181818181818181818181818181818181818181818,6,1000,outside-current-safety-theorem
hostile-adaptive-timing-design-iteration,synthetic,adversarial-design-iteration,deterministic-adversarial-v1,6,0.9,identity-a0-b0,frictionless,dca,2722.72727272727272727272727272727272727272727272727272727273,0,90.7575757575757575757575757575757575757575757575757575757576,0,,epsilon-dca
hostile-adaptive-timing-design-iteration,synthetic,adversarial-design-iteration,deterministic-adversarial-v1,6,0.9,identity-a0-b0,frictionless,neutral_guarded,2928.28409090909090909090909090909090909090909090909090909091,273.04545454545454545454545454545454545454545454545454545455,88.5079545454545454545454545454545454545454545454545454545454,0,773.113636363636363636363636363636363636363636363636363636363,epsilon-dca
hostile-adaptive-timing-design-iteration,synthetic,adversarial-design-iteration,deterministic-adversarial-v1,6,0.9,identity-a0-b0,frictionless,corrected_guarded,2988.98529769135828200476145602906156818935979207289842632406,215.22995518709391604152261317404888310713875920465355126667,92.4585114168088121987746280951670895027407010956081625019131,0,745.269147152049389868772320856007213032186202489695540805597,epsilon-dca
hostile-adaptive-timing-design-iteration,synthetic,adversarial-design-iteration,deterministic-adversarial-v1,6,0.9,identity-a0-b0,proportional-10bps,dca,2720.0072654618109163563709018254472799927345381890836436291,0.000000000000000000000000000000000000000000000000000000001,90.6669088487270305452123633941815759997578179396361214543032,5.994005994005994005994005994005994005994005994005994005994,,outside-current-safety-theorem
hostile-adaptive-timing-design-iteration,synthetic,adversarial-design-iteration,deterministic-adversarial-v1,6,0.9,identity-a0-b0,proportional-10bps,neutral_guarded,2925.51336691268321695724523947331955439315222877433460512536,272.923351118056640061285159481201100591460291321816891239837,88.4196671931542192298653359997372817933897312484172571295172,5.721355293588355004933781059459339559848691017660522586174,773.210190534119772104364944271920970797457818247709373678385,outside-current-safety-theorem
hostile-adaptive-timing-design-iteration,synthetic,adversarial-design-iteration,deterministic-adversarial-v1,6,0.9,identity-a0-b0,proportional-10bps,corrected_guarded,2986.01975043927960495954702810214140356977131395824068048169,215.114077319319543286981097834998534589498743693552746610884,92.3635224373320020557521976755714289660090856754895977956936,5.77910681586481564107194695520979167373676449181463262076833,745.398032770827637845261696524214629879047447838879170601678,outside-current-safety-theorem
hostile-adaptive-timing-design-iteration,synthetic,adversarial-design-iteration,deterministic-adversarial-v1,6,0.9,identity-a0-b0,fixed-1-usd,dca,2720.00454545454545454545454545454545454545454545454545454545,0,90.6668181818181818181818181818181818181818181818181818181818,6,,outside-current-safety-theorem
hostile-adaptive-timing-design-iteration,synthetic,adversarial-design-iteration,deterministic-adversarial-v1,6,0.9,identity-a0-b0,fixed-1-usd,neutral_guarded,2925.38007954545454545454545454545454545454545454545454545454,272.82913636363636363636363636363636363636363636363636363636,88.4183647727272727272727272727272727272727272727272727272727,6,773.279896464646464646464646464646464646464646464646464646465,outside-current-safety-theorem
hostile-adaptive-timing-design-iteration,synthetic,adversarial-design-iteration,deterministic-adversarial-v1,6,0.9,identity-a0-b0,fixed-1-usd,corrected_guarded,2986.04222202174087563989201214315047210439848229578128903848,215.06304814331709081579823420002188722439307055029051987419,92.3659724626141261608031259314376194960001803915163589721431,6,745.449874446853800499383602243036487542816735946936517349903,outside-current-safety-theorem
hostile-adaptive-timing-design-iteration,synthetic,adversarial-design-iteration,deterministic-adversarial-v1,6,0.75,identity-a0-b0,frictionless,dca,2722.72727272727272727272727272727272727272727272727272727273,0,90.7575757575757575757575757575757575757575757575757575757576,0,,epsilon-dca
hostile-adaptive-timing-design-iteration,synthetic,adversarial-design-iteration,deterministic-adversarial-v1,6,0.75,identity-a0-b0,frictionless,neutral_guarded,3198.4375,660.79545454545454545454545454545454545454545454545454545454,84.5880681818181818181818181818181818181818181818181818181819,0,452.178030303030303030303030303030303030303030303030303030302,epsilon-dca
hostile-adaptive-timing-design-iteration,synthetic,adversarial-design-iteration,deterministic-adversarial-v1,6,0.75,identity-a0-b0,frictionless,corrected_guarded,3249.83778305498524497524378855761481321453063037627356046782,482.70797472696724606446779902067290158271351689572433405821,92.237660277600599963692532984564730387727237116018307546987,0,425.885457845135033173065576438503867775330146775588376153352,epsilon-dca
hostile-adaptive-timing-design-iteration,synthetic,adversarial-design-iteration,deterministic-adversarial-v1,6,0.75,identity-a0-b0,proportional-10bps,dca,2720.0072654618109163563709018254472799927345381890836436291,0.000000000000000000000000000000000000000000000000000000001,90.6669088487270305452123633941815759997578179396361214543032,5.994005994005994005994005994005994005994005994005994005994,,outside-current-safety-theorem
hostile-adaptive-timing-design-iteration,synthetic,adversarial-design-iteration,deterministic-adversarial-v1,6,0.75,identity-a0-b0,proportional-10bps,neutral_guarded,3195.80881329137523183075542945648311711570726338467449490956,660.593158725654767689291970839957953109172883040738098132882,84.507188485524015471382115287217505466884479344797879892556,5.33407276850583939291779023892112092596486225470455734452259,452.319863994377580902732286601376341019104062043352311737063,outside-current-safety-theorem
hostile-adaptive-timing-design-iteration,synthetic,adversarial-design-iteration,deterministic-adversarial-v1,6,0.75,identity-a0-b0,proportional-10bps,corrected_guarded,3246.94564875183910803572343774646491316575782285283714132581,482.528611314052332614234096644229398071744728668019833306314,92.1472345812595591807163113700745171698004364728272436006501,5.51195942925669097640935654680896164028796730402795221447921,426.059452561078488157236058110914574726116965157448777236707,outside-current-safety-theorem
hostile-adaptive-timing-design-iteration,synthetic,adversarial-design-iteration,deterministic-adversarial-v1,6,0.75,identity-a0-b0,fixed-1-usd,dca,2720.00454545454545454545454545454545454545454545454545454545,0,90.6668181818181818181818181818181818181818181818181818181818,6,,outside-current-safety-theorem
hostile-adaptive-timing-design-iteration,synthetic,adversarial-design-iteration,deterministic-adversarial-v1,6,0.75,identity-a0-b0,fixed-1-usd,neutral_guarded,3195.55071022727272727272727272727272727272727272727272727273,660.41988636363636363636363636363636363636363636363636363637,84.5043607954545454545454545454545454545454545454545454545454,6,452.44681186868686868686868686868686868686868686868686868687,outside-current-safety-theorem
hostile-adaptive-timing-design-iteration,synthetic,adversarial-design-iteration,deterministic-adversarial-v1,6,0.75,identity-a0-b0,fixed-1-usd,corrected_guarded,3246.93956342716455970403381312890060050054233841683713456764,482.44073146973259078151809756910313336999727902323615381925,92.1499610652477322974171905186599155710181686464533660249464,6,426.167347597170992114977222632402955181298675757175344133305,outside-current-safety-theorem
hostile-adaptive-timing-design-iteration,synthetic,adversarial-design-iteration,deterministic-adversarial-v1,6,0.5,identity-a0-b0,frictionless,dca,2722.72727272727272727272727272727272727272727272727272727273,0,90.7575757575757575757575757575757575757575757575757575757576,0,,epsilon-dca
hostile-adaptive-timing-design-iteration,synthetic,adversarial-design-iteration,deterministic-adversarial-v1,6,0.5,identity-a0-b0,frictionless,neutral_guarded,3309.58806818181818181818181818181818181818181818181818181819,962.78409090909090909090909090909090909090909090909090909091,78.2267992424242424242424242424242424242424242424242424242425,0,145.454545454545454545454545454545454545454545454545454545455,epsilon-dca
hostile-adaptive-timing-design-iteration,synthetic,adversarial-design-iteration,deterministic-adversarial-v1,6,0.5,identity-a0-b0,frictionless,corrected_guarded,3341.64316255211689634316049695484492297945415483514654316223,645.29437335129504084749018663102113594723667978147194187671,89.8782929733607285165223436774607929010739158351224867095174,0,142.885264577554344453055285160709005776504320444355365036837,epsilon-dca
hostile-adaptive-timing-design-iteration,synthetic,adversarial-design-iteration,deterministic-adversarial-v1,6,0.5,identity-a0-b0,proportional-10bps,dca,2720.0072654618109163563709018254472799927345381890836436291,0.000000000000000000000000000000000000000000000000000000001,90.6669088487270305452123633941815759997578179396361214543032,5.994005994005994005994005994005994005994005994005994005994,,outside-current-safety-theorem
hostile-adaptive-timing-design-iteration,synthetic,adversarial-design-iteration,deterministic-adversarial-v1,6,0.5,identity-a0-b0,proportional-10bps,neutral_guarded,3307.25124097108418413305516031143868024088883966450773451783,962.725479072058628865458399560660935649583365503808696979166,78.1508587299675185089198920250259248197101824720233012512887,5.0322422786492920790554861143250140503001165179782130899309,145.551425839319763577324198521183354531824243930319672759052,outside-current-safety-theorem
hostile-adaptive-timing-design-iteration,synthetic,adversarial-design-iteration,deterministic-adversarial-v1,6,0.5,identity-a0-b0,proportional-10bps,corrected_guarded,3338.95085587045222802927744644821736881580259364535368719833,645.26058565070020277873453187436482831376995063959098597332,89.7896756739917341750180971524617513500677547668587567075002,5.34939002432497482239886660152411106062560444491549352050616,142.986232716213070004284969080330919853975927206454510965729,outside-current-safety-theorem
hostile-adaptive-timing-design-iteration,synthetic,adversarial-design-iteration,deterministic-adversarial-v1,6,0.5,identity-a0-b0,fixed-1-usd,dca,2720.00454545454545454545454545454545454545454545454545454545,0,90.6668181818181818181818181818181818181818181818181818181818,6,,outside-current-safety-theorem
hostile-adaptive-timing-design-iteration,synthetic,adversarial-design-iteration,deterministic-adversarial-v1,6,0.5,identity-a0-b0,fixed-1-usd,neutral_guarded,3306.8803740530303030303030303030303030303030303030303030303,962.67433712121212121212121212121212121212121212121212121212,78.140201231060606060606060606060606060606060606060606060606,6,145.638383838383838383838383838383838383838383838383838383838,outside-current-safety-theorem
hostile-adaptive-timing-design-iteration,synthetic,adversarial-design-iteration,deterministic-adversarial-v1,6,0.5,identity-a0-b0,fixed-1-usd,corrected_guarded,3338.92331680986222063018160563662293657289025774960597992119,645.2330541715725357856961986482988564328532068374185554698,89.789675421276322828149513566277469338001235030406247481713,6,143.072151128036870562664680774880799251049126887335076107331,outside-current-safety-theorem
two-purchase-exact-boundary,synthetic,exact-rational-regression,deterministic-adversarial-v1,2,1,identity-a0-b0,frictionless,dca,2250,0,1500,0,,epsilon-dca
two-purchase-exact-boundary,synthetic,exact-rational-regression,deterministic-adversarial-v1,2,1,identity-a0-b0,frictionless,neutral_guarded,2250,0,1500,0,1000,epsilon-dca
two-purchase-exact-boundary,synthetic,exact-rational-regression,deterministic-adversarial-v1,2,1,identity-a0-b0,frictionless,corrected_guarded,2250,0,1500,0,1000,epsilon-dca
two-purchase-exact-boundary,synthetic,exact-rational-regression,deterministic-adversarial-v1,2,1,identity-a0-b0,proportional-10bps,dca,2247.75224775224775224775224775224775224775224775224775224775,0.000000000000000000000000000000000000000000000000000000001,1498.5014985014985014985014985014985014985014985014985014985,1.998001998001998001998001998001998001998001998001998001998,,outside-current-safety-theorem
two-purchase-exact-boundary,synthetic,exact-rational-regression,deterministic-adversarial-v1,2,1,identity-a0-b0,proportional-10bps,neutral_guarded,2247.75224775224775224775224775224775224775224775224775224775,0.000000000000000000000000000000000000000000000000000000001,1498.5014985014985014985014985014985014985014985014985014985,1.998001998001998001998001998001998001998001998001998001998,1000,outside-current-safety-theorem
two-purchase-exact-boundary,synthetic,exact-rational-regression,deterministic-adversarial-v1,2,1,identity-a0-b0,proportional-10bps,corrected_guarded,2247.75224775224775224775224775224775224775224775224775224775,0.000000000000000000000000000000000000000000000000000000001,1498.5014985014985014985014985014985014985014985014985014985,1.998001998001998001998001998001998001998001998001998001998,1000,outside-current-safety-theorem
two-purchase-exact-boundary,synthetic,exact-rational-regression,deterministic-adversarial-v1,2,1,identity-a0-b0,fixed-1-usd,dca,2247.75,0,1498.5,2,,outside-current-safety-theorem
two-purchase-exact-boundary,synthetic,exact-rational-regression,deterministic-adversarial-v1,2,1,identity-a0-b0,fixed-1-usd,neutral_guarded,2247.75,0,1498.5,2,1000,outside-current-safety-theorem
two-purchase-exact-boundary,synthetic,exact-rational-regression,deterministic-adversarial-v1,2,1,identity-a0-b0,fixed-1-usd,corrected_guarded,2247.75,0,1498.5,2,1000,outside-current-safety-theorem
two-purchase-exact-boundary,synthetic,exact-rational-regression,deterministic-adversarial-v1,2,0.9,identity-a0-b0,frictionless,dca,2250,0,1500,0,,epsilon-dca
two-purchase-exact-boundary,synthetic,exact-rational-regression,deterministic-adversarial-v1,2,0.9,identity-a0-b0,frictionless,neutral_guarded,2243.75,125,1412.5,0,850,epsilon-dca
two-purchase-exact-boundary,synthetic,exact-rational-regression,deterministic-adversarial-v1,2,0.9,identity-a0-b0,frictionless,corrected_guarded,2254.16666666666666666666666666666666666666666666666666666667,166.666666666666666666666666666666666666666666666666666666667,1391.66666666666666666666666666666666666666666666666666666667,0,850,epsilon-dca
two-purchase-exact-boundary,synthetic,exact-rational-regression,deterministic-adversarial-v1,2,0.9,identity-a0-b0,proportional-10bps,dca,2247.75224775224775224775224775224775224775224775224775224775,0.000000000000000000000000000000000000000000000000000000001,1498.5014985014985014985014985014985014985014985014985014985,1.998001998001998001998001998001998001998001998001998001998,,outside-current-safety-theorem
two-purchase-exact-boundary,synthetic,exact-rational-regression,deterministic-adversarial-v1,2,0.9,identity-a0-b0,proportional-10bps,neutral_guarded,2241.62084169576677069184561692054199546707039214531722024229,124.950049950049950049950049950049950049950049950049950049951,1411.11386116381121376126371131366136361141356146351151346156,1.87317677327667337657347647357637367627377617387607397597407,850.04995004995004995004995004995004995004995004995004995005,outside-current-safety-theorem
two-purchase-exact-boundary,synthetic,exact-rational-regression,deterministic-adversarial-v1,2,0.9,identity-a0-b0,proportional-10bps,corrected_guarded,2252.06455216445226435236425246415256405266395276385286375296,166.6000666000666000666000666000666000666000666000666000666,1390.30965704292377619050945724272397599070925744252417579091,1.83156836503489850143196796543449890103236756583409930063277,850.04995004995004995004995004995004995004995004995004995005,outside-current-safety-theorem
two-purchase-exact-boundary,synthetic,exact-rational-regression,deterministic-adversarial-v1,2,0.9,identity-a0-b0,fixed-1-usd,dca,2247.75,0,1498.5,2,,outside-current-safety-theorem
two-purchase-exact-boundary,synthetic,exact-rational-regression,deterministic-adversarial-v1,2,0.9,identity-a0-b0,fixed-1-usd,neutral_guarded,2241.475,124.9,1411.05,2,850.1,outside-current-safety-theorem
two-purchase-exact-boundary,synthetic,exact-rational-regression,deterministic-adversarial-v1,2,0.9,identity-a0-b0,fixed-1-usd,corrected_guarded,2251.88333333333333333333333333333333333333333333333333333333,166.533333333333333333333333333333333333333333333333333333333,1390.23333333333333333333333333333333333333333333333333333333,2,850.1,outside-current-safety-theorem
two-purchase-exact-boundary,synthetic,exact-rational-regression,deterministic-adversarial-v1,2,0.75,identity-a0-b0,frictionless,dca,2250,0,1500,0,,epsilon-dca
two-purchase-exact-boundary,synthetic,exact-rational-regression,deterministic-adversarial-v1,2,0.75,identity-a0-b0,frictionless,neutral_guarded,2234.375,312.5,1281.25,0,625,epsilon-dca
two-purchase-exact-boundary,synthetic,exact-rational-regression,deterministic-adversarial-v1,2,0.75,identity-a0-b0,frictionless,corrected_guarded,2260.41666666666666666666666666666666666666666666666666666667,416.666666666666666666666666666666666666666666666666666666667,1229.16666666666666666666666666666666666666666666666666666667,0,625,epsilon-dca
two-purchase-exact-boundary,synthetic,exact-rational-regression,deterministic-adversarial-v1,2,0.75,identity-a0-b0,proportional-10bps,dca,2247.75224775224775224775224775224775224775224775224775224775,0.000000000000000000000000000000000000000000000000000000001,1498.5014985014985014985014985014985014985014985014985014985,1.998001998001998001998001998001998001998001998001998001998,,outside-current-safety-theorem
two-purchase-exact-boundary,synthetic,exact-rational-regression,deterministic-adversarial-v1,2,0.75,identity-a0-b0,proportional-10bps,neutral_guarded,2232.42373261104529835798567067298336029604760873492142223412,312.375124875124875124875124875124875124875124875124875124876,1280.03240515728028215540703053190565678078165590653103140616,1.68593893618868643843668818693793718768743743768718793693818,625.124875124875124875124875124875124875124875124875124875125,outside-current-safety-theorem
two-purchase-exact-boundary,synthetic,exact-rational-regression,deterministic-adversarial-v1,2,0.75,identity-a0-b0,proportional-10bps,corrected_guarded,2258.53300878275903250928225953200978176003151028126053101078,416.5001665001665001665001665001665001665001665001665001665,1228.02189485506168822852139535456218772902089585406268722952,1.58191791558424925058291691658325024958391591758225124858491,625.124875124875124875124875124875124875124875124875124875125,outside-current-safety-theorem
two-purchase-exact-boundary,synthetic,exact-rational-regression,deterministic-adversarial-v1,2,0.75,identity-a0-b0,fixed-1-usd,dca,2247.75,0,1498.5,2,,outside-current-safety-theorem
two-purchase-exact-boundary,synthetic,exact-rational-regression,deterministic-adversarial-v1,2,0.75,identity-a0-b0,fixed-1-usd,neutral_guarded,2232.0625,312.25,1279.875,2,625.25,outside-current-safety-theorem
two-purchase-exact-boundary,synthetic,exact-rational-regression,deterministic-adversarial-v1,2,0.75,identity-a0-b0,fixed-1-usd,corrected_guarded,2258.08333333333333333333333333333333333333333333333333333333,416.333333333333333333333333333333333333333333333333333333334,1227.83333333333333333333333333333333333333333333333333333333,2,625.25,outside-current-safety-theorem
two-purchase-exact-boundary,synthetic,exact-rational-regression,deterministic-adversarial-v1,2,0.5,identity-a0-b0,frictionless,dca,2250,0,1500,0,,epsilon-dca
two-purchase-exact-boundary,synthetic,exact-rational-regression,deterministic-adversarial-v1,2,0.5,identity-a0-b0,frictionless,neutral_guarded,2218.75,625,1062.5,0,250,epsilon-dca
two-purchase-exact-boundary,synthetic,exact-rational-regression,deterministic-adversarial-v1,2,0.5,identity-a0-b0,frictionless,corrected_guarded,2270.83333333333333333333333333333333333333333333333333333333,833.333333333333333333333333333333333333333333333333333333334,958.333333333333333333333333333333333333333333333333333333333,0,250,epsilon-dca
two-purchase-exact-boundary,synthetic,exact-rational-regression,deterministic-adversarial-v1,2,0.5,identity-a0-b0,proportional-10bps,dca,2247.75224775224775224775224775224775224775224775224775224775,0.000000000000000000000000000000000000000000000000000000001,1498.5014985014985014985014985014985014985014985014985014985,1.998001998001998001998001998001998001998001998001998001998,,outside-current-safety-theorem
two-purchase-exact-boundary,synthetic,exact-rational-regression,deterministic-adversarial-v1,2,0.5,identity-a0-b0,proportional-10bps,neutral_guarded,2217.09521746984284446821909359371896834434296971759509222047,624.750249750249750249750249750249750249750249750249750249751,1061.56331181306206281231256256231281206306181331156356131381,1.37387587437537487487537437587387637337687287737237787187837,250.24975024975024975024975024975024975024975024975024975025,outside-current-safety-theorem
two-purchase-exact-boundary,synthetic,exact-rational-regression,deterministic-adversarial-v1,2,0.5,identity-a0-b0,proportional-10bps,corrected_guarded,2269.31376981327031277081227131177181127231077281027330977381,833.000333000333000333000333000333000333000333000333000333,957.542291208624874958541292207625873959540293206626872960538,1.16583383316650049916783183516450249716982983716250449517183,250.24975024975024975024975024975024975024975024975024975025,outside-current-safety-theorem
two-purchase-exact-boundary,synthetic,exact-rational-regression,deterministic-adversarial-v1,2,0.5,identity-a0-b0,fixed-1-usd,dca,2247.75,0,1498.5,2,,outside-current-safety-theorem
two-purchase-exact-boundary,synthetic,exact-rational-regression,deterministic-adversarial-v1,2,0.5,identity-a0-b0,fixed-1-usd,neutral_guarded,2216.375,624.5,1061.25,2,250.5,outside-current-safety-theorem
two-purchase-exact-boundary,synthetic,exact-rational-regression,deterministic-adversarial-v1,2,0.5,identity-a0-b0,fixed-1-usd,corrected_guarded,2268.41666666666666666666666666666666666666666666666666666667,832.666666666666666666666666666666666666666666666666666666667,957.166666666666666666666666666666666666666666666666666666666,2,250.5,outside-current-safety-theorem
three-purchase-exact-boundary,synthetic,exact-rational-regression,deterministic-adversarial-v1,3,1,identity-a0-b0,frictionless,dca,4083.333333333333333333333333333333333333333333333275,0,1750,0,,epsilon-dca
three-purchase-exact-boundary,synthetic,exact-rational-regression,deterministic-adversarial-v1,3,1,identity-a0-b0,frictionless,neutral_guarded,4083.333333333333333333333333333333333333333333333275,0,1750,0,1000,epsilon-dca
three-purchase-exact-boundary,synthetic,exact-rational-regression,deterministic-adversarial-v1,3,1,identity-a0-b0,frictionless,corrected_guarded,4083.333333333333333333333333333333333333333333333275,0,1750,0,1000,epsilon-dca
three-purchase-exact-boundary,synthetic,exact-rational-regression,deterministic-adversarial-v1,3,1,identity-a0-b0,proportional-10bps,dca,4079.25407925407925407925407925407925407925407925402097902097,0.000000000000000000000000000000000000000000000000000000001,1748.25174825174825174825174825174825174825174825174825174825,2.997002997002997002997002997002997002997002997002997002997,,outside-current-safety-theorem
three-purchase-exact-boundary,synthetic,exact-rational-regression,deterministic-adversarial-v1,3,1,identity-a0-b0,proportional-10bps,neutral_guarded,4079.25407925407925407925407925407925407925407925402097902097,0.000000000000000000000000000000000000000000000000000000001,1748.25174825174825174825174825174825174825174825174825174825,2.997002997002997002997002997002997002997002997002997002997,1000,outside-current-safety-theorem
three-purchase-exact-boundary,synthetic,exact-rational-regression,deterministic-adversarial-v1,3,1,identity-a0-b0,proportional-10bps,corrected_guarded,4079.25407925407925407925407925407925407925407925402097902097,0.000000000000000000000000000000000000000000000000000000001,1748.25174825174825174825174825174825174825174825174825174825,2.997002997002997002997002997002997002997002997002997002997,1000,outside-current-safety-theorem
three-purchase-exact-boundary,synthetic,exact-rational-regression,deterministic-adversarial-v1,3,1,identity-a0-b0,fixed-1-usd,dca,4079.249999999999999999999999999999999999999999999941725,0,1748.25,3,,outside-current-safety-theorem
three-purchase-exact-boundary,synthetic,exact-rational-regression,deterministic-adversarial-v1,3,1,identity-a0-b0,fixed-1-usd,neutral_guarded,4079.249999999999999999999999999999999999999999999941725,0,1748.25,3,1000,outside-current-safety-theorem
three-purchase-exact-boundary,synthetic,exact-rational-regression,deterministic-adversarial-v1,3,1,identity-a0-b0,fixed-1-usd,corrected_guarded,4079.249999999999999999999999999999999999999999999941725,0,1748.25,3,1000,outside-current-safety-theorem
three-purchase-exact-boundary,synthetic,exact-rational-regression,deterministic-adversarial-v1,3,0.9,identity-a0-b0,frictionless,dca,4083.333333333333333333333333333333333333333333333275,0,1750,0,,epsilon-dca
three-purchase-exact-boundary,synthetic,exact-rational-regression,deterministic-adversarial-v1,3,0.9,identity-a0-b0,frictionless,neutral_guarded,4067.7083333333333333333333333333333333333333333332778125,181.25,1665.625,0,804.166666666666666666666666666666666666666666666666666666667,epsilon-dca
three-purchase-exact-boundary,synthetic,exact-rational-regression,deterministic-adversarial-v1,3,0.9,identity-a0-b0,frictionless,corrected_guarded,4124.583333333333333333333333333333333333333333333277375,207.5,1678.75,0,821.666666666666666666666666666666666666666666666666666666667,epsilon-dca
three-purchase-exact-boundary,synthetic,exact-rational-regression,deterministic-adversarial-v1,3,0.9,identity-a0-b0,proportional-10bps,dca,4079.25407925407925407925407925407925407925407925402097902097,0.000000000000000000000000000000000000000000000000000000001,1748.25174825174825174825174825174825174825174825174825174825,2.997002997002997002997002997002997002997002997002997002997,,outside-current-safety-theorem
three-purchase-exact-boundary,synthetic,exact-rational-regression,deterministic-adversarial-v1,3,0.9,identity-a0-b0,proportional-10bps,neutral_guarded,4063.77891170188034163219816727148556158706847179208426691065,181.181293731243781193831143881093931043980994030944080894131,1663.97040770170138304501443859588212737560891904051242215576,2.81600270356519102777839046565325281613987912684221370540046,804.245770879137512504145870779237412604045970679337312703947,outside-current-safety-theorem
three-purchase-exact-boundary,synthetic,exact-rational-regression,deterministic-adversarial-v1,3,0.9,identity-a0-b0,proportional-10bps,corrected_guarded,4120.58652964090184212719020568513732692211556005099523133804,207.442517522437602357682277762197842117922038001958081878162,1677.06171947934181704407482625268835063036865230675416493594,2.78976771476279959804427344878901314473734062137666525286897,821.71830833169494508155846817185478524139862801201462540124,outside-current-safety-theorem
three-purchase-exact-boundary,synthetic,exact-rational-regression,deterministic-adversarial-v1,3,0.9,identity-a0-b0,fixed-1-usd,dca,4079.249999999999999999999999999999999999999999999941725,0,1748.25,3,,outside-current-safety-theorem
three-purchase-exact-boundary,synthetic,exact-rational-regression,deterministic-adversarial-v1,3,0.9,identity-a0-b0,fixed-1-usd,neutral_guarded,4063.53749999999999999999999999999999999999999999994453625,181.075,1663.9125,3,804.35,outside-current-safety-theorem
three-purchase-exact-boundary,synthetic,exact-rational-regression,deterministic-adversarial-v1,3,0.9,identity-a0-b0,fixed-1-usd,corrected_guarded,4120.34749999999999999999999999999999999999999999994409925,207.295,1677.0225,3,821.83,outside-current-safety-theorem
three-purchase-exact-boundary,synthetic,exact-rational-regression,deterministic-adversarial-v1,3,0.75,identity-a0-b0,frictionless,dca,4083.333333333333333333333333333333333333333333333275,0,1750,0,,epsilon-dca
three-purchase-exact-boundary,synthetic,exact-rational-regression,deterministic-adversarial-v1,3,0.75,identity-a0-b0,frictionless,neutral_guarded,4044.27083333333333333333333333333333333333333333328203125,453.125,1539.0625,0,510.416666666666666666666666666666666666666666666666666666667,epsilon-dca
three-purchase-exact-boundary,synthetic,exact-rational-regression,deterministic-adversarial-v1,3,0.75,identity-a0-b0,frictionless,corrected_guarded,4186.4583333333333333333333333333333333333333333332809375,518.75,1571.875,0,554.166666666666666666666666666666666666666666666666666666667,epsilon-dca
three-purchase-exact-boundary,synthetic,exact-rational-regression,deterministic-adversarial-v1,3,0.75,identity-a0-b0,proportional-10bps,dca,4079.25407925407925407925407925407925407925407925402097902097,0.000000000000000000000000000000000000000000000000000000001,1748.25174825174825174825174825174825174825174825174825174825,2.997002997002997002997002997002997002997002997002997002997,,outside-current-safety-theorem
three-purchase-exact-boundary,synthetic,exact-rational-regression,deterministic-adversarial-v1,3,0.75,identity-a0-b0,proportional-10bps,neutral_guarded,4040.56616037358197296161429929759502284879006059917919874512,452.953234328109452984577859702734827609952485077360202235333,1537.54839687663107999015847411208294081664467522365867776701,2.54450226340848206495047166862863653585419332160103875900566,510.61442719784378126036467694809353151011492669834328175986,outside-current-safety-theorem
three-purchase-exact-boundary,synthetic,exact-rational-regression,deterministic-adversarial-v1,3,0.75,identity-a0-b0,proportional-10bps,corrected_guarded,4182.58520522113572419909439533172443618640778124645660981365,518.606293806094005894205694405494605294805095004895204695409,1570.27667632073216498780944325409849895354400838926303471748,2.47891479140250349061517912646803735734784705793716762767691,554.295770829237362703896170429636963103496570030036563503097,outside-current-safety-theorem
three-purchase-exact-boundary,synthetic,exact-rational-regression,deterministic-adversarial-v1,3,0.75,identity-a0-b0,fixed-1-usd,dca,4079.249999999999999999999999999999999999999999999941725,0,1748.25,3,,outside-current-safety-theorem
three-purchase-exact-boundary,synthetic,exact-rational-regression,deterministic-adversarial-v1,3,0.75,identity-a0-b0,fixed-1-usd,neutral_guarded,4039.968749999999999999999999999999999999999999999948753125,452.6875,1537.40625,3,510.875,outside-current-safety-theorem
three-purchase-exact-boundary,synthetic,exact-rational-regression,deterministic-adversarial-v1,3,0.75,identity-a0-b0,fixed-1-usd,corrected_guarded,4181.993749999999999999999999999999999999999999999947660625,518.2375,1570.18125,3,554.575,outside-current-safety-theorem
three-purchase-exact-boundary,synthetic,exact-rational-regression,deterministic-adversarial-v1,3,0.5,identity-a0-b0,frictionless,dca,4083.333333333333333333333333333333333333333333333275,0,1750,0,,epsilon-dca
three-purchase-exact-boundary,synthetic,exact-rational-regression,deterministic-adversarial-v1,3,0.5,identity-a0-b0,frictionless,neutral_guarded,3874.99999999999999999999999999999999999999999999995625,812.5,1312.5,0,166.666666666666666666666666666666666666666666666666666666667,epsilon-dca
three-purchase-exact-boundary,synthetic,exact-rational-regression,deterministic-adversarial-v1,3,0.5,identity-a0-b0,frictionless,corrected_guarded,4072.916666666666666666666666666666666666666666666621875,937.5,1343.75,0,208.333333333333333333333333333333333333333333333333333333333,epsilon-dca
three-purchase-exact-boundary,synthetic,exact-rational-regression,deterministic-adversarial-v1,3,0.5,identity-a0-b0,proportional-10bps,dca,4079.25407925407925407925407925407925407925407925402097902097,0.000000000000000000000000000000000000000000000000000000001,1748.25174825174825174825174825174825174825174825174825174825,2.997002997002997002997002997002997002997002997002997002997,,outside-current-safety-theorem
three-purchase-exact-boundary,synthetic,exact-rational-regression,deterministic-adversarial-v1,3,0.5,identity-a0-b0,proportional-10bps,neutral_guarded,3871.94055944055944055944055944055944055944055944051573426574,812.5,1311.18881118881118881118881118881118881118881118881118881119,2.18531468531468531468531468531468531468531468531468531468531,166.666666666666666666666666666666666666666666666666666666667,outside-current-safety-theorem
three-purchase-exact-boundary,synthetic,exact-rational-regression,deterministic-adversarial-v1,3,0.5,identity-a0-b0,proportional-10bps,corrected_guarded,4069.81538275244568950862657156363450069743776037477856184775,937.31268731268731268731268731268731268731268731268731268731,1342.50115518846787578056309325040593771862503131234399965669,2.060626686001311375936750562125187499812874438249063623689,208.458208458208458208458208458208458208458208458208458208458,outside-current-safety-theorem
three-purchase-exact-boundary,synthetic,exact-rational-regression,deterministic-adversarial-v1,3,0.5,identity-a0-b0,fixed-1-usd,dca,4079.249999999999999999999999999999999999999999999941725,0,1748.25,3,,outside-current-safety-theorem
three-purchase-exact-boundary,synthetic,exact-rational-regression,deterministic-adversarial-v1,3,0.5,identity-a0-b0,fixed-1-usd,neutral_guarded,3870.916666666666666666666666666666666666666666666622975,812.5,1310.75,3,166.666666666666666666666666666666666666666666666666666666667,outside-current-safety-theorem
three-purchase-exact-boundary,synthetic,exact-rational-regression,deterministic-adversarial-v1,3,0.5,identity-a0-b0,fixed-1-usd,corrected_guarded,4068.93749999999999999999999999999999999999999999995525625,936.875,1342.3125,3,208.75,outside-current-safety-theorem
constant-five-repeated-floor,synthetic,exact-rational-regression,deterministic-adversarial-v1,5,1,identity-a0-b0,frictionless,dca,5000,0,5000,0,,epsilon-dca
constant-five-repeated-floor,synthetic,exact-rational-regression,deterministic-adversarial-v1,5,1,identity-a0-b0,frictionless,neutral_guarded,5000,0,5000,0,1000,epsilon-dca
constant-five-repeated-floor,synthetic,exact-rational-regression,deterministic-adversarial-v1,5,1,identity-a0-b0,frictionless,corrected_guarded,5000,0,5000,0,1000,epsilon-dca
constant-five-repeated-floor,synthetic,exact-rational-regression,deterministic-adversarial-v1,5,1,identity-a0-b0,proportional-10bps,dca,4995.004995004995004995004995004995004995004995004995004995,0.000000000000000000000000000000000000000000000000000000001,4995.004995004995004995004995004995004995004995004995004995,4.995004995004995004995004995004995004995004995004995004995,,outside-current-safety-theorem
constant-five-repeated-floor,synthetic,exact-rational-regression,deterministic-adversarial-v1,5,1,identity-a0-b0,proportional-10bps,neutral_guarded,4995.004995004995004995004995004995004995004995004995004995,0.000000000000000000000000000000000000000000000000000000001,4995.004995004995004995004995004995004995004995004995004995,4.995004995004995004995004995004995004995004995004995004995,1000,outside-current-safety-theorem
constant-five-repeated-floor,synthetic,exact-rational-regression,deterministic-adversarial-v1,5,1,identity-a0-b0,proportional-10bps,corrected_guarded,4995.004995004995004995004995004995004995004995004995004995,0.000000000000000000000000000000000000000000000000000000001,4995.004995004995004995004995004995004995004995004995004995,4.995004995004995004995004995004995004995004995004995004995,1000,outside-current-safety-theorem
constant-five-repeated-floor,synthetic,exact-rational-regression,deterministic-adversarial-v1,5,1,identity-a0-b0,fixed-1-usd,dca,4995,0,4995,5,,outside-current-safety-theorem
constant-five-repeated-floor,synthetic,exact-rational-regression,deterministic-adversarial-v1,5,1,identity-a0-b0,fixed-1-usd,neutral_guarded,4995,0,4995,5,1000,outside-current-safety-theorem
constant-five-repeated-floor,synthetic,exact-rational-regression,deterministic-adversarial-v1,5,1,identity-a0-b0,fixed-1-usd,corrected_guarded,4995,0,4995,5,1000,outside-current-safety-theorem
constant-five-repeated-floor,synthetic,exact-rational-regression,deterministic-adversarial-v1,5,0.9,identity-a0-b0,frictionless,dca,5000,0,5000,0,,epsilon-dca
constant-five-repeated-floor,synthetic,exact-rational-regression,deterministic-adversarial-v1,5,0.9,identity-a0-b0,frictionless,neutral_guarded,5000,250,4750,0,800,epsilon-dca
constant-five-repeated-floor,synthetic,exact-rational-regression,deterministic-adversarial-v1,5,0.9,identity-a0-b0,frictionless,corrected_guarded,5000,250,4750,0,800,epsilon-dca
constant-five-repeated-floor,synthetic,exact-rational-regression,deterministic-adversarial-v1,5,0.9,identity-a0-b0,proportional-10bps,dca,4995.004995004995004995004995004995004995004995004995004995,0.000000000000000000000000000000000000000000000000000000001,4995.004995004995004995004995004995004995004995004995004995,4.995004995004995004995004995004995004995004995004995004995,,outside-current-safety-theorem
constant-five-repeated-floor,synthetic,exact-rational-regression,deterministic-adversarial-v1,5,0.9,identity-a0-b0,proportional-10bps,neutral_guarded,4995.25464541704547638612012986078916092643315404013429457947,249.900062462521862506249990649950087359587194174428874038716,4745.35458295452361387987013921083907356684595986570542054075,4.74535458295452361387987013921083907356684595986570542054075,800.069952531230012492503749995012476289937592368929760312098,outside-current-safety-theorem
constant-five-repeated-floor,synthetic,exact-rational-regression,deterministic-adversarial-v1,5,0.9,identity-a0-b0,proportional-10bps,corrected_guarded,4995.25464541704547638612012986078916092643315404013429457947,249.900062462521862506249990649950087359587194174428874038716,4745.35458295452361387987013921083907356684595986570542054075,4.74535458295452361387987013921083907356684595986570542054075,800.069952531230012492503749995012476289937592368929760312098,outside-current-safety-theorem
constant-five-repeated-floor,synthetic,exact-rational-regression,deterministic-adversarial-v1,5,0.9,identity-a0-b0,fixed-1-usd,dca,4995,0,4995,5,,outside-current-safety-theorem
constant-five-repeated-floor,synthetic,exact-rational-regression,deterministic-adversarial-v1,5,0.9,identity-a0-b0,fixed-1-usd,neutral_guarded,4995,249.8,4745.2,5,800.14,outside-current-safety-theorem
constant-five-repeated-floor,synthetic,exact-rational-regression,deterministic-adversarial-v1,5,0.9,identity-a0-b0,fixed-1-usd,corrected_guarded,4995,249.8,4745.2,5,800.14,outside-current-safety-theorem
constant-five-repeated-floor,synthetic,exact-rational-regression,deterministic-adversarial-v1,5,0.75,identity-a0-b0,frictionless,dca,5000,0,5000,0,,epsilon-dca
constant-five-repeated-floor,synthetic,exact-rational-regression,deterministic-adversarial-v1,5,0.75,identity-a0-b0,frictionless,neutral_guarded,5000,625,4375,0,500,epsilon-dca
constant-five-repeated-floor,synthetic,exact-rational-regression,deterministic-adversarial-v1,5,0.75,identity-a0-b0,frictionless,corrected_guarded,5000,625,4375,0,500,epsilon-dca
constant-five-repeated-floor,synthetic,exact-rational-regression,deterministic-adversarial-v1,5,0.75,identity-a0-b0,proportional-10bps,dca,4995.004995004995004995004995004995004995004995004995004995,0.000000000000000000000000000000000000000000000000000000001,4995.004995004995004995004995004995004995004995004995004995,4.995004995004995004995004995004995004995004995004995004995,,outside-current-safety-theorem
constant-five-repeated-floor,synthetic,exact-rational-regression,deterministic-adversarial-v1,5,0.75,identity-a0-b0,proportional-10bps,neutral_guarded,4995.62912103512118347279283214448039482357539259284322895614,624.750156156304656265624976624875218398967985436072185096781,4370.87896487881652720716785551960517642460740715677104385936,4.37087896487881652720716785551960517642460740715677104385936,500.174881328075031231259374987531190724843980922324400780252,outside-current-safety-theorem
constant-five-repeated-floor,synthetic,exact-rational-regression,deterministic-adversarial-v1,5,0.75,identity-a0-b0,proportional-10bps,corrected_guarded,4995.62912103512118347279283214448039482357539259284322895614,624.750156156304656265624976624875218398967985436072185096781,4370.87896487881652720716785551960517642460740715677104385936,4.37087896487881652720716785551960517642460740715677104385936,500.174881328075031231259374987531190724843980922324400780252,outside-current-safety-theorem
constant-five-repeated-floor,synthetic,exact-rational-regression,deterministic-adversarial-v1,5,0.75,identity-a0-b0,fixed-1-usd,dca,4995,0,4995,5,,outside-current-safety-theorem
constant-five-repeated-floor,synthetic,exact-rational-regression,deterministic-adversarial-v1,5,0.75,identity-a0-b0,fixed-1-usd,neutral_guarded,4995,624.5,4370.5,5,500.35,outside-current-safety-theorem
constant-five-repeated-floor,synthetic,exact-rational-regression,deterministic-adversarial-v1,5,0.75,identity-a0-b0,fixed-1-usd,corrected_guarded,4995,624.5,4370.5,5,500.35,outside-current-safety-theorem
constant-five-repeated-floor,synthetic,exact-rational-regression,deterministic-adversarial-v1,5,0.5,identity-a0-b0,frictionless,dca,5000,0,5000,0,,epsilon-dca
constant-five-repeated-floor,synthetic,exact-rational-regression,deterministic-adversarial-v1,5,0.5,identity-a0-b0,frictionless,neutral_guarded,5000,937.5,4062.5,0,150,epsilon-dca
constant-five-repeated-floor,synthetic,exact-rational-regression,deterministic-adversarial-v1,5,0.5,identity-a0-b0,frictionless,corrected_guarded,5000,937.5,4062.5,0,150,epsilon-dca
constant-five-repeated-floor,synthetic,exact-rational-regression,deterministic-adversarial-v1,5,0.5,identity-a0-b0,proportional-10bps,dca,4995.004995004995004995004995004995004995004995004995004995,0.000000000000000000000000000000000000000000000000000000001,4995.004995004995004995004995004995004995004995004995004995,4.995004995004995004995004995004995004995004995004995004995,,outside-current-safety-theorem
constant-five-repeated-floor,synthetic,exact-rational-regression,deterministic-adversarial-v1,5,0.5,identity-a0-b0,proportional-10bps,neutral_guarded,4995.94149605079297265233207412905836360503571414538569261968,937.437546843765624984406203187421968640749859531078312297096,4058.50394920702734766792587094163639496428585461430738032258,4.05850394920702734766792587094163639496428585461430738032258,150.124900074950024999975049925099875149825199775249725299676,outside-current-safety-theorem
constant-five-repeated-floor,synthetic,exact-rational-regression,deterministic-adversarial-v1,5,0.5,identity-a0-b0,proportional-10bps,corrected_guarded,4995.94149605079297265233207412905836360503571414538569261968,937.437546843765624984406203187421968640749859531078312297096,4058.50394920702734766792587094163639496428585461430738032258,4.05850394920702734766792587094163639496428585461430738032258,150.124900074950024999975049925099875149825199775249725299676,outside-current-safety-theorem
constant-five-repeated-floor,synthetic,exact-rational-regression,deterministic-adversarial-v1,5,0.5,identity-a0-b0,fixed-1-usd,dca,4995,0,4995,5,,outside-current-safety-theorem
constant-five-repeated-floor,synthetic,exact-rational-regression,deterministic-adversarial-v1,5,0.5,identity-a0-b0,fixed-1-usd,neutral_guarded,4995,937.375,4057.625,5,150.25,outside-current-safety-theorem
constant-five-repeated-floor,synthetic,exact-rational-regression,deterministic-adversarial-v1,5,0.5,identity-a0-b0,fixed-1-usd,corrected_guarded,4995,937.375,4057.625,5,150.25,outside-current-safety-theorem
