episode_id,input_kind,family,dataset_id,horizon_months,coverage,corrected_mean_config,cost_scenario,policy,terminal_wealth,terminal_cash,terminal_units,total_fees,mean_guardrail_floor,theorem_scope
hostile-adaptive-timing-grid-v1-092,synthetic,adversarial-design-search,deterministic-adversarial-v1,6,1,identity-a0-b0,frictionless,dca,2400,0,80.0000000000000000000000000000000000000000000000000000000001,0,,epsilon-dca
hostile-adaptive-timing-grid-v1-092,synthetic,adversarial-design-search,deterministic-adversarial-v1,6,1,identity-a0-b0,frictionless,neutral_guarded,2400,0,80.0000000000000000000000000000000000000000000000000000000001,0,1000,epsilon-dca
hostile-adaptive-timing-grid-v1-092,synthetic,adversarial-design-search,deterministic-adversarial-v1,6,1,identity-a0-b0,frictionless,corrected_guarded,2400,0,80.0000000000000000000000000000000000000000000000000000000001,0,1000,epsilon-dca
hostile-adaptive-timing-grid-v1-092,synthetic,adversarial-design-search,deterministic-adversarial-v1,6,1,identity-a0-b0,proportional-10bps,dca,2397.6023976023976023976023976023976023976023976023976023976,0.000000000000000000000000000000000000000000000000000000001,79.92007992007992007992007992007992007992007992007992007992,5.994005994005994005994005994005994005994005994005994005994,,outside-current-safety-theorem
hostile-adaptive-timing-grid-v1-092,synthetic,adversarial-design-search,deterministic-adversarial-v1,6,1,identity-a0-b0,proportional-10bps,neutral_guarded,2397.6023976023976023976023976023976023976023976023976023976,0.000000000000000000000000000000000000000000000000000000001,79.92007992007992007992007992007992007992007992007992007992,5.994005994005994005994005994005994005994005994005994005994,1000,outside-current-safety-theorem
hostile-adaptive-timing-grid-v1-092,synthetic,adversarial-design-search,deterministic-adversarial-v1,6,1,identity-a0-b0,proportional-10bps,corrected_guarded,2397.6023976023976023976023976023976023976023976023976023976,0.000000000000000000000000000000000000000000000000000000001,79.92007992007992007992007992007992007992007992007992007992,5.994005994005994005994005994005994005994005994005994005994,1000,outside-current-safety-theorem
hostile-adaptive-timing-grid-v1-092,synthetic,adversarial-design-search,deterministic-adversarial-v1,6,1,identity-a0-b0,fixed-1-usd,dca,2397.6,0,79.92,6,,outside-current-safety-theorem
hostile-adaptive-timing-grid-v1-092,synthetic,adversarial-design-search,deterministic-adversarial-v1,6,1,identity-a0-b0,fixed-1-usd,neutral_guarded,2397.6,0,79.92,6,1000,outside-current-safety-theorem
hostile-adaptive-timing-grid-v1-092,synthetic,adversarial-design-search,deterministic-adversarial-v1,6,1,identity-a0-b0,fixed-1-usd,corrected_guarded,2397.6,0,79.92,6,1000,outside-current-safety-theorem
hostile-adaptive-timing-grid-v1-092,synthetic,adversarial-design-search,deterministic-adversarial-v1,6,0.9,identity-a0-b0,frictionless,dca,2400,0,80.0000000000000000000000000000000000000000000000000000000001,0,,epsilon-dca
hostile-adaptive-timing-grid-v1-092,synthetic,adversarial-design-search,deterministic-adversarial-v1,6,0.9,identity-a0-b0,frictionless,neutral_guarded,2646.0074074074074074074074074074074074074074074074074074074,373.85185185185185185185185185185185185185185185185185185184,75.7385185185185185185185185185185185185185185185185185185185,0,743.049382716049382716049382716049382716049382716049382716057,epsilon-dca
hostile-adaptive-timing-grid-v1-092,synthetic,adversarial-design-search,deterministic-adversarial-v1,6,0.9,identity-a0-b0,frictionless,corrected_guarded,2738.73303388490762821148713051491407934612274972217069991741,474.05792601510590477021580159105310069756876371027435278083,75.4891702623267241147090442974620326216184662003965449045528,0,727.18320750450896237576754697741751214395170059181718699143,epsilon-dca
hostile-adaptive-timing-grid-v1-092,synthetic,adversarial-design-search,deterministic-adversarial-v1,6,0.9,identity-a0-b0,proportional-10bps,dca,2397.6023976023976023976023976023976023976023976023976023976,0.000000000000000000000000000000000000000000000000000000001,79.92007992007992007992007992007992007992007992007992007992,5.994005994005994005994005994005994005994005994005994005994,,outside-current-safety-theorem
hostile-adaptive-timing-grid-v1-092,synthetic,adversarial-design-search,deterministic-adversarial-v1,6,0.9,identity-a0-b0,proportional-10bps,neutral_guarded,2643.58662147528367590669419169085981912724968019564993758785,373.642475451508012943027496425092427363547650591002654177131,75.6648048674591887654555565088589130587900676534882427803574,5.62073678776073125580117133224266490772872362578321413169118,743.169080658040997996638713099386468643404541134567455640732,outside-current-safety-theorem
hostile-adaptive-timing-grid-v1-092,synthetic,adversarial-design-search,deterministic-adversarial-v1,6,0.9,identity-a0-b0,proportional-10bps,corrected_guarded,2736.22368636463285201234722548958404962289729622075059269227,473.734540975422984720776514794291622606789940035060896871463,75.4163048463069955763856903565097475672035785395229898606937,5.52074471431026674853069279241329508231089916080413496816037,727.328323578833432786239016450727132960876683573473074078777,outside-current-safety-theorem
hostile-adaptive-timing-grid-v1-092,synthetic,adversarial-design-search,deterministic-adversarial-v1,6,0.9,identity-a0-b0,fixed-1-usd,dca,2397.6,0,79.92,6,,outside-current-safety-theorem
hostile-adaptive-timing-grid-v1-092,synthetic,adversarial-design-search,deterministic-adversarial-v1,6,0.9,identity-a0-b0,fixed-1-usd,neutral_guarded,2643.36279259259259259259259259259259259259259259259259259261,373.50214814814814814814814814814814814814814814814814814816,75.6620214814814814814814814814814814814814814814814814814816,6,743.264617283950617283950617283950617283950617283950617283945,outside-current-safety-theorem
hostile-adaptive-timing-grid-v1-092,synthetic,adversarial-design-search,deterministic-adversarial-v1,6,0.9,identity-a0-b0,fixed-1-usd,corrected_guarded,2736.00960193900455006087631282832673645749084105136084652304,473.62097559558776636478479084452031047735692046626075672243,75.4129542114472261232030507327935475326711306861700029933538,6,727.410165386606112569404188682649339637406707159846996338707,outside-current-safety-theorem
hostile-adaptive-timing-grid-v1-092,synthetic,adversarial-design-search,deterministic-adversarial-v1,6,0.75,identity-a0-b0,frictionless,dca,2400,0,80.0000000000000000000000000000000000000000000000000000000001,0,,epsilon-dca
hostile-adaptive-timing-grid-v1-092,synthetic,adversarial-design-search,deterministic-adversarial-v1,6,0.75,identity-a0-b0,frictionless,neutral_guarded,2923.30555555555555555555555555555555555555555555555555555555,803.61111111111111111111111111111111111111111111111111111111,70.6564814814814814814814814814814814814814814814814814814814,0,401.2962962962962962962962962962962962962962962962962962963,epsilon-dca
hostile-adaptive-timing-grid-v1-092,synthetic,adversarial-design-search,deterministic-adversarial-v1,6,0.75,identity-a0-b0,frictionless,corrected_guarded,3051.69412790361636642882034846762103006376560714009871247208,906.375591025403756068543107092398225598862956182360114349995,71.5106178959404203453425747125074268154967550319246199374028,0,398.616266143334782962145884732126125545370442266863755827352,epsilon-dca
hostile-adaptive-timing-grid-v1-092,synthetic,adversarial-design-search,deterministic-adversarial-v1,6,0.75,identity-a0-b0,proportional-10bps,dca,2397.6023976023976023976023976023976023976023976023976023976,0.000000000000000000000000000000000000000000000000000000001,79.92007992007992007992007992007992007992007992007992007992,5.994005994005994005994005994005994005994005994005994005994,,outside-current-safety-theorem
hostile-adaptive-timing-grid-v1-092,synthetic,adversarial-design-search,deterministic-adversarial-v1,6,0.75,identity-a0-b0,proportional-10bps,neutral_guarded,2921.09350349976698468348024909350363778063270730420458448711,803.49146218279193351543110145676879173621722251444646462685,70.5867347105658350389349715878911615348138494929919373286755,5.19131722059661145502953935918404716110268009738816537000314,401.460943793761861272309329283786930499395320824105362707152,outside-current-safety-theorem
hostile-adaptive-timing-grid-v1-092,synthetic,adversarial-design-search,deterministic-adversarial-v1,6,0.75,identity-a0-b0,proportional-10bps,corrected_guarded,3049.41005564202464584728872955609422275485366201770295631794,906.247465948076660564048400392242940677186022537427279356743,71.4387529897982661761080109721283760692555879826758558987068,5.08866387018174159783811348612163542389891506240017254809515,398.782209520329360227735472178732325332058088964728977124112,outside-current-safety-theorem
hostile-adaptive-timing-grid-v1-092,synthetic,adversarial-design-search,deterministic-adversarial-v1,6,0.75,identity-a0-b0,fixed-1-usd,dca,2397.6,0,79.92,6,,outside-current-safety-theorem
hostile-adaptive-timing-grid-v1-092,synthetic,adversarial-design-search,deterministic-adversarial-v1,6,0.75,identity-a0-b0,fixed-1-usd,neutral_guarded,2920.73119444444444444444444444444444444444444444444444444445,803.36138888888888888888888888888888888888888888888888888889,70.5789935185185185185185185185185185185185185185185185185186,6,401.6262037037037037037037037037037037037037037037037037037,outside-current-safety-theorem
hostile-adaptive-timing-grid-v1-092,synthetic,adversarial-design-search,deterministic-adversarial-v1,6,0.75,identity-a0-b0,fixed-1-usd,corrected_guarded,3049.06089672366616505745338359211987998390306759666273932675,906.105141669190544348051407856019403107929393977452781833434,71.4318585018158540236467325245366825625324557873069985831108,6,398.945847055699035288687650114110797584663373814240637949585,outside-current-safety-theorem
hostile-adaptive-timing-grid-v1-092,synthetic,adversarial-design-search,deterministic-adversarial-v1,6,0.5,identity-a0-b0,frictionless,dca,2400,0,80.0000000000000000000000000000000000000000000000000000000001,0,,epsilon-dca
hostile-adaptive-timing-grid-v1-092,synthetic,adversarial-design-search,deterministic-adversarial-v1,6,0.5,identity-a0-b0,frictionless,neutral_guarded,2984.37500000000000000000000000000000000000000000000000000002,964.583333333333333333333333333333333333333333333333333333335,67.3263888888888888888888888888888888888888888888888888888892,0,122.222222222222222222222222222222222222222222222222222222224,epsilon-dca
hostile-adaptive-timing-grid-v1-092,synthetic,adversarial-design-search,deterministic-adversarial-v1,6,0.5,identity-a0-b0,frictionless,corrected_guarded,3136.07352578609715982431909079446490460290725531948521027997,1070.03783154034456658277831792799871230621993040976451658289,68.8678564748584197747180257622155397432229108303240231232359,0,136.805555555555555555555555555555555555555555555555555555557,epsilon-dca
hostile-adaptive-timing-grid-v1-092,synthetic,adversarial-design-search,deterministic-adversarial-v1,6,0.5,identity-a0-b0,proportional-10bps,dca,2397.6023976023976023976023976023976023976023976023976023976,0.000000000000000000000000000000000000000000000000000000001,79.92007992007992007992007992007992007992007992007992007992,5.994005994005994005994005994005994005994005994005994005994,,outside-current-safety-theorem
hostile-adaptive-timing-grid-v1-092,synthetic,adversarial-design-search,deterministic-adversarial-v1,6,0.5,identity-a0-b0,proportional-10bps,neutral_guarded,2982.32913413048119750009269081605336758774729395517199122186,964.556269259378649988040597431206821816212425603034993644385,67.2590954957034182504017364461615515257178289450712332525823,5.03041331742319815186009930326552765053325432007688811823737,122.329080620788912497204205495913787622079330371038662746955,outside-current-safety-theorem
hostile-adaptive-timing-grid-v1-092,synthetic,adversarial-design-search,deterministic-adversarial-v1,6,0.5,identity-a0-b0,proportional-10bps,corrected_guarded,3133.96255336495731424906830908942929511875646616796249602104,1070.01433127283604581959725895842580766169449089610078280616,68.798274069737375614315701671033449581902065842395390440496,4.92506060811904490927113160943214205028801749161228693026358,136.892647257282621917986553351188715824080459445094809730174,outside-current-safety-theorem
hostile-adaptive-timing-grid-v1-092,synthetic,adversarial-design-search,deterministic-adversarial-v1,6,0.5,identity-a0-b0,fixed-1-usd,dca,2397.6,0,79.92,6,,outside-current-safety-theorem
hostile-adaptive-timing-grid-v1-092,synthetic,adversarial-design-search,deterministic-adversarial-v1,6,0.5,identity-a0-b0,fixed-1-usd,neutral_guarded,2981.921875,964.522916666666666666666666666666666666666666666666666666665,67.2466319444444444444444444444444444444444444444444444444444,6,122.452777777777777777777777777777777777777777777777777777779,outside-current-safety-theorem
hostile-adaptive-timing-grid-v1-092,synthetic,adversarial-design-search,deterministic-adversarial-v1,6,0.5,identity-a0-b0,fixed-1-usd,corrected_guarded,3133.58313655696660680204357526716500880184022091414296108533,1069.97316870661765569091137143698093826277018373953173347538,68.7869989283449650370377401276728023513023345724870409203316,6,137.025694444444444444444444444444444444444444444444444444445,outside-current-safety-theorem
hostile-adaptive-timing-grid-v1-093,synthetic,adversarial-design-search,deterministic-adversarial-v1,6,1,identity-a0-b0,frictionless,dca,2300,0,76.6666666666666666666666666666666666666666666666666666666668,0,,epsilon-dca
hostile-adaptive-timing-grid-v1-093,synthetic,adversarial-design-search,deterministic-adversarial-v1,6,1,identity-a0-b0,frictionless,neutral_guarded,2300,0,76.6666666666666666666666666666666666666666666666666666666668,0,1000,epsilon-dca
hostile-adaptive-timing-grid-v1-093,synthetic,adversarial-design-search,deterministic-adversarial-v1,6,1,identity-a0-b0,frictionless,corrected_guarded,2300,0,76.6666666666666666666666666666666666666666666666666666666668,0,1000,epsilon-dca
hostile-adaptive-timing-grid-v1-093,synthetic,adversarial-design-search,deterministic-adversarial-v1,6,1,identity-a0-b0,proportional-10bps,dca,2297.7022977022977022977022977022977022977022977022977022977,0.000000000000000000000000000000000000000000000000000000001,76.59007659007659007659007659007659007659007659007659007659,5.994005994005994005994005994005994005994005994005994005994,,outside-current-safety-theorem
hostile-adaptive-timing-grid-v1-093,synthetic,adversarial-design-search,deterministic-adversarial-v1,6,1,identity-a0-b0,proportional-10bps,neutral_guarded,2297.7022977022977022977022977022977022977022977022977022977,0.000000000000000000000000000000000000000000000000000000001,76.59007659007659007659007659007659007659007659007659007659,5.994005994005994005994005994005994005994005994005994005994,1000,outside-current-safety-theorem
hostile-adaptive-timing-grid-v1-093,synthetic,adversarial-design-search,deterministic-adversarial-v1,6,1,identity-a0-b0,proportional-10bps,corrected_guarded,2297.7022977022977022977022977022977022977022977022977022977,0.000000000000000000000000000000000000000000000000000000001,76.59007659007659007659007659007659007659007659007659007659,5.994005994005994005994005994005994005994005994005994005994,1000,outside-current-safety-theorem
hostile-adaptive-timing-grid-v1-093,synthetic,adversarial-design-search,deterministic-adversarial-v1,6,1,identity-a0-b0,fixed-1-usd,dca,2297.7,0,76.59,6,,outside-current-safety-theorem
hostile-adaptive-timing-grid-v1-093,synthetic,adversarial-design-search,deterministic-adversarial-v1,6,1,identity-a0-b0,fixed-1-usd,neutral_guarded,2297.7,0,76.59,6,1000,outside-current-safety-theorem
hostile-adaptive-timing-grid-v1-093,synthetic,adversarial-design-search,deterministic-adversarial-v1,6,1,identity-a0-b0,fixed-1-usd,corrected_guarded,2297.7,0,76.59,6,1000,outside-current-safety-theorem
hostile-adaptive-timing-grid-v1-093,synthetic,adversarial-design-search,deterministic-adversarial-v1,6,0.9,identity-a0-b0,frictionless,dca,2300,0,76.6666666666666666666666666666666666666666666666666666666668,0,,epsilon-dca
hostile-adaptive-timing-grid-v1-093,synthetic,adversarial-design-search,deterministic-adversarial-v1,6,0.9,identity-a0-b0,frictionless,neutral_guarded,2640.06666666666666666666666666666666666666666666666666666665,475.05555555555555555555555555555555555555555555555555555554,72.167037037037037037037037037037037037037037037037037037037,0,709.314814814814814814814814814814814814814814814814814814823,epsilon-dca
hostile-adaptive-timing-grid-v1-093,synthetic,adversarial-design-search,deterministic-adversarial-v1,6,0.9,identity-a0-b0,frictionless,corrected_guarded,2858.06085571789849773149665367271518523289110236584527001684,717.634857370809829997272654070005187270612674783628140207377,71.3475332782362889244741333200903332654092809194072376603152,0,686.051558028096486971222143519701043106853462434353029321673,epsilon-dca
hostile-adaptive-timing-grid-v1-093,synthetic,adversarial-design-search,deterministic-adversarial-v1,6,0.9,identity-a0-b0,proportional-10bps,dca,2297.7022977022977022977022977022977022977022977022977022977,0.000000000000000000000000000000000000000000000000000000001,76.59007659007659007659007659007659007659007659007659007659,5.994005994005994005994005994005994005994005994005994005994,,outside-current-safety-theorem
hostile-adaptive-timing-grid-v1-093,synthetic,adversarial-design-search,deterministic-adversarial-v1,6,0.9,identity-a0-b0,proportional-10bps,neutral_guarded,2637.67694090302906856161797929409947559120195019847390123649,474.765420740703632711455024346284882698078031383614688340326,72.0970506720775145283387651649271530964374639604953070965388,5.51971486439490146582272225340031480249942254607031499666301,709.461432228309124740496203792322316865227747537030110919667,outside-current-safety-theorem
hostile-adaptive-timing-grid-v1-093,synthetic,adversarial-design-search,deterministic-adversarial-v1,6,0.9,identity-a0-b0,proportional-10bps,corrected_guarded,2855.48282449170885701790018284283713180125832112511691190288,717.099786796920538978558355272889588432977340748216019047223,71.2794345898262772679780609189982514456093660125633630951888,5.27762259061246699402741423049661379776925340584593804290986,686.23604346418427713381143024034423437490340756726381569334,outside-current-safety-theorem
hostile-adaptive-timing-grid-v1-093,synthetic,adversarial-design-search,deterministic-adversarial-v1,6,0.9,identity-a0-b0,fixed-1-usd,dca,2297.7,0,76.59,6,,outside-current-safety-theorem
hostile-adaptive-timing-grid-v1-093,synthetic,adversarial-design-search,deterministic-adversarial-v1,6,0.9,identity-a0-b0,fixed-1-usd,neutral_guarded,2637.40713333333333333333333333333333333333333333333333333335,474.58094444444444444444444444444444444444444444444444444446,72.0942062962962962962962962962962962962962962962962962962964,6,709.571685185185185185185185185185185185185185185185185185178,outside-current-safety-theorem
hostile-adaptive-timing-grid-v1-093,synthetic,adversarial-design-search,deterministic-adversarial-v1,6,0.9,identity-a0-b0,fixed-1-usd,corrected_guarded,2855.2018250357322603945504561700430378096202565966446544351,716.934552032832604662362450659338796778563841700603609898584,71.2755757667633218577396001836901413677018804965347014845507,6,686.326078668769361796368753001151849939177385976922366918143,outside-current-safety-theorem
hostile-adaptive-timing-grid-v1-093,synthetic,adversarial-design-search,deterministic-adversarial-v1,6,0.75,identity-a0-b0,frictionless,dca,2300,0,76.6666666666666666666666666666666666666666666666666666666668,0,,epsilon-dca
hostile-adaptive-timing-grid-v1-093,synthetic,adversarial-design-search,deterministic-adversarial-v1,6,0.75,identity-a0-b0,frictionless,neutral_guarded,2842.94444444444444444444444444444444444444444444444444444444,803.61111111111111111111111111111111111111111111111111111111,67.9777777777777777777777777777777777777777777777777777777777,0,401.2962962962962962962962962962962962962962962962962962963,epsilon-dca
hostile-adaptive-timing-grid-v1-093,synthetic,adversarial-design-search,deterministic-adversarial-v1,6,0.75,identity-a0-b0,frictionless,corrected_guarded,3104.32203237816784313439813412325169160154367429646863801739,1055.54950978130157350025226010184262882567658493638967923758,68.2924174198955423211381958007136354258622363120026319593271,0,398.616266143334782962145884732126125545370442266863755827352,epsilon-dca
hostile-adaptive-timing-grid-v1-093,synthetic,adversarial-design-search,deterministic-adversarial-v1,6,0.75,identity-a0-b0,proportional-10bps,dca,2297.7022977022977022977022977022977022977022977022977022977,0.000000000000000000000000000000000000000000000000000000001,76.59007659007659007659007659007659007659007659007659007659,5.994005994005994005994005994005994005994005994005994005994,,outside-current-safety-theorem
hostile-adaptive-timing-grid-v1-093,synthetic,adversarial-design-search,deterministic-adversarial-v1,6,0.75,identity-a0-b0,proportional-10bps,neutral_guarded,2840.82462615882872958703358561130895329150011764242172088803,803.49146218279193351543110145676879173621722251444646462685,67.9111054658678932023867494718180053851760965042658418753726,5.19131722059661145502953935918404716110268009738816537000314,401.460943793761861272309329283786930499395320824105362707152,outside-current-safety-theorem
hostile-adaptive-timing-grid-v1-093,synthetic,adversarial-design-search,deterministic-adversarial-v1,6,0.75,identity-a0-b0,proportional-10bps,corrected_guarded,3102.12695657685658806283702015000629830770638076333863452152,1055.40029750782198410507834711600222610537111532684079807879,68.2242219689678201319252891011334690734111755145499278814242,4.93966004244972828760731433854545232157305582884431488703417,398.782209520329360227735472178732325332058088964728977124112,outside-current-safety-theorem
hostile-adaptive-timing-grid-v1-093,synthetic,adversarial-design-search,deterministic-adversarial-v1,6,0.75,identity-a0-b0,fixed-1-usd,dca,2297.7,0,76.59,6,,outside-current-safety-theorem
hostile-adaptive-timing-grid-v1-093,synthetic,adversarial-design-search,deterministic-adversarial-v1,6,0.75,identity-a0-b0,fixed-1-usd,neutral_guarded,2840.49505555555555555555555555555555555555555555555555555556,803.36138888888888888888888888888888888888888888888888888889,67.9044555555555555555555555555555555555555555555555555555556,6,401.6262037037037037037037037037037037037037037037037037037,outside-current-safety-theorem
hostile-adaptive-timing-grid-v1-093,synthetic,adversarial-design-search,deterministic-adversarial-v1,6,0.75,identity-a0-b0,fixed-1-usd,corrected_guarded,3101.7730977933323772327161493207946546940390930857080976556,1055.23454908708366946383113776795581715889516874412960170626,68.2179516235416235922961670517612945845047974780526165316446,6,398.945847055699035288687650114110797584663373814240637949585,outside-current-safety-theorem
hostile-adaptive-timing-grid-v1-093,synthetic,adversarial-design-search,deterministic-adversarial-v1,6,0.5,identity-a0-b0,frictionless,dca,2300,0,76.6666666666666666666666666666666666666666666666666666666668,0,,epsilon-dca
hostile-adaptive-timing-grid-v1-093,synthetic,adversarial-design-search,deterministic-adversarial-v1,6,0.5,identity-a0-b0,frictionless,neutral_guarded,2887.91666666666666666666666666666666666666666666666666666668,964.583333333333333333333333333333333333333333333333333333335,64.1111111111111111111111111111111111111111111111111111111114,0,122.222222222222222222222222222222222222222222222222222222224,epsilon-dca
hostile-adaptive-timing-grid-v1-093,synthetic,adversarial-design-search,deterministic-adversarial-v1,6,0.5,identity-a0-b0,frictionless,corrected_guarded,3198.20433484589575180521071345586305631144638696864204810506,1246.14775564736145771241372299553212531750869050744040587246,65.0685526399511431364265663486776976997979232153733880744201,0,136.805555555555555555555555555555555555555555555555555555557,epsilon-dca
hostile-adaptive-timing-grid-v1-093,synthetic,adversarial-design-search,deterministic-adversarial-v1,6,0.5,identity-a0-b0,proportional-10bps,dca,2297.7022977022977022977022977022977022977022977022977022977,0.000000000000000000000000000000000000000000000000000000001,76.59007659007659007659007659007659007659007659007659007659,5.994005994005994005994005994005994005994005994005994005994,,outside-current-safety-theorem
hostile-adaptive-timing-grid-v1-093,synthetic,adversarial-design-search,deterministic-adversarial-v1,6,0.5,identity-a0-b0,proportional-10bps,neutral_guarded,2885.96986647220161208670202174200673204167212656226140244618,964.556269259378649988040597431206821816212425603034993644385,64.0471199070940987366220474770266636741819900319742136267268,5.03041331742319815186009930326552765053325432007688811823737,122.329080620788912497204205495913787622079330371038662746955,outside-current-safety-theorem
hostile-adaptive-timing-grid-v1-093,synthetic,adversarial-design-search,deterministic-adversarial-v1,6,0.5,identity-a0-b0,proportional-10bps,corrected_guarded,3196.20586065139382762628024810877708438638106397998705084805,1246.12038763779239453732764307473678190661280132159863352655,65.0028491004533811029650868344680100826589420886129472440499,4.74913048188032727818448786905620701108230489378461674972373,136.892647257282621917986553351188715824080459445094809730174,outside-current-safety-theorem
hostile-adaptive-timing-grid-v1-093,synthetic,adversarial-design-search,deterministic-adversarial-v1,6,0.5,identity-a0-b0,fixed-1-usd,dca,2297.7,0,76.59,6,,outside-current-safety-theorem
hostile-adaptive-timing-grid-v1-093,synthetic,adversarial-design-search,deterministic-adversarial-v1,6,0.5,identity-a0-b0,fixed-1-usd,neutral_guarded,2885.56958333333333333333333333333333333333333333333333333332,964.522916666666666666666666666666666666666666666666666666665,64.0348888888888888888888888888888888888888888888888888888888,6,122.452777777777777777777777777777777777777777777777777777779,outside-current-safety-theorem
hostile-adaptive-timing-grid-v1-093,synthetic,adversarial-design-search,deterministic-adversarial-v1,6,0.5,identity-a0-b0,fixed-1-usd,corrected_guarded,3195.81019102598613367110948430664059329973594767601045578426,1246.07245041725889908113377139984780143712464468478023033602,64.9912580202909078196658570968930930620870434330410075149414,6,137.025694444444444444444444444444444444444444444444444444445,outside-current-safety-theorem
hostile-adaptive-timing-grid-v1-101,synthetic,adversarial-design-search,deterministic-adversarial-v1,6,1,identity-a0-b0,frictionless,dca,2300,0,76.6666666666666666666666666666666666666666666666666666666668,0,,epsilon-dca
hostile-adaptive-timing-grid-v1-101,synthetic,adversarial-design-search,deterministic-adversarial-v1,6,1,identity-a0-b0,frictionless,neutral_guarded,2300,0,76.6666666666666666666666666666666666666666666666666666666668,0,1000,epsilon-dca
hostile-adaptive-timing-grid-v1-101,synthetic,adversarial-design-search,deterministic-adversarial-v1,6,1,identity-a0-b0,frictionless,corrected_guarded,2300,0,76.6666666666666666666666666666666666666666666666666666666668,0,1000,epsilon-dca
hostile-adaptive-timing-grid-v1-101,synthetic,adversarial-design-search,deterministic-adversarial-v1,6,1,identity-a0-b0,proportional-10bps,dca,2297.7022977022977022977022977022977022977022977022977022977,0.000000000000000000000000000000000000000000000000000000001,76.59007659007659007659007659007659007659007659007659007659,5.994005994005994005994005994005994005994005994005994005994,,outside-current-safety-theorem
hostile-adaptive-timing-grid-v1-101,synthetic,adversarial-design-search,deterministic-adversarial-v1,6,1,identity-a0-b0,proportional-10bps,neutral_guarded,2297.7022977022977022977022977022977022977022977022977022977,0.000000000000000000000000000000000000000000000000000000001,76.59007659007659007659007659007659007659007659007659007659,5.994005994005994005994005994005994005994005994005994005994,1000,outside-current-safety-theorem
hostile-adaptive-timing-grid-v1-101,synthetic,adversarial-design-search,deterministic-adversarial-v1,6,1,identity-a0-b0,proportional-10bps,corrected_guarded,2297.7022977022977022977022977022977022977022977022977022977,0.000000000000000000000000000000000000000000000000000000001,76.59007659007659007659007659007659007659007659007659007659,5.994005994005994005994005994005994005994005994005994005994,1000,outside-current-safety-theorem
hostile-adaptive-timing-grid-v1-101,synthetic,adversarial-design-search,deterministic-adversarial-v1,6,1,identity-a0-b0,fixed-1-usd,dca,2297.7,0,76.59,6,,outside-current-safety-theorem
hostile-adaptive-timing-grid-v1-101,synthetic,adversarial-design-search,deterministic-adversarial-v1,6,1,identity-a0-b0,fixed-1-usd,neutral_guarded,2297.7,0,76.59,6,1000,outside-current-safety-theorem
hostile-adaptive-timing-grid-v1-101,synthetic,adversarial-design-search,deterministic-adversarial-v1,6,1,identity-a0-b0,fixed-1-usd,corrected_guarded,2297.7,0,76.59,6,1000,outside-current-safety-theorem
hostile-adaptive-timing-grid-v1-101,synthetic,adversarial-design-search,deterministic-adversarial-v1,6,0.9,identity-a0-b0,frictionless,dca,2300,0,76.6666666666666666666666666666666666666666666666666666666668,0,,epsilon-dca
hostile-adaptive-timing-grid-v1-101,synthetic,adversarial-design-search,deterministic-adversarial-v1,6,0.9,identity-a0-b0,frictionless,neutral_guarded,2586.67777777777777777777777777777777777777777777777777777776,397.444444444444444444444444444444444444444444444444444444435,72.9744444444444444444444444444444444444444444444444444444444,0,722.282407407407407407407407407407407407407407407407407407413,epsilon-dca
hostile-adaptive-timing-grid-v1-101,synthetic,adversarial-design-search,deterministic-adversarial-v1,6,0.9,identity-a0-b0,frictionless,corrected_guarded,2738.62485209312941138137235477337883153908172197904722388952,539.449164592209519267396648638355793153863338274196674836085,73.3058562500306630704658568711674346128406127901616849684478,0,691.243291586542343123736488233202021494443262147246702272715,epsilon-dca
hostile-adaptive-timing-grid-v1-101,synthetic,adversarial-design-search,deterministic-adversarial-v1,6,0.9,identity-a0-b0,proportional-10bps,dca,2297.7022977022977022977022977022977022977022977022977022977,0.000000000000000000000000000000000000000000000000000000001,76.59007659007659007659007659007659007659007659007659007659,5.994005994005994005994005994005994005994005994005994005994,,outside-current-safety-theorem
hostile-adaptive-timing-grid-v1-101,synthetic,adversarial-design-search,deterministic-adversarial-v1,6,0.9,identity-a0-b0,proportional-10bps,neutral_guarded,2584.28593961380739944135237651174333374271662102564511807738,397.186823023704848524071037580210556716472937092962472590965,72.9033038863367516972427112977177592342081227977560881828803,5.59721596101527987160432463778200743584767938352351401339564,722.427942888199251558648106277357908259879189097953041789757,outside-current-safety-theorem
hostile-adaptive-timing-grid-v1-101,synthetic,adversarial-design-search,deterministic-adversarial-v1,6,0.9,identity-a0-b0,proportional-10bps,corrected_guarded,2736.0382891020620197679761607608892309657685454843994480353,538.986777409116317756705761267386563131347738908100341733372,73.235050389764856733709013316450088927814026885876636876731,5.45555766492595772451877546326934409277587638470719246580082,691.441968688089161524111315812693558715619397355063473498545,outside-current-safety-theorem
hostile-adaptive-timing-grid-v1-101,synthetic,adversarial-design-search,deterministic-adversarial-v1,6,0.9,identity-a0-b0,fixed-1-usd,dca,2297.7,0,76.59,6,,outside-current-safety-theorem
hostile-adaptive-timing-grid-v1-101,synthetic,adversarial-design-search,deterministic-adversarial-v1,6,0.9,identity-a0-b0,fixed-1-usd,neutral_guarded,2584.07785555555555555555555555555555555555555555555555555557,397.0598888888888888888888888888888888888888888888888888889,72.900598888888888888888888888888888888888888888888888888889,6,722.527273148148148148148148148148148148148148148148148148142,outside-current-safety-theorem
hostile-adaptive-timing-grid-v1-101,synthetic,adversarial-design-search,deterministic-adversarial-v1,6,0.9,identity-a0-b0,fixed-1-usd,corrected_guarded,2735.88982442215935155101136170994746451886907255492523996448,538.936821765697259907933985554150024564443906657653518162556,73.2317667552154030547692458718599146651475055299090573933973,6,691.51269680137627528158529338578416770734723187396169068964,outside-current-safety-theorem
hostile-adaptive-timing-grid-v1-101,synthetic,adversarial-design-search,deterministic-adversarial-v1,6,0.75,identity-a0-b0,frictionless,dca,2300,0,76.6666666666666666666666666666666666666666666666666666666668,0,,epsilon-dca
hostile-adaptive-timing-grid-v1-101,synthetic,adversarial-design-search,deterministic-adversarial-v1,6,0.75,identity-a0-b0,frictionless,neutral_guarded,2874.02083333333333333333333333333333333333333333333333333333,814.79166666666666666666666666666666666666666666666666666666,68.6409722222222222222222222222222222222222222222222222222222,0,381.111111111111111111111111111111111111111111111111111111113,epsilon-dca
hostile-adaptive-timing-grid-v1-101,synthetic,adversarial-design-search,deterministic-adversarial-v1,6,0.75,identity-a0-b0,frictionless,corrected_guarded,3021.49431385203239969869418205261144551664880677194571783684,885.83166462952159200925297817618821889329940780454177920192,71.1887549740836935896480401292141075541116466322467979544975,0,394.92780562617964787433932386196669930041566511062444239647,epsilon-dca
hostile-adaptive-timing-grid-v1-101,synthetic,adversarial-design-search,deterministic-adversarial-v1,6,0.75,identity-a0-b0,proportional-10bps,dca,2297.7022977022977022977022977022977022977022977022977022977,0.000000000000000000000000000000000000000000000000000000001,76.59007659007659007659007659007659007659007659007659007659,5.994005994005994005994005994005994005994005994005994005994,,outside-current-safety-theorem
hostile-adaptive-timing-grid-v1-101,synthetic,adversarial-design-search,deterministic-adversarial-v1,6,0.75,identity-a0-b0,proportional-10bps,neutral_guarded,2871.93361783355160606406737025243519622393370149983292958326,814.706950812264236352635466009604358767682955982169256407511,68.5742222340429123237143968080943612485416915172554557725251,5.18011293625148427936799653745294269853378326075707366992257,381.211996188677848676191991218622928571321836398418158316598,outside-current-safety-theorem
hostile-adaptive-timing-grid-v1-101,synthetic,adversarial-design-search,deterministic-adversarial-v1,6,0.75,identity-a0-b0,proportional-10bps,corrected_guarded,3019.31695869848201346479789853887759270314694700910872028953,885.756750957786182939545634860614922292018127987974282564601,71.1186735913565276841750754559420890137042939673711479241644,5.10913411492728653052992444069868639131666520680522049693845,395.016838451546316205289597403854088899329979707227791656143,outside-current-safety-theorem
hostile-adaptive-timing-grid-v1-101,synthetic,adversarial-design-search,deterministic-adversarial-v1,6,0.75,identity-a0-b0,fixed-1-usd,dca,2297.7,0,76.59,6,,outside-current-safety-theorem
hostile-adaptive-timing-grid-v1-101,synthetic,adversarial-design-search,deterministic-adversarial-v1,6,0.75,identity-a0-b0,fixed-1-usd,neutral_guarded,2871.65835416666666666666666666666666666666666666666666666668,814.60145833333333333333333333333333333333333333333333333334,68.5685631944444444444444444444444444444444444444444444444446,6,381.333055555555555555555555555555555555555555555555555555553,outside-current-safety-theorem
hostile-adaptive-timing-grid-v1-101,synthetic,adversarial-design-search,deterministic-adversarial-v1,6,0.75,identity-a0-b0,fixed-1-usd,corrected_guarded,3019.10021017205859722600339094126568672976655537866938051268,885.645808658864191382609317680430936274898449788077555467651,71.1151467171064801947798024420278250151622701863530608348344,6,395.148278262526337085343740738690612338439072613556476693362,outside-current-safety-theorem
hostile-adaptive-timing-grid-v1-101,synthetic,adversarial-design-search,deterministic-adversarial-v1,6,0.5,identity-a0-b0,frictionless,dca,2300,0,76.6666666666666666666666666666666666666666666666666666666668,0,,epsilon-dca
hostile-adaptive-timing-grid-v1-101,synthetic,adversarial-design-search,deterministic-adversarial-v1,6,0.5,identity-a0-b0,frictionless,neutral_guarded,2898.54166666666666666666666666666666666666666666666666666668,964.583333333333333333333333333333333333333333333333333333335,64.465277777777777777777777777777777777777777777777777777778,0,122.222222222222222222222222222222222222222222222222222222224,epsilon-dca
hostile-adaptive-timing-grid-v1-101,synthetic,adversarial-design-search,deterministic-adversarial-v1,6,0.5,identity-a0-b0,frictionless,corrected_guarded,3090.98602648675610052727193981121758336739216581508813751328,1041.52786671587397600811017874219102023189798835911272118034,68.3152719923627374839720587023008854378498059151991805444312,0,136.805555555555555555555555555555555555555555555555555555557,epsilon-dca
hostile-adaptive-timing-grid-v1-101,synthetic,adversarial-design-search,deterministic-adversarial-v1,6,0.5,identity-a0-b0,proportional-10bps,dca,2297.7022977022977022977022977022977022977022977022977022977,0.000000000000000000000000000000000000000000000000000000001,76.59007659007659007659007659007659007659007659007659007659,5.994005994005994005994005994005994005994005994005994005994,,outside-current-safety-theorem
hostile-adaptive-timing-grid-v1-101,synthetic,adversarial-design-search,deterministic-adversarial-v1,6,0.5,identity-a0-b0,proportional-10bps,neutral_guarded,2896.5923631976625561462303142201665257031469240838293364189,964.556269259378649988040597431206821816212425603034993644385,64.4012031312761302052729905596319901295644832826931447591506,5.03041331742319815186009930326552765053325432007688811823737,122.329080620788912497204205495913787622079330371038662746955,outside-current-safety-theorem
hostile-adaptive-timing-grid-v1-101,synthetic,adversarial-design-search,deterministic-adversarial-v1,6,0.5,identity-a0-b0,proportional-10bps,corrected_guarded,3088.89358567327307098779730028689210676661349962761513795257,1041.50302325865317329483671250197859998122010994866019803144,68.2463520804873299230986862594971168928464463226318313307042,4.95354343330803878791724604145656483518359629375758221974881,136.892647257282621917986553351188715824080459445094809730174,outside-current-safety-theorem
hostile-adaptive-timing-grid-v1-101,synthetic,adversarial-design-search,deterministic-adversarial-v1,6,0.5,identity-a0-b0,fixed-1-usd,dca,2297.7,0,76.59,6,,outside-current-safety-theorem
hostile-adaptive-timing-grid-v1-101,synthetic,adversarial-design-search,deterministic-adversarial-v1,6,0.5,identity-a0-b0,fixed-1-usd,neutral_guarded,2896.21270833333333333333333333333333333333333333333333333332,964.522916666666666666666666666666666666666666666666666666665,64.389659722222222222222222222222222222222222222222222222222,6,122.452777777777777777777777777777777777777777777777777777779,outside-current-safety-theorem
hostile-adaptive-timing-grid-v1-101,synthetic,adversarial-design-search,deterministic-adversarial-v1,6,0.5,identity-a0-b0,fixed-1-usd,corrected_guarded,3088.60106873068966116371744143771156587983029657778102229706,1041.45950799004722015923942283192102297263619316332098152783,68.2380520246880813668159339535263514302398034471486680256411,6,137.025694444444444444444444444444444444444444444444444444445,outside-current-safety-theorem
hostile-adaptive-timing-grid-v1-102,synthetic,adversarial-design-search,deterministic-adversarial-v1,6,1,identity-a0-b0,frictionless,dca,2200,0,73.3333333333333333333333333333333333333333333333333333333335,0,,epsilon-dca
hostile-adaptive-timing-grid-v1-102,synthetic,adversarial-design-search,deterministic-adversarial-v1,6,1,identity-a0-b0,frictionless,neutral_guarded,2200,0,73.3333333333333333333333333333333333333333333333333333333335,0,1000,epsilon-dca
hostile-adaptive-timing-grid-v1-102,synthetic,adversarial-design-search,deterministic-adversarial-v1,6,1,identity-a0-b0,frictionless,corrected_guarded,2200,0,73.3333333333333333333333333333333333333333333333333333333335,0,1000,epsilon-dca
hostile-adaptive-timing-grid-v1-102,synthetic,adversarial-design-search,deterministic-adversarial-v1,6,1,identity-a0-b0,proportional-10bps,dca,2197.8021978021978021978021978021978021978021978021978021978,0.000000000000000000000000000000000000000000000000000000001,73.26007326007326007326007326007326007326007326007326007326,5.994005994005994005994005994005994005994005994005994005994,,outside-current-safety-theorem
hostile-adaptive-timing-grid-v1-102,synthetic,adversarial-design-search,deterministic-adversarial-v1,6,1,identity-a0-b0,proportional-10bps,neutral_guarded,2197.8021978021978021978021978021978021978021978021978021978,0.000000000000000000000000000000000000000000000000000000001,73.26007326007326007326007326007326007326007326007326007326,5.994005994005994005994005994005994005994005994005994005994,1000,outside-current-safety-theorem
hostile-adaptive-timing-grid-v1-102,synthetic,adversarial-design-search,deterministic-adversarial-v1,6,1,identity-a0-b0,proportional-10bps,corrected_guarded,2197.8021978021978021978021978021978021978021978021978021978,0.000000000000000000000000000000000000000000000000000000001,73.26007326007326007326007326007326007326007326007326007326,5.994005994005994005994005994005994005994005994005994005994,1000,outside-current-safety-theorem
hostile-adaptive-timing-grid-v1-102,synthetic,adversarial-design-search,deterministic-adversarial-v1,6,1,identity-a0-b0,fixed-1-usd,dca,2197.8,0,73.26,6,,outside-current-safety-theorem
hostile-adaptive-timing-grid-v1-102,synthetic,adversarial-design-search,deterministic-adversarial-v1,6,1,identity-a0-b0,fixed-1-usd,neutral_guarded,2197.8,0,73.26,6,1000,outside-current-safety-theorem
hostile-adaptive-timing-grid-v1-102,synthetic,adversarial-design-search,deterministic-adversarial-v1,6,1,identity-a0-b0,fixed-1-usd,corrected_guarded,2197.8,0,73.26,6,1000,outside-current-safety-theorem
hostile-adaptive-timing-grid-v1-102,synthetic,adversarial-design-search,deterministic-adversarial-v1,6,0.9,identity-a0-b0,frictionless,dca,2200,0,73.3333333333333333333333333333333333333333333333333333333335,0,,epsilon-dca
hostile-adaptive-timing-grid-v1-102,synthetic,adversarial-design-search,deterministic-adversarial-v1,6,0.9,identity-a0-b0,frictionless,neutral_guarded,2587.225,506.020833333333333333333333333333333333333333333333333333325,69.3734722222222222222222222222222222222222222222222222222222,0,686.090277777777777777777777777777777777777777777777777777783,epsilon-dca
hostile-adaptive-timing-grid-v1-102,synthetic,adversarial-design-search,deterministic-adversarial-v1,6,0.9,identity-a0-b0,frictionless,corrected_guarded,2891.7847386199508082644483455339097021982972991236301140424,820.63229725889950420778637268074787842206588174719052174038,69.0384147120350434685553990951053941258743805792146530767341,0,643.363196409502409182774455297021269116209379260254472795923,epsilon-dca
hostile-adaptive-timing-grid-v1-102,synthetic,adversarial-design-search,deterministic-adversarial-v1,6,0.9,identity-a0-b0,proportional-10bps,dca,2197.8021978021978021978021978021978021978021978021978021978,0.000000000000000000000000000000000000000000000000000000001,73.26007326007326007326007326007326007326007326007326007326,5.994005994005994005994005994005994005994005994005994005994,,outside-current-safety-theorem
hostile-adaptive-timing-grid-v1-102,synthetic,adversarial-design-search,deterministic-adversarial-v1,6,0.9,identity-a0-b0,proportional-10bps,neutral_guarded,2584.84397285904159046770900335835274264715141998458177739524,505.660822674703941005161867914496213656511677698451101430495,69.3061050061445883154182378481285509663546580762043558654913,5.48885032699829776123360452755794584050298533696458431425525,686.26994300453288739828449616592935594653294222945683217658,outside-current-safety-theorem
hostile-adaptive-timing-grid-v1-102,synthetic,adversarial-design-search,deterministic-adversarial-v1,6,0.9,identity-a0-b0,proportional-10bps,corrected_guarded,2889.60503126634328928774229808586706475320990110175973148638,820.562993354401703260201916301296818259864193207691966979323,68.9680679303980528675846793928190082164448569298022588169019,5.1742627439016966001396584252734297519881476591331748581625,643.440993556251287573749521902946784540969923839628719999712,outside-current-safety-theorem
hostile-adaptive-timing-grid-v1-102,synthetic,adversarial-design-search,deterministic-adversarial-v1,6,0.9,identity-a0-b0,fixed-1-usd,dca,2197.8,0,73.26,6,,outside-current-safety-theorem
hostile-adaptive-timing-grid-v1-102,synthetic,adversarial-design-search,deterministic-adversarial-v1,6,0.9,identity-a0-b0,fixed-1-usd,neutral_guarded,2584.60057500000000000000000000000000000000000000000000000002,505.500479166666666666666666666666666666666666666666666666685,69.3033365277777777777777777777777777777777777777777777777779,6,686.380409722222222222222222222222222222222222222222222222213,outside-current-safety-theorem
hostile-adaptive-timing-grid-v1-102,synthetic,adversarial-design-search,deterministic-adversarial-v1,6,0.9,identity-a0-b0,fixed-1-usd,corrected_guarded,2889.41413456830219222883371862835429154857410303222013014064,820.486628964359847750594300614552280976053892914650104562956,68.9642501867980781492746472671267336857506736705856675192559,6,643.51625003365427686722956603359111529383405982527534900599,outside-current-safety-theorem
hostile-adaptive-timing-grid-v1-102,synthetic,adversarial-design-search,deterministic-adversarial-v1,6,0.75,identity-a0-b0,frictionless,dca,2200,0,73.3333333333333333333333333333333333333333333333333333333335,0,,epsilon-dca
hostile-adaptive-timing-grid-v1-102,synthetic,adversarial-design-search,deterministic-adversarial-v1,6,0.75,identity-a0-b0,frictionless,neutral_guarded,2792.54166666666666666666666666666666666666666666666666666666,814.79166666666666666666666666666666666666666666666666666666,65.925,0,381.111111111111111111111111111111111111111111111111111111113,epsilon-dca
hostile-adaptive-timing-grid-v1-102,synthetic,adversarial-design-search,deterministic-adversarial-v1,6,0.75,identity-a0-b0,frictionless,corrected_guarded,3073.8523228033463490687122676339423600486014883875250717983,1039.66247632167438393024442238995160349180605191530348409354,67.8063282160557321712822615081330252185598478824073862568255,0,394.92780562617964787433932386196669930041566511062444239647,epsilon-dca
hostile-adaptive-timing-grid-v1-102,synthetic,adversarial-design-search,deterministic-adversarial-v1,6,0.75,identity-a0-b0,proportional-10bps,dca,2197.8021978021978021978021978021978021978021978021978021978,0.000000000000000000000000000000000000000000000000000000001,73.26007326007326007326007326007326007326007326007326007326,5.994005994005994005994005994005994005994005994005994005994,,outside-current-safety-theorem
hostile-adaptive-timing-grid-v1-102,synthetic,adversarial-design-search,deterministic-adversarial-v1,6,0.75,identity-a0-b0,proportional-10bps,neutral_guarded,2790.54431205810063340146642459713006547791142817494089597612,814.706950812264236352635466009604358767682955982169256407511,65.861245374861213234961031952917523557007615739759054652287,5.18011293625148427936799653745294269853378326075707366992257,381.211996188677848676191991218622928571321836398418158316598,outside-current-safety-theorem
hostile-adaptive-timing-grid-v1-102,synthetic,adversarial-design-search,deterministic-adversarial-v1,6,0.75,identity-a0-b0,proportional-10bps,corrected_guarded,3071.77190265716814010859931171721216928226216104547478325161,1039.57455337132539412058416751088865920837555323086814675924,67.7399116428614248662671714735441170024628869271535545497456,4.95546997665202258329611971277633500578583860816097088235839,395.016838451546316205289597403854088899329979707227791656143,outside-current-safety-theorem
hostile-adaptive-timing-grid-v1-102,synthetic,adversarial-design-search,deterministic-adversarial-v1,6,0.75,identity-a0-b0,fixed-1-usd,dca,2197.8,0,73.26,6,,outside-current-safety-theorem
hostile-adaptive-timing-grid-v1-102,synthetic,adversarial-design-search,deterministic-adversarial-v1,6,0.75,identity-a0-b0,fixed-1-usd,neutral_guarded,2790.29820833333333333333333333333333333333333333333333333334,814.60145833333333333333333333333333333333333333333333333334,65.8565583333333333333333333333333333333333333333333333333335,6,381.333055555555555555555555555555555555555555555555555555553,outside-current-safety-theorem
hostile-adaptive-timing-grid-v1-102,synthetic,adversarial-design-search,deterministic-adversarial-v1,6,0.75,identity-a0-b0,fixed-1-usd,corrected_guarded,3071.54723391143681712697106299720485449989938327086847393462,1039.44434517282495273629381269997823288480332179137127084135,67.7367629579537288130225750099075540538365353826499067697757,6,395.148278262526337085343740738690612338439072613556476693362,outside-current-safety-theorem
hostile-adaptive-timing-grid-v1-102,synthetic,adversarial-design-search,deterministic-adversarial-v1,6,0.5,identity-a0-b0,frictionless,dca,2200,0,73.3333333333333333333333333333333333333333333333333333333335,0,,epsilon-dca
hostile-adaptive-timing-grid-v1-102,synthetic,adversarial-design-search,deterministic-adversarial-v1,6,0.5,identity-a0-b0,frictionless,neutral_guarded,2802.08333333333333333333333333333333333333333333333333333334,964.583333333333333333333333333333333333333333333333333333335,61.2500000000000000000000000000000000000000000000000000000002,0,122.222222222222222222222222222222222222222222222222222222224,epsilon-dca
hostile-adaptive-timing-grid-v1-102,synthetic,adversarial-design-search,deterministic-adversarial-v1,6,0.5,identity-a0-b0,frictionless,corrected_guarded,3152.54662264286610285611085697817819865093490170804930091198,1222.39640363355924381450345602945906439655760946405308663106,64.3383406336435619680535800316239711418125764081332071426973,0,136.805555555555555555555555555555555555555555555555555555557,epsilon-dca
hostile-adaptive-timing-grid-v1-102,synthetic,adversarial-design-search,deterministic-adversarial-v1,6,0.5,identity-a0-b0,proportional-10bps,dca,2197.8021978021978021978021978021978021978021978021978021978,0.000000000000000000000000000000000000000000000000000000001,73.26007326007326007326007326007326007326007326007326007326,5.994005994005994005994005994005994005994005994005994005994,,outside-current-safety-theorem
hostile-adaptive-timing-grid-v1-102,synthetic,adversarial-design-search,deterministic-adversarial-v1,6,0.5,identity-a0-b0,proportional-10bps,neutral_guarded,2800.23309553938297073283964514611989015707175669091874764324,964.556269259378649988040597431206821816212425603034993644385,61.1892275426668106914933015904971022780286443695961251332952,5.03041331742319815186009930326552765053325432007688811823737,122.329080620788912497204205495913787622079330371038662746955,outside-current-safety-theorem
hostile-adaptive-timing-grid-v1-102,synthetic,adversarial-design-search,deterministic-adversarial-v1,6,0.5,identity-a0-b0,proportional-10bps,corrected_guarded,3150.57189933981886824056234688215912668887528242698825225569,1222.36724593770585204381522706379815000263927440080312636802,64.2734884467371005398915706606120325562078669342061708629222,4.77285989416812602193425052241378806193542530029889797565632,136.892647257282621917986553351188715824080459445094809730174,outside-current-safety-theorem
hostile-adaptive-timing-grid-v1-102,synthetic,adversarial-design-search,deterministic-adversarial-v1,6,0.5,identity-a0-b0,fixed-1-usd,dca,2197.8,0,73.26,6,,outside-current-safety-theorem
hostile-adaptive-timing-grid-v1-102,synthetic,adversarial-design-search,deterministic-adversarial-v1,6,0.5,identity-a0-b0,fixed-1-usd,neutral_guarded,2799.86041666666666666666666666666666666666666666666666666666,964.522916666666666666666666666666666666666666666666666666665,61.1779166666666666666666666666666666666666666666666666666665,6,122.452777777777777777777777777777777777777777777777777777779,outside-current-safety-theorem
hostile-adaptive-timing-grid-v1-102,synthetic,adversarial-design-search,deterministic-adversarial-v1,6,0.5,identity-a0-b0,fixed-1-usd,corrected_guarded,3150.25762447266495925957364656067482626553750901311607587785,1222.31617394093365591265469467138755438145214183307012856656,64.2647150177243767782306317296429090628028455726681982437098,6,137.025694444444444444444444444444444444444444444444444444445,outside-current-safety-theorem
hostile-adaptive-timing-grid-v1-105,synthetic,adversarial-design-search,deterministic-adversarial-v1,6,1,identity-a0-b0,frictionless,dca,2000,0,66.6666666666666666666666666666666666666666666666666666666668,0,,epsilon-dca
hostile-adaptive-timing-grid-v1-105,synthetic,adversarial-design-search,deterministic-adversarial-v1,6,1,identity-a0-b0,frictionless,neutral_guarded,2000,0,66.6666666666666666666666666666666666666666666666666666666668,0,1000,epsilon-dca
hostile-adaptive-timing-grid-v1-105,synthetic,adversarial-design-search,deterministic-adversarial-v1,6,1,identity-a0-b0,frictionless,corrected_guarded,2000,0,66.6666666666666666666666666666666666666666666666666666666668,0,1000,epsilon-dca
hostile-adaptive-timing-grid-v1-105,synthetic,adversarial-design-search,deterministic-adversarial-v1,6,1,identity-a0-b0,proportional-10bps,dca,1998.001998001998001998001998001998001998001998001998001998,0.000000000000000000000000000000000000000000000000000000001,66.6000666000666000666000666000666000666000666000666000666,5.994005994005994005994005994005994005994005994005994005994,,outside-current-safety-theorem
hostile-adaptive-timing-grid-v1-105,synthetic,adversarial-design-search,deterministic-adversarial-v1,6,1,identity-a0-b0,proportional-10bps,neutral_guarded,1998.001998001998001998001998001998001998001998001998001998,0.000000000000000000000000000000000000000000000000000000001,66.6000666000666000666000666000666000666000666000666000666,5.994005994005994005994005994005994005994005994005994005994,1000,outside-current-safety-theorem
hostile-adaptive-timing-grid-v1-105,synthetic,adversarial-design-search,deterministic-adversarial-v1,6,1,identity-a0-b0,proportional-10bps,corrected_guarded,1998.001998001998001998001998001998001998001998001998001998,0.000000000000000000000000000000000000000000000000000000001,66.6000666000666000666000666000666000666000666000666000666,5.994005994005994005994005994005994005994005994005994005994,1000,outside-current-safety-theorem
hostile-adaptive-timing-grid-v1-105,synthetic,adversarial-design-search,deterministic-adversarial-v1,6,1,identity-a0-b0,fixed-1-usd,dca,1998,0,66.6,6,,outside-current-safety-theorem
hostile-adaptive-timing-grid-v1-105,synthetic,adversarial-design-search,deterministic-adversarial-v1,6,1,identity-a0-b0,fixed-1-usd,neutral_guarded,1998,0,66.6,6,1000,outside-current-safety-theorem
hostile-adaptive-timing-grid-v1-105,synthetic,adversarial-design-search,deterministic-adversarial-v1,6,1,identity-a0-b0,fixed-1-usd,corrected_guarded,1998,0,66.6,6,1000,outside-current-safety-theorem
hostile-adaptive-timing-grid-v1-105,synthetic,adversarial-design-search,deterministic-adversarial-v1,6,0.9,identity-a0-b0,frictionless,dca,2000,0,66.6666666666666666666666666666666666666666666666666666666668,0,,epsilon-dca
hostile-adaptive-timing-grid-v1-105,synthetic,adversarial-design-search,deterministic-adversarial-v1,6,0.9,identity-a0-b0,frictionless,neutral_guarded,2311.04166666666666666666666666666666666666666666666666666665,425.868055555555555555555555555555555555555555555555555555543,62.8391203703703703703703703703703703703703703703703703703704,0,706.122685185185185185185185185185185185185185185185185185193,epsilon-dca
hostile-adaptive-timing-grid-v1-105,synthetic,adversarial-design-search,deterministic-adversarial-v1,6,0.9,identity-a0-b0,frictionless,corrected_guarded,2459.63480203153309204370399905934807799677169835360768187718,590.079818800329243632500483007368458430898904348743515910145,62.3184994410401282803734505350659873188624264668288055322342,0,705.51027003019209466942865852066390776466626804332420757427,epsilon-dca
hostile-adaptive-timing-grid-v1-105,synthetic,adversarial-design-search,deterministic-adversarial-v1,6,0.9,identity-a0-b0,proportional-10bps,dca,1998.001998001998001998001998001998001998001998001998001998,0.000000000000000000000000000000000000000000000000000000001,66.6000666000666000666000666000666000666000666000666000666,5.994005994005994005994005994005994005994005994005994005994,,outside-current-safety-theorem
hostile-adaptive-timing-grid-v1-105,synthetic,adversarial-design-search,deterministic-adversarial-v1,6,0.9,identity-a0-b0,proportional-10bps,neutral_guarded,2308.97794442900965604544028136007487838636775413526944755156,425.642614608626442381468898388258338104893644067644310436515,62.7778443273461071221323794323938846760491370022541712371682,5.56878859679457897863989121040134032157353282310924644312037,706.259939129509128450967876463043283354952360847756201382098,outside-current-safety-theorem
hostile-adaptive-timing-grid-v1-105,synthetic,adversarial-design-search,deterministic-adversarial-v1,6,0.9,identity-a0-b0,proportional-10bps,corrected_guarded,2457.47115713791037596752095364496085999420810383783457594949,589.730868626318806506602976687233555654698686489707782362259,62.2580096170530523153639325652575768113169805782708931195742,5.40486426710657461887452250081195448985544586764264956806967,705.655837887111212156613563182826493894728980703929917478603,outside-current-safety-theorem
hostile-adaptive-timing-grid-v1-105,synthetic,adversarial-design-search,deterministic-adversarial-v1,6,0.9,identity-a0-b0,fixed-1-usd,dca,1998,0,66.6,6,,outside-current-safety-theorem
hostile-adaptive-timing-grid-v1-105,synthetic,adversarial-design-search,deterministic-adversarial-v1,6,0.9,identity-a0-b0,fixed-1-usd,neutral_guarded,2308.71395833333333333333333333333333333333333333333333333335,425.444965277777777777777777777777777777777777777777777777787,62.7756331018518518518518518518518518518518518518518518518519,6,706.389155092592592592592592592592592592592592592592592592587,outside-current-safety-theorem
hostile-adaptive-timing-grid-v1-105,synthetic,adversarial-design-search,deterministic-adversarial-v1,6,0.9,identity-a0-b0,fixed-1-usd,corrected_guarded,2457.17078505013130619789222360393086223838545399351965683304,589.503709985998167286237790045858591209075894372855072059871,62.2555691688044379637218144519357423676436519873554861591057,6,705.773445797666882117205128378060146820326041269918048301645,outside-current-safety-theorem
hostile-adaptive-timing-grid-v1-105,synthetic,adversarial-design-search,deterministic-adversarial-v1,6,0.75,identity-a0-b0,frictionless,dca,2000,0,66.6666666666666666666666666666666666666666666666666666666668,0,,epsilon-dca
hostile-adaptive-timing-grid-v1-105,synthetic,adversarial-design-search,deterministic-adversarial-v1,6,0.75,identity-a0-b0,frictionless,neutral_guarded,2615.62499999999999999999999999999999999999999999999999999999,869.79166666666666666666666666666666666666666666666666666666,58.1944444444444444444444444444444444444444444444444444444444,0,344.444444444444444444444444444444444444444444444444444444448,epsilon-dca
hostile-adaptive-timing-grid-v1-105,synthetic,adversarial-design-search,deterministic-adversarial-v1,6,0.75,identity-a0-b0,frictionless,corrected_guarded,2898.34791723659681524426917797665095719175712423897214193138,1182.69625253048922068052128349172249059575093262940053123665,57.1883888235369198187915964828309488865335397203190536898242,0,362.611157525114227938713687918092646982174256665855552142263,epsilon-dca
hostile-adaptive-timing-grid-v1-105,synthetic,adversarial-design-search,deterministic-adversarial-v1,6,0.75,identity-a0-b0,proportional-10bps,dca,1998.001998001998001998001998001998001998001998001998001998,0.000000000000000000000000000000000000000000000000000000001,66.6000666000666000666000666000666000666000666000666000666,5.994005994005994005994005994005994005994005994005994005994,,outside-current-safety-theorem
hostile-adaptive-timing-grid-v1-105,synthetic,adversarial-design-search,deterministic-adversarial-v1,6,0.75,identity-a0-b0,proportional-10bps,neutral_guarded,2613.80780020825639333838592955266326017287509176405329369084,869.659494933980843925045577538938324007400784769270429464386,58.1382768424758516471113450671241645388491435664927621408817,5.12521528977624291316179262983123044554705216306766190862699,344.576966774200110294585250199066951744843283873684042945347,outside-current-safety-theorem
hostile-adaptive-timing-grid-v1-105,synthetic,adversarial-design-search,deterministic-adversarial-v1,6,0.75,identity-a0-b0,proportional-10bps,corrected_guarded,2896.5159097947264069279592998399567600601650105675120379693,1182.52377656970463770034699954535638049034498901682550842875,57.1330711075007256409204100098200126523273340516895509846851,4.81266355987042493736229070974489872078886614483833615541583,362.730515000149653036153811222693909557523146363681382850182,outside-current-safety-theorem
hostile-adaptive-timing-grid-v1-105,synthetic,adversarial-design-search,deterministic-adversarial-v1,6,0.75,identity-a0-b0,fixed-1-usd,dca,1998,0,66.6,6,,outside-current-safety-theorem
hostile-adaptive-timing-grid-v1-105,synthetic,adversarial-design-search,deterministic-adversarial-v1,6,0.75,identity-a0-b0,fixed-1-usd,neutral_guarded,2613.46562500000000000000000000000000000000000000000000000001,869.49479166666666666666666666666666666666666666666666666667,58.1323611111111111111111111111111111111111111111111111111112,6,344.737499999999999999999999999999999999999999999999999999997,outside-current-safety-theorem
hostile-adaptive-timing-grid-v1-105,synthetic,adversarial-design-search,deterministic-adversarial-v1,6,0.75,identity-a0-b0,fixed-1-usd,corrected_guarded,2896.07473984752442270055003847425985702390443979818414905079,1182.27166681182820240517131788542960895680350619811155750145,57.1267691011898740098459573529610082689033644533357530516447,6,362.905232289395746994091419749669539082583639541112646340788,outside-current-safety-theorem
hostile-adaptive-timing-grid-v1-105,synthetic,adversarial-design-search,deterministic-adversarial-v1,6,0.5,identity-a0-b0,frictionless,dca,2000,0,66.6666666666666666666666666666666666666666666666666666666668,0,,epsilon-dca
hostile-adaptive-timing-grid-v1-105,synthetic,adversarial-design-search,deterministic-adversarial-v1,6,0.5,identity-a0-b0,frictionless,neutral_guarded,2616.25,964.583333333333333333333333333333333333333333333333333333335,55.0555555555555555555555555555555555555555555555555555555557,0,122.222222222222222222222222222222222222222222222222222222224,epsilon-dca
hostile-adaptive-timing-grid-v1-105,synthetic,adversarial-design-search,deterministic-adversarial-v1,6,0.5,identity-a0-b0,frictionless,corrected_guarded,2976.24507557848084395497353618184307880532985699208648739206,1347.36510834489551354600063461302185432805621108935008652124,54.2959989077861776802990967189607074825757881967578800290272,0,136.805555555555555555555555555555555555555555555555555555557,epsilon-dca
hostile-adaptive-timing-grid-v1-105,synthetic,adversarial-design-search,deterministic-adversarial-v1,6,0.5,identity-a0-b0,proportional-10bps,dca,1998.001998001998001998001998001998001998001998001998001998,0.000000000000000000000000000000000000000000000000000000001,66.6000666000666000666000666000666000666000666000666000666,5.994005994005994005994005994005994005994005994005994005994,,outside-current-safety-theorem
hostile-adaptive-timing-grid-v1-105,synthetic,adversarial-design-search,deterministic-adversarial-v1,6,0.5,identity-a0-b0,proportional-10bps,neutral_guarded,2614.59622470646442927907716865013314817257128691947619274038,964.556269259378649988040597431206821816212425603034993644385,55.0013318482361926430345523739642108785452953772147066365334,5.03041331742319815186009930326552765053325432007688811823737,122.329080620788912497204205495913787622079330371038662746955,outside-current-safety-theorem
hostile-adaptive-timing-grid-v1-105,synthetic,adversarial-design-search,deterministic-adversarial-v1,6,0.5,identity-a0-b0,proportional-10bps,corrected_guarded,2974.57936658762772701612529593862733528908496388781788431422,1347.32835174733388903358165662496904206414352685381510798673,54.2417004946764612660847879771219431074980479011334258775829,4.64802362462803807289352481855647448345240406907710778422904,136.892647257282621917986553351188715824080459445094809730174,outside-current-safety-theorem
hostile-adaptive-timing-grid-v1-105,synthetic,adversarial-design-search,deterministic-adversarial-v1,6,0.5,identity-a0-b0,fixed-1-usd,dca,1998,0,66.6,6,,outside-current-safety-theorem
hostile-adaptive-timing-grid-v1-105,synthetic,adversarial-design-search,deterministic-adversarial-v1,6,0.5,identity-a0-b0,fixed-1-usd,neutral_guarded,2614.25125,964.522916666666666666666666666666666666666666666666666666665,54.9909444444444444444444444444444444444444444444444444444443,6,122.452777777777777777777777777777777777777777777777777777779,outside-current-safety-theorem
hostile-adaptive-timing-grid-v1-105,synthetic,adversarial-design-search,deterministic-adversarial-v1,6,0.5,identity-a0-b0,fixed-1-usd,corrected_guarded,2974.1782569855386922293832361574554568624938568456360469374,1347.26396967676620286767783969160102564869358402863498437229,54.2304762436257496453901798821951477071266757605667020855036,6,137.025694444444444444444444444444444444444444444444444444445,outside-current-safety-theorem
hostile-adaptive-timing-grid-v1-173,synthetic,adversarial-design-search,deterministic-adversarial-v1,6,1,identity-a0-b0,frictionless,dca,2300,0,76.6666666666666666666666666666666666666666666666666666666668,0,,epsilon-dca
hostile-adaptive-timing-grid-v1-173,synthetic,adversarial-design-search,deterministic-adversarial-v1,6,1,identity-a0-b0,frictionless,neutral_guarded,2300,0,76.6666666666666666666666666666666666666666666666666666666668,0,1000,epsilon-dca
hostile-adaptive-timing-grid-v1-173,synthetic,adversarial-design-search,deterministic-adversarial-v1,6,1,identity-a0-b0,frictionless,corrected_guarded,2300,0,76.6666666666666666666666666666666666666666666666666666666668,0,1000,epsilon-dca
hostile-adaptive-timing-grid-v1-173,synthetic,adversarial-design-search,deterministic-adversarial-v1,6,1,identity-a0-b0,proportional-10bps,dca,2297.7022977022977022977022977022977022977022977022977022977,0.000000000000000000000000000000000000000000000000000000001,76.59007659007659007659007659007659007659007659007659007659,5.994005994005994005994005994005994005994005994005994005994,,outside-current-safety-theorem
hostile-adaptive-timing-grid-v1-173,synthetic,adversarial-design-search,deterministic-adversarial-v1,6,1,identity-a0-b0,proportional-10bps,neutral_guarded,2297.7022977022977022977022977022977022977022977022977022977,0.000000000000000000000000000000000000000000000000000000001,76.59007659007659007659007659007659007659007659007659007659,5.994005994005994005994005994005994005994005994005994005994,1000,outside-current-safety-theorem
hostile-adaptive-timing-grid-v1-173,synthetic,adversarial-design-search,deterministic-adversarial-v1,6,1,identity-a0-b0,proportional-10bps,corrected_guarded,2297.7022977022977022977022977022977022977022977022977022977,0.000000000000000000000000000000000000000000000000000000001,76.59007659007659007659007659007659007659007659007659007659,5.994005994005994005994005994005994005994005994005994005994,1000,outside-current-safety-theorem
hostile-adaptive-timing-grid-v1-173,synthetic,adversarial-design-search,deterministic-adversarial-v1,6,1,identity-a0-b0,fixed-1-usd,dca,2297.7,0,76.59,6,,outside-current-safety-theorem
hostile-adaptive-timing-grid-v1-173,synthetic,adversarial-design-search,deterministic-adversarial-v1,6,1,identity-a0-b0,fixed-1-usd,neutral_guarded,2297.7,0,76.59,6,1000,outside-current-safety-theorem
hostile-adaptive-timing-grid-v1-173,synthetic,adversarial-design-search,deterministic-adversarial-v1,6,1,identity-a0-b0,fixed-1-usd,corrected_guarded,2297.7,0,76.59,6,1000,outside-current-safety-theorem
hostile-adaptive-timing-grid-v1-173,synthetic,adversarial-design-search,deterministic-adversarial-v1,6,0.9,identity-a0-b0,frictionless,dca,2300,0,76.6666666666666666666666666666666666666666666666666666666668,0,,epsilon-dca
hostile-adaptive-timing-grid-v1-173,synthetic,adversarial-design-search,deterministic-adversarial-v1,6,0.9,identity-a0-b0,frictionless,neutral_guarded,2561.4,377.999999999999999999999999999999999999999999999999999999995,72.78,0,736.541666666666666666666666666666666666666666666666666666673,epsilon-dca
hostile-adaptive-timing-grid-v1-173,synthetic,adversarial-design-search,deterministic-adversarial-v1,6,0.9,identity-a0-b0,frictionless,corrected_guarded,2677.16204256885778052875734270912871927869965494753035622427,489.860727746699792508380565416206805715517927071254693727042,72.9100438274052662673458925764307304521060575958758554165743,0,701.273911708253610000862421048914392873987320120730057963347,epsilon-dca
hostile-adaptive-timing-grid-v1-173,synthetic,adversarial-design-search,deterministic-adversarial-v1,6,0.9,identity-a0-b0,proportional-10bps,dca,2297.7022977022977022977022977022977022977022977022977022977,0.000000000000000000000000000000000000000000000000000000001,76.59007659007659007659007659007659007659007659007659007659,5.994005994005994005994005994005994005994005994005994005994,,outside-current-safety-theorem
hostile-adaptive-timing-grid-v1-173,synthetic,adversarial-design-search,deterministic-adversarial-v1,6,0.9,identity-a0-b0,proportional-10bps,neutral_guarded,2559.04304315945806056445389438656533275521867744755592460009,377.77032349745077029931530933812933611609833470555853026924,72.7090906554002430088379528349478665546373447580665798110282,5.61661306343911011958110358707479586801588577951492654318756,736.677673641524369503219467618705563935621306926399184222667,outside-current-safety-theorem
hostile-adaptive-timing-grid-v1-173,synthetic,adversarial-design-search,deterministic-adversarial-v1,6,0.9,identity-a0-b0,proportional-10bps,corrected_guarded,2674.66792545962269103405804146182001145039318869347408293805,489.478518338032271415105991790114157468465719101545763298827,72.8396469040530139872984016557235284660642489863976106546408,5.50501646519677095762726674146841742510642785304540882787328,701.460585375862302859774294189929571410872254523320005492222,outside-current-safety-theorem
hostile-adaptive-timing-grid-v1-173,synthetic,adversarial-design-search,deterministic-adversarial-v1,6,0.9,identity-a0-b0,fixed-1-usd,dca,2297.7,0,76.59,6,,outside-current-safety-theorem
hostile-adaptive-timing-grid-v1-173,synthetic,adversarial-design-search,deterministic-adversarial-v1,6,0.9,identity-a0-b0,fixed-1-usd,neutral_guarded,2558.82535555555555555555555555555555555555555555555555555556,377.634888888888888888888888888888888888888888888888888888895,72.706348888888888888888888888888888888888888888888888888889,6,736.775120370370370370370370370370370370370370370370370370368,outside-current-safety-theorem
hostile-adaptive-timing-grid-v1-173,synthetic,adversarial-design-search,deterministic-adversarial-v1,6,0.9,identity-a0-b0,fixed-1-usd,corrected_guarded,2674.48432419681456492578149112531601526365820001255765976324,489.394622288321054559082386848514987197663860044814770804578,72.8363233969497836788899701425600342688664779989247629652885,6,701.536534101785418854906361244235013834331730995673188403938,outside-current-safety-theorem
hostile-adaptive-timing-grid-v1-173,synthetic,adversarial-design-search,deterministic-adversarial-v1,6,0.75,identity-a0-b0,frictionless,dca,2300,0,76.6666666666666666666666666666666666666666666666666666666668,0,,epsilon-dca
hostile-adaptive-timing-grid-v1-173,synthetic,adversarial-design-search,deterministic-adversarial-v1,6,0.75,identity-a0-b0,frictionless,neutral_guarded,2857.25,807.5,68.325,0,387.187500000000000000000000000000000000000000000000000000003,epsilon-dca
hostile-adaptive-timing-grid-v1-173,synthetic,adversarial-design-search,deterministic-adversarial-v1,6,0.75,identity-a0-b0,frictionless,corrected_guarded,2988.61930841644887091441320523924483716466389825225649960353,872.806791224267303854393574218270604142218831587807026601113,70.527083906406052235333987700699141100748168888814982433414,0,367.00367280670458492259966141680659432768120583674542313838,epsilon-dca
hostile-adaptive-timing-grid-v1-173,synthetic,adversarial-design-search,deterministic-adversarial-v1,6,0.75,identity-a0-b0,proportional-10bps,dca,2297.7022977022977022977022977022977022977022977022977022977,0.000000000000000000000000000000000000000000000000000000001,76.59007659007659007659007659007659007659007659007659007659,5.994005994005994005994005994005994005994005994005994005994,,outside-current-safety-theorem
hostile-adaptive-timing-grid-v1-173,synthetic,adversarial-design-search,deterministic-adversarial-v1,6,0.75,identity-a0-b0,proportional-10bps,neutral_guarded,2855.06836365838294531722567309600085914452424180672412831662,807.361923601683319043576473155190836415401365631260307318215,68.256881335223320875788306664693667424304095872515460699947,5.1874506257725441368196039229218872763082903440247149777041,387.382145817792125992952602443474744464001424360209966674962,outside-current-safety-theorem
hostile-adaptive-timing-grid-v1-173,synthetic,adversarial-design-search,deterministic-adversarial-v1,6,0.75,identity-a0-b0,proportional-10bps,corrected_guarded,2986.40512813923051695066605806586864428649785892708698395712,872.686477133126454576605288812329797254249237612455879237398,70.4572883668701354124686923084512949010749540438210368239908,5.12219133153533820721617853265501518755819256981772639436823,367.133951511989736664985154847060508152356059235767866160463,outside-current-safety-theorem
hostile-adaptive-timing-grid-v1-173,synthetic,adversarial-design-search,deterministic-adversarial-v1,6,0.75,identity-a0-b0,fixed-1-usd,dca,2297.7,0,76.59,6,,outside-current-safety-theorem
hostile-adaptive-timing-grid-v1-173,synthetic,adversarial-design-search,deterministic-adversarial-v1,6,0.75,identity-a0-b0,fixed-1-usd,neutral_guarded,2854.71741666666666666666666666666666666666666666666666666668,807.235833333333333333333333333333333333333333333333333333335,68.2493861111111111111111111111111111111111111111111111111112,6,387.554930555555555555555555555555555555555555555555555555555,outside-current-safety-theorem
hostile-adaptive-timing-grid-v1-173,synthetic,adversarial-design-search,deterministic-adversarial-v1,6,0.75,identity-a0-b0,fixed-1-usd,corrected_guarded,2986.13089133828901475027823039952807626258553357879937176218,872.583568869771588757002434481774501315629276087276805230105,70.4515774156172475331091931972584524982318752497174188844028,6,367.276901955751005326269809627658715986440595264906666869785,outside-current-safety-theorem
hostile-adaptive-timing-grid-v1-173,synthetic,adversarial-design-search,deterministic-adversarial-v1,6,0.5,identity-a0-b0,frictionless,dca,2300,0,76.6666666666666666666666666666666666666666666666666666666668,0,,epsilon-dca
hostile-adaptive-timing-grid-v1-173,synthetic,adversarial-design-search,deterministic-adversarial-v1,6,0.5,identity-a0-b0,frictionless,neutral_guarded,2930.46875,964.0625,65.546875,0,116.666666666666666666666666666666666666666666666666666666667,epsilon-dca
hostile-adaptive-timing-grid-v1-173,synthetic,adversarial-design-search,deterministic-adversarial-v1,6,0.5,identity-a0-b0,frictionless,corrected_guarded,3084.50011352832944546278555744438467518974675332110032765537,988.822804575859720089915152324679928300500397420275142101639,69.8559102984156575124290135039901582296415451966941728517911,0,134.523809523809523809523809523809523809523809523809523809524,epsilon-dca
hostile-adaptive-timing-grid-v1-173,synthetic,adversarial-design-search,deterministic-adversarial-v1,6,0.5,identity-a0-b0,proportional-10bps,dca,2297.7022977022977022977022977022977022977022977022977022977,0.000000000000000000000000000000000000000000000000000000001,76.59007659007659007659007659007659007659007659007659007659,5.994005994005994005994005994005994005994005994005994005994,,outside-current-safety-theorem
hostile-adaptive-timing-grid-v1-173,synthetic,adversarial-design-search,deterministic-adversarial-v1,6,0.5,identity-a0-b0,proportional-10bps,neutral_guarded,2928.5136457573395635333697271759209821147883085945024006962,964.04376873126873126873126873126873126873126873126873126873,65.4823292342023610754879486148217416948685679954411223142491,5.03092530596276850023103769357515611261865008118754372500625,116.716616716616716616716616716616716616716616716616716616717,outside-current-safety-theorem
hostile-adaptive-timing-grid-v1-173,synthetic,adversarial-design-search,deterministic-adversarial-v1,6,0.5,identity-a0-b0,proportional-10bps,corrected_guarded,3082.4100110632695720203272971470917335676526998644078166863,988.813384359866030174677978049809553150463460233354015575585,69.786554223446784728188310636576072680572974654368460037024,5.00618043520492904078453748446572472212740913063600997444997,134.555920270205984491698777413063127348841634555920270205985,outside-current-safety-theorem
hostile-adaptive-timing-grid-v1-173,synthetic,adversarial-design-search,deterministic-adversarial-v1,6,0.5,identity-a0-b0,fixed-1-usd,dca,2297.7,0,76.59,6,,outside-current-safety-theorem
hostile-adaptive-timing-grid-v1-173,synthetic,adversarial-design-search,deterministic-adversarial-v1,6,0.5,identity-a0-b0,fixed-1-usd,neutral_guarded,2928.190625,964.01875,65.4723958333333333333333333333333333333333333333333333333333,6,116.783333333333333333333333333333333333333333333333333333334,outside-current-safety-theorem
hostile-adaptive-timing-grid-v1-173,synthetic,adversarial-design-search,deterministic-adversarial-v1,6,0.5,identity-a0-b0,fixed-1-usd,corrected_guarded,3082.21280872347414974758941256516105297087204865571903783085,988.788578488876424041584177435189777875747676525364450621899,69.7808076744865908568668411709990425031708124043451529069651,6,134.640476190476190476190476190476190476190476190476190476191,outside-current-safety-theorem
hostile-adaptive-timing-grid-v1-174,synthetic,adversarial-design-search,deterministic-adversarial-v1,6,1,identity-a0-b0,frictionless,dca,2200,0,73.3333333333333333333333333333333333333333333333333333333335,0,,epsilon-dca
hostile-adaptive-timing-grid-v1-174,synthetic,adversarial-design-search,deterministic-adversarial-v1,6,1,identity-a0-b0,frictionless,neutral_guarded,2200,0,73.3333333333333333333333333333333333333333333333333333333335,0,1000,epsilon-dca
hostile-adaptive-timing-grid-v1-174,synthetic,adversarial-design-search,deterministic-adversarial-v1,6,1,identity-a0-b0,frictionless,corrected_guarded,2200,0,73.3333333333333333333333333333333333333333333333333333333335,0,1000,epsilon-dca
hostile-adaptive-timing-grid-v1-174,synthetic,adversarial-design-search,deterministic-adversarial-v1,6,1,identity-a0-b0,proportional-10bps,dca,2197.8021978021978021978021978021978021978021978021978021978,0.000000000000000000000000000000000000000000000000000000001,73.26007326007326007326007326007326007326007326007326007326,5.994005994005994005994005994005994005994005994005994005994,,outside-current-safety-theorem
hostile-adaptive-timing-grid-v1-174,synthetic,adversarial-design-search,deterministic-adversarial-v1,6,1,identity-a0-b0,proportional-10bps,neutral_guarded,2197.8021978021978021978021978021978021978021978021978021978,0.000000000000000000000000000000000000000000000000000000001,73.26007326007326007326007326007326007326007326007326007326,5.994005994005994005994005994005994005994005994005994005994,1000,outside-current-safety-theorem
hostile-adaptive-timing-grid-v1-174,synthetic,adversarial-design-search,deterministic-adversarial-v1,6,1,identity-a0-b0,proportional-10bps,corrected_guarded,2197.8021978021978021978021978021978021978021978021978021978,0.000000000000000000000000000000000000000000000000000000001,73.26007326007326007326007326007326007326007326007326007326,5.994005994005994005994005994005994005994005994005994005994,1000,outside-current-safety-theorem
hostile-adaptive-timing-grid-v1-174,synthetic,adversarial-design-search,deterministic-adversarial-v1,6,1,identity-a0-b0,fixed-1-usd,dca,2197.8,0,73.26,6,,outside-current-safety-theorem
hostile-adaptive-timing-grid-v1-174,synthetic,adversarial-design-search,deterministic-adversarial-v1,6,1,identity-a0-b0,fixed-1-usd,neutral_guarded,2197.8,0,73.26,6,1000,outside-current-safety-theorem
hostile-adaptive-timing-grid-v1-174,synthetic,adversarial-design-search,deterministic-adversarial-v1,6,1,identity-a0-b0,fixed-1-usd,corrected_guarded,2197.8,0,73.26,6,1000,outside-current-safety-theorem
hostile-adaptive-timing-grid-v1-174,synthetic,adversarial-design-search,deterministic-adversarial-v1,6,0.9,identity-a0-b0,frictionless,dca,2200,0,73.3333333333333333333333333333333333333333333333333333333335,0,,epsilon-dca
hostile-adaptive-timing-grid-v1-174,synthetic,adversarial-design-search,deterministic-adversarial-v1,6,0.9,identity-a0-b0,frictionless,neutral_guarded,2556.59999999999999999999999999999999999999999999999999999999,480.499999999999999999999999999999999999999999999999999999993,69.2033333333333333333333333333333333333333333333333333333334,0,702.375000000000000000000000000000000000000000000000000000007,epsilon-dca
hostile-adaptive-timing-grid-v1-174,synthetic,adversarial-design-search,deterministic-adversarial-v1,6,0.9,identity-a0-b0,frictionless,corrected_guarded,2814.6785396387526864588743346046926203353613350417886346356,754.391653677608364654672959268827288772439455295219904494515,68.676229532038144060140045844528844385430729324885624338036,0,655.447082875569684262077418900768710263833125559192837994107,epsilon-dca
hostile-adaptive-timing-grid-v1-174,synthetic,adversarial-design-search,deterministic-adversarial-v1,6,0.9,identity-a0-b0,proportional-10bps,dca,2197.8021978021978021978021978021978021978021978021978021978,0.000000000000000000000000000000000000000000000000000000001,73.26007326007326007326007326007326007326007326007326007326,5.994005994005994005994005994005994005994005994005994005994,,outside-current-safety-theorem
hostile-adaptive-timing-grid-v1-174,synthetic,adversarial-design-search,deterministic-adversarial-v1,6,0.9,identity-a0-b0,proportional-10bps,neutral_guarded,2554.26853053343386206349509665615263926783387074975704206454,480.183100525839491640257669376155836891067228932085733940217,69.1361810002531456807745809093332267458922213939223769374774,5.51430259687728322513460772290094321988904372734057369236741,702.540081298728129056238680939363397010631675517556782999007,outside-current-safety-theorem
hostile-adaptive-timing-grid-v1-174,synthetic,adversarial-design-search,deterministic-adversarial-v1,6,0.9,identity-a0-b0,proportional-10bps,corrected_guarded,2812.0821778470089903703657414198403297843805213696537221671,753.756418216492093692455948159166512327558382122934106875021,68.6108586543505632225969931086891272485607379748906538430693,5.24100257920430360270483921262820528239005156631075513798698,655.681419253070063428918738761891008011362406635737722511283,outside-current-safety-theorem
hostile-adaptive-timing-grid-v1-174,synthetic,adversarial-design-search,deterministic-adversarial-v1,6,0.9,identity-a0-b0,fixed-1-usd,dca,2197.8,0,73.26,6,,outside-current-safety-theorem
hostile-adaptive-timing-grid-v1-174,synthetic,adversarial-design-search,deterministic-adversarial-v1,6,0.9,identity-a0-b0,fixed-1-usd,neutral_guarded,2554.0062,480.005166666666666666666666666666666666666666666666666666675,69.1333677777777777777777777777777777777777777777777777777778,6,702.651694444444444444444444444444444444444444444444444444442,outside-current-safety-theorem
hostile-adaptive-timing-grid-v1-174,synthetic,adversarial-design-search,deterministic-adversarial-v1,6,0.9,identity-a0-b0,fixed-1-usd,corrected_guarded,2811.84234436735503593526168815788647909954098380669929179003,753.635891185068317705204929014499925963251078585320866026029,68.6068817727428906076685586381128851045429968407126141921333,6,655.763001582918337787004807306415967574266906869852867151838,outside-current-safety-theorem
hostile-adaptive-timing-grid-v1-174,synthetic,adversarial-design-search,deterministic-adversarial-v1,6,0.75,identity-a0-b0,frictionless,dca,2200,0,73.3333333333333333333333333333333333333333333333333333333335,0,,epsilon-dca
hostile-adaptive-timing-grid-v1-174,synthetic,adversarial-design-search,deterministic-adversarial-v1,6,0.75,identity-a0-b0,frictionless,neutral_guarded,2776.5,807.5,65.6333333333333333333333333333333333333333333333333333333333,0,387.187500000000000000000000000000000000000000000000000000003,epsilon-dca
hostile-adaptive-timing-grid-v1-174,synthetic,adversarial-design-search,deterministic-adversarial-v1,6,0.75,identity-a0-b0,frictionless,corrected_guarded,3040.20746857416923455966770868821391151305148447743001001811,1024.37574332376738625529971231061297472827823429660778003852,67.1943908416800616101455998792533645594924416726940743326531,0,367.00367280670458492259966141680659432768120583674542313838,epsilon-dca
hostile-adaptive-timing-grid-v1-174,synthetic,adversarial-design-search,deterministic-adversarial-v1,6,0.75,identity-a0-b0,proportional-10bps,dca,2197.8021978021978021978021978021978021978021978021978021978,0.000000000000000000000000000000000000000000000000000000001,73.26007326007326007326007326007326007326007326007326007326,5.994005994005994005994005994005994005994005994005994005994,,outside-current-safety-theorem
hostile-adaptive-timing-grid-v1-174,synthetic,adversarial-design-search,deterministic-adversarial-v1,6,0.75,identity-a0-b0,proportional-10bps,neutral_guarded,2774.41282683503795839978546598759018617595267680859622548764,807.361923601683319043576473155190836415401365631260307318215,65.568363441111821311873633094413311658685043705911197272314,5.1874506257725441368196039229218872763082903440247149777041,387.382145817792125992952602443474744464001424360209966674962,outside-current-safety-theorem
hostile-adaptive-timing-grid-v1-174,synthetic,adversarial-design-search,deterministic-adversarial-v1,6,0.75,identity-a0-b0,proportional-10bps,corrected_guarded,3038.08604414920967076210707404775570887706003138093184156032,1024.23453585633710275582239652630660134650908576633192021356,67.1283836097624189335428225840483035843516981871533307115588,4.97079466947418870853564196151218121743605485937429378600043,367.133951511989736664985154847060508152356059235767866160463,outside-current-safety-theorem
hostile-adaptive-timing-grid-v1-174,synthetic,adversarial-design-search,deterministic-adversarial-v1,6,0.75,identity-a0-b0,fixed-1-usd,dca,2197.8,0,73.26,6,,outside-current-safety-theorem
hostile-adaptive-timing-grid-v1-174,synthetic,adversarial-design-search,deterministic-adversarial-v1,6,0.75,identity-a0-b0,fixed-1-usd,neutral_guarded,2774.09383333333333333333333333333333333333333333333333333334,807.235833333333333333333333333333333333333333333333333333335,65.5619333333333333333333333333333333333333333333333333333334,6,387.554930555555555555555555555555555555555555555555555555555,outside-current-safety-theorem
hostile-adaptive-timing-grid-v1-174,synthetic,adversarial-design-search,deterministic-adversarial-v1,6,0.75,identity-a0-b0,fixed-1-usd,corrected_guarded,3037.80585770479430815818392498662481970968497287397655496365,1024.11375685939502705413939088516502508515177013444519879547,67.123070028179976036801484470048659820817773424651045205606,6,367.276901955751005326269809627658715986440595264906666869785,outside-current-safety-theorem
hostile-adaptive-timing-grid-v1-174,synthetic,adversarial-design-search,deterministic-adversarial-v1,6,0.5,identity-a0-b0,frictionless,dca,2200,0,73.3333333333333333333333333333333333333333333333333333333335,0,,epsilon-dca
hostile-adaptive-timing-grid-v1-174,synthetic,adversarial-design-search,deterministic-adversarial-v1,6,0.5,identity-a0-b0,frictionless,neutral_guarded,2834.0625,964.0625,62.3333333333333333333333333333333333333333333333333333333333,0,116.666666666666666666666666666666666666666666666666666666667,epsilon-dca
hostile-adaptive-timing-grid-v1-174,synthetic,adversarial-design-search,deterministic-adversarial-v1,6,0.5,identity-a0-b0,frictionless,corrected_guarded,3142.94552174807172468144916151671938241543465182792776862998,1160.53874195007011679212283910012121385704153530082439010296,66.0802259932667202629775440805532722852797705509034459509008,0,134.523809523809523809523809523809523809523809523809523809524,epsilon-dca
hostile-adaptive-timing-grid-v1-174,synthetic,adversarial-design-search,deterministic-adversarial-v1,6,0.5,identity-a0-b0,proportional-10bps,dca,2197.8021978021978021978021978021978021978021978021978021978,0.000000000000000000000000000000000000000000000000000000001,73.26007326007326007326007326007326007326007326007326007326,5.994005994005994005994005994005994005994005994005994005994,,outside-current-safety-theorem
hostile-adaptive-timing-grid-v1-174,synthetic,adversarial-design-search,deterministic-adversarial-v1,6,0.5,identity-a0-b0,proportional-10bps,neutral_guarded,2832.20557695301701295707289713283719277725271731265737259743,964.04376873126873126873126873126873126873126873126873126873,62.27206027405827605627805428005228205028404828604628804429,5.03092530596276850023103769357515611261865008118754372500625,116.716616716616716616716616716616716616716616716616716616717,outside-current-safety-theorem
hostile-adaptive-timing-grid-v1-174,synthetic,adversarial-design-search,deterministic-adversarial-v1,6,0.5,identity-a0-b0,proportional-10bps,corrected_guarded,3140.96801878503910618371847762441449911684315188358773633109,1160.52768584824113019021336986108906614490214928848719224845,66.0146777645599325331168369254441810990647000865033514694213,4.83463767647528358622356306707183909476033751319831449325829,134.555920270205984491698777413063127348841634555920270205985,outside-current-safety-theorem
hostile-adaptive-timing-grid-v1-174,synthetic,adversarial-design-search,deterministic-adversarial-v1,6,0.5,identity-a0-b0,fixed-1-usd,dca,2197.8,0,73.26,6,,outside-current-safety-theorem
hostile-adaptive-timing-grid-v1-174,synthetic,adversarial-design-search,deterministic-adversarial-v1,6,0.5,identity-a0-b0,fixed-1-usd,neutral_guarded,2831.88875,964.01875,62.2623333333333333333333333333333333333333333333333333333333,6,116.783333333333333333333333333333333333333333333333333333334,outside-current-safety-theorem
hostile-adaptive-timing-grid-v1-174,synthetic,adversarial-design-search,deterministic-adversarial-v1,6,0.5,identity-a0-b0,fixed-1-usd,corrected_guarded,3140.75619397447395425399087394612835487834030023284279398989,1160.49857226572863798937783489972952399535822089200015176477,66.0085873902915105421537679682132943627660693113614214075039,6,134.640476190476190476190476190476190476190476190476190476191,outside-current-safety-theorem
hostile-adaptive-timing-grid-v1-182,synthetic,adversarial-design-search,deterministic-adversarial-v1,6,1,identity-a0-b0,frictionless,dca,2200,0,73.3333333333333333333333333333333333333333333333333333333335,0,,epsilon-dca
hostile-adaptive-timing-grid-v1-182,synthetic,adversarial-design-search,deterministic-adversarial-v1,6,1,identity-a0-b0,frictionless,neutral_guarded,2200,0,73.3333333333333333333333333333333333333333333333333333333335,0,1000,epsilon-dca
hostile-adaptive-timing-grid-v1-182,synthetic,adversarial-design-search,deterministic-adversarial-v1,6,1,identity-a0-b0,frictionless,corrected_guarded,2200,0,73.3333333333333333333333333333333333333333333333333333333335,0,1000,epsilon-dca
hostile-adaptive-timing-grid-v1-182,synthetic,adversarial-design-search,deterministic-adversarial-v1,6,1,identity-a0-b0,proportional-10bps,dca,2197.8021978021978021978021978021978021978021978021978021978,0.000000000000000000000000000000000000000000000000000000001,73.26007326007326007326007326007326007326007326007326007326,5.994005994005994005994005994005994005994005994005994005994,,outside-current-safety-theorem
hostile-adaptive-timing-grid-v1-182,synthetic,adversarial-design-search,deterministic-adversarial-v1,6,1,identity-a0-b0,proportional-10bps,neutral_guarded,2197.8021978021978021978021978021978021978021978021978021978,0.000000000000000000000000000000000000000000000000000000001,73.26007326007326007326007326007326007326007326007326007326,5.994005994005994005994005994005994005994005994005994005994,1000,outside-current-safety-theorem
hostile-adaptive-timing-grid-v1-182,synthetic,adversarial-design-search,deterministic-adversarial-v1,6,1,identity-a0-b0,proportional-10bps,corrected_guarded,2197.8021978021978021978021978021978021978021978021978021978,0.000000000000000000000000000000000000000000000000000000001,73.26007326007326007326007326007326007326007326007326007326,5.994005994005994005994005994005994005994005994005994005994,1000,outside-current-safety-theorem
hostile-adaptive-timing-grid-v1-182,synthetic,adversarial-design-search,deterministic-adversarial-v1,6,1,identity-a0-b0,fixed-1-usd,dca,2197.8,0,73.26,6,,outside-current-safety-theorem
hostile-adaptive-timing-grid-v1-182,synthetic,adversarial-design-search,deterministic-adversarial-v1,6,1,identity-a0-b0,fixed-1-usd,neutral_guarded,2197.8,0,73.26,6,1000,outside-current-safety-theorem
hostile-adaptive-timing-grid-v1-182,synthetic,adversarial-design-search,deterministic-adversarial-v1,6,1,identity-a0-b0,fixed-1-usd,corrected_guarded,2197.8,0,73.26,6,1000,outside-current-safety-theorem
hostile-adaptive-timing-grid-v1-182,synthetic,adversarial-design-search,deterministic-adversarial-v1,6,0.9,identity-a0-b0,frictionless,dca,2200,0,73.3333333333333333333333333333333333333333333333333333333335,0,,epsilon-dca
hostile-adaptive-timing-grid-v1-182,synthetic,adversarial-design-search,deterministic-adversarial-v1,6,0.9,identity-a0-b0,frictionless,neutral_guarded,2502.87083333333333333333333333333333333333333333333333333332,402.20833333333333333333333333333333333333333333333333333332,70.0220833333333333333333333333333333333333333333333333333334,0,715.289930555555555555555555555555555555555555555555555555562,epsilon-dca
hostile-adaptive-timing-grid-v1-182,synthetic,adversarial-design-search,deterministic-adversarial-v1,6,0.9,identity-a0-b0,frictionless,corrected_guarded,2689.59020535490689915788959274527564822416974759616670180126,563.307216953648067170573447890681483693802551209672156311488,70.8760996133752943995772048284864721510122398795498181829922,0,658.254480686250063896367536600809522155295888942879460628518,epsilon-dca
hostile-adaptive-timing-grid-v1-182,synthetic,adversarial-design-search,deterministic-adversarial-v1,6,0.9,identity-a0-b0,proportional-10bps,dca,2197.8021978021978021978021978021978021978021978021978021978,0.000000000000000000000000000000000000000000000000000000001,73.26007326007326007326007326007326007326007326007326007326,5.994005994005994005994005994005994005994005994005994005994,,outside-current-safety-theorem
hostile-adaptive-timing-grid-v1-182,synthetic,adversarial-design-search,deterministic-adversarial-v1,6,0.9,identity-a0-b0,proportional-10bps,neutral_guarded,2500.53505498513789520164963914700413748624788600658986854525,401.924400410623223057297183797692180980195153880027567123886,69.953688485817155738145081844977065216868424404218743380712,5.59248311647290387306963318301928853048931553058938304982629,715.455896439169223692847644418631613692679296431342255160102,outside-current-safety-theorem
hostile-adaptive-timing-grid-v1-182,synthetic,adversarial-design-search,deterministic-adversarial-v1,6,0.9,identity-a0-b0,proportional-10bps,corrected_guarded,2686.97676120521017378697166875462216524554198244043563246626,562.754892364441529423686729110884350670868991346160414407675,70.8073956280256214787761646547912604858224330364758406019527,5.43181329434121725332299028060850714218694406458925033525706,658.512392533726969880932447619390565258117497455146499328263,outside-current-safety-theorem
hostile-adaptive-timing-grid-v1-182,synthetic,adversarial-design-search,deterministic-adversarial-v1,6,0.9,identity-a0-b0,fixed-1-usd,dca,2197.8,0,73.26,6,,outside-current-safety-theorem
hostile-adaptive-timing-grid-v1-182,synthetic,adversarial-design-search,deterministic-adversarial-v1,6,0.9,identity-a0-b0,fixed-1-usd,neutral_guarded,2500.33790833333333333333333333333333333333333333333333333334,401.806083333333333333333333333333333333333333333333333333335,69.9510608333333333333333333333333333333333333333333333333334,6,715.554815972222222222222222222222222222222222222222222222222,outside-current-safety-theorem
hostile-adaptive-timing-grid-v1-182,synthetic,adversarial-design-search,deterministic-adversarial-v1,6,0.9,identity-a0-b0,fixed-1-usd,corrected_guarded,2686.88631896806121998062180862372633643876847468748400801926,562.756376191604903421095349395666014045041408734637863271505,70.8043314258818772186508819742686774131242355317615381582584,6,658.567780640894294145477219532207862331898374387387701523268,outside-current-safety-theorem
hostile-adaptive-timing-grid-v1-182,synthetic,adversarial-design-search,deterministic-adversarial-v1,6,0.75,identity-a0-b0,frictionless,dca,2200,0,73.3333333333333333333333333333333333333333333333333333333335,0,,epsilon-dca
hostile-adaptive-timing-grid-v1-182,synthetic,adversarial-design-search,deterministic-adversarial-v1,6,0.75,identity-a0-b0,frictionless,neutral_guarded,2806.1484375,817.890625,66.2752604166666666666666666666666666666666666666666666666666,0,368.541666666666666666666666666666666666666666666666666666668,epsilon-dca
hostile-adaptive-timing-grid-v1-182,synthetic,adversarial-design-search,deterministic-adversarial-v1,6,0.75,identity-a0-b0,frictionless,corrected_guarded,2947.19615447598325203769486279104043502626141843404444915641,845.745511495450151185194496895357349208204845973153610111549,70.0483547660177700284166788631894361939352190820296946348288,0,370.232941732724159135798812585809565664398575782289539742465,epsilon-dca
hostile-adaptive-timing-grid-v1-182,synthetic,adversarial-design-search,deterministic-adversarial-v1,6,0.75,identity-a0-b0,proportional-10bps,dca,2197.8021978021978021978021978021978021978021978021978021978,0.000000000000000000000000000000000000000000000000000000001,73.26007326007326007326007326007326007326007326007326007326,5.994005994005994005994005994005994005994005994005994005994,,outside-current-safety-theorem
hostile-adaptive-timing-grid-v1-182,synthetic,adversarial-design-search,deterministic-adversarial-v1,6,0.75,identity-a0-b0,proportional-10bps,neutral_guarded,2804.10282354226413662607712439872413639032508799978219543796,817.79127387348539947190048337651982758125366765477903091539,66.2103849889592912384725547007401436269690473448334388174189,5.17703169443208251801008942719628388853021611622899197710752,368.662801571551163617439000397700039716365049373699065665438,outside-current-safety-theorem
hostile-adaptive-timing-grid-v1-182,synthetic,adversarial-design-search,deterministic-adversarial-v1,6,0.75,identity-a0-b0,proportional-10bps,corrected_guarded,2945.00440062765326901801704165676642218118671678048928088155,845.640950674693082196433106535048216095939660892268253040981,69.9787816650986728940527978373906068695082351962740342613523,5.14920983948582109670686003343152026364041991918854320375526,370.358233254995862418192789097332527460542857419162016473077,outside-current-safety-theorem
hostile-adaptive-timing-grid-v1-182,synthetic,adversarial-design-search,deterministic-adversarial-v1,6,0.75,identity-a0-b0,fixed-1-usd,dca,2197.8,0,73.26,6,,outside-current-safety-theorem
hostile-adaptive-timing-grid-v1-182,synthetic,adversarial-design-search,deterministic-adversarial-v1,6,0.75,identity-a0-b0,fixed-1-usd,neutral_guarded,2803.834484375,817.68890625,66.2048526041666666666666666666666666666666666666666666666667,6,368.795416666666666666666666666666666666666666666666666666667,outside-current-safety-theorem
hostile-adaptive-timing-grid-v1-182,synthetic,adversarial-design-search,deterministic-adversarial-v1,6,0.75,identity-a0-b0,fixed-1-usd,corrected_guarded,2944.82522522871634478665919266126789852109713213072869125831,845.555015070525209612916896615723698767244904863702556031543,69.9756736719397045057914098681848066584617409089008711742258,6,370.492708828911060425313470955258400024677569479407505765773,outside-current-safety-theorem
hostile-adaptive-timing-grid-v1-182,synthetic,adversarial-design-search,deterministic-adversarial-v1,6,0.5,identity-a0-b0,frictionless,dca,2200,0,73.3333333333333333333333333333333333333333333333333333333335,0,,epsilon-dca
hostile-adaptive-timing-grid-v1-182,synthetic,adversarial-design-search,deterministic-adversarial-v1,6,0.5,identity-a0-b0,frictionless,neutral_guarded,2844.84375,964.0625,62.6927083333333333333333333333333333333333333333333333333333,0,116.666666666666666666666666666666666666666666666666666666667,epsilon-dca
hostile-adaptive-timing-grid-v1-182,synthetic,adversarial-design-search,deterministic-adversarial-v1,6,0.5,identity-a0-b0,frictionless,corrected_guarded,3036.56510288925566084134284740887626841739497144986186799064,960.965582538505283348352992331843605098904193395855316515363,69.1866506783583459164329951692344221106163592684668850491761,0,134.523809523809523809523809523809523809523809523809523809524,epsilon-dca
hostile-adaptive-timing-grid-v1-182,synthetic,adversarial-design-search,deterministic-adversarial-v1,6,0.5,identity-a0-b0,proportional-10bps,dca,2197.8021978021978021978021978021978021978021978021978021978,0.000000000000000000000000000000000000000000000000000000001,73.26007326007326007326007326007326007326007326007326007326,5.994005994005994005994005994005994005994005994005994005994,,outside-current-safety-theorem
hostile-adaptive-timing-grid-v1-182,synthetic,adversarial-design-search,deterministic-adversarial-v1,6,0.5,identity-a0-b0,proportional-10bps,neutral_guarded,2842.98167024034906152788270670388552506434624316742198860081,964.04376873126873126873126873126873126873126873126873126873,62.6312633836360110086383812657538931265204991478717752444025,5.03092530596276850023103769357515611261865008118754372500625,116.716616716616716616716616716616716616716616716616716616717,outside-current-safety-theorem
hostile-adaptive-timing-grid-v1-182,synthetic,adversarial-design-search,deterministic-adversarial-v1,6,0.5,identity-a0-b0,proportional-10bps,corrected_guarded,3034.496157501934268685924585365698971887266913752686337155,960.955535857675142192161285592120815536022733542794077910802,69.1180207214753042164587766591192718783748060069964086414734,5.03401045368863622158625246194593325121276450195525067141779,134.555920270205984491698777413063127348841634555920270205985,outside-current-safety-theorem
hostile-adaptive-timing-grid-v1-182,synthetic,adversarial-design-search,deterministic-adversarial-v1,6,0.5,identity-a0-b0,fixed-1-usd,dca,2197.8,0,73.26,6,,outside-current-safety-theorem
hostile-adaptive-timing-grid-v1-182,synthetic,adversarial-design-search,deterministic-adversarial-v1,6,0.5,identity-a0-b0,fixed-1-usd,neutral_guarded,2842.683125,964.01875,62.6221458333333333333333333333333333333333333333333333333333,6,116.783333333333333333333333333333333333333333333333333333334,outside-current-safety-theorem
hostile-adaptive-timing-grid-v1-182,synthetic,adversarial-design-search,deterministic-adversarial-v1,6,0.5,identity-a0-b0,fixed-1-usd,corrected_guarded,3034.38179856690768321647486675219412156440393987996204528444,960.929080342354350491312472044683375078921028630462672640153,69.1150906074851110908387464902503582161827637083166457548097,6,134.640476190476190476190476190476190476190476190476190476191,outside-current-safety-theorem
hostile-adaptive-timing-grid-v1-183,synthetic,adversarial-design-search,deterministic-adversarial-v1,6,1,identity-a0-b0,frictionless,dca,2100.00000000000000000000000000000000000000000000000000000001,0,70.0000000000000000000000000000000000000000000000000000000002,0,,epsilon-dca
hostile-adaptive-timing-grid-v1-183,synthetic,adversarial-design-search,deterministic-adversarial-v1,6,1,identity-a0-b0,frictionless,neutral_guarded,2100.00000000000000000000000000000000000000000000000000000001,0,70.0000000000000000000000000000000000000000000000000000000002,0,1000,epsilon-dca
hostile-adaptive-timing-grid-v1-183,synthetic,adversarial-design-search,deterministic-adversarial-v1,6,1,identity-a0-b0,frictionless,corrected_guarded,2100.00000000000000000000000000000000000000000000000000000001,0,70.0000000000000000000000000000000000000000000000000000000002,0,1000,epsilon-dca
hostile-adaptive-timing-grid-v1-183,synthetic,adversarial-design-search,deterministic-adversarial-v1,6,1,identity-a0-b0,proportional-10bps,dca,2097.9020979020979020979020979020979020979020979020979020979,0.000000000000000000000000000000000000000000000000000000001,69.93006993006993006993006993006993006993006993006993006993,5.994005994005994005994005994005994005994005994005994005994,,outside-current-safety-theorem
hostile-adaptive-timing-grid-v1-183,synthetic,adversarial-design-search,deterministic-adversarial-v1,6,1,identity-a0-b0,proportional-10bps,neutral_guarded,2097.9020979020979020979020979020979020979020979020979020979,0.000000000000000000000000000000000000000000000000000000001,69.93006993006993006993006993006993006993006993006993006993,5.994005994005994005994005994005994005994005994005994005994,1000,outside-current-safety-theorem
hostile-adaptive-timing-grid-v1-183,synthetic,adversarial-design-search,deterministic-adversarial-v1,6,1,identity-a0-b0,proportional-10bps,corrected_guarded,2097.9020979020979020979020979020979020979020979020979020979,0.000000000000000000000000000000000000000000000000000000001,69.93006993006993006993006993006993006993006993006993006993,5.994005994005994005994005994005994005994005994005994005994,1000,outside-current-safety-theorem
hostile-adaptive-timing-grid-v1-183,synthetic,adversarial-design-search,deterministic-adversarial-v1,6,1,identity-a0-b0,fixed-1-usd,dca,2097.9,0,69.93,6,,outside-current-safety-theorem
hostile-adaptive-timing-grid-v1-183,synthetic,adversarial-design-search,deterministic-adversarial-v1,6,1,identity-a0-b0,fixed-1-usd,neutral_guarded,2097.9,0,69.93,6,1000,outside-current-safety-theorem
hostile-adaptive-timing-grid-v1-183,synthetic,adversarial-design-search,deterministic-adversarial-v1,6,1,identity-a0-b0,fixed-1-usd,corrected_guarded,2097.9,0,69.93,6,1000,outside-current-safety-theorem
hostile-adaptive-timing-grid-v1-183,synthetic,adversarial-design-search,deterministic-adversarial-v1,6,0.9,identity-a0-b0,frictionless,dca,2100.00000000000000000000000000000000000000000000000000000001,0,70.0000000000000000000000000000000000000000000000000000000002,0,,epsilon-dca
hostile-adaptive-timing-grid-v1-183,synthetic,adversarial-design-search,deterministic-adversarial-v1,6,0.9,identity-a0-b0,frictionless,neutral_guarded,2504.72812499999999999999999999999999999999999999999999999998,512.273437499999999999999999999999999999999999999999999999985,66.4151562500000000000000000000000000000000000000000000000001,0,678.601562500000000000000000000000000000000000000000000000007,epsilon-dca
hostile-adaptive-timing-grid-v1-183,synthetic,adversarial-design-search,deterministic-adversarial-v1,6,0.9,identity-a0-b0,frictionless,corrected_guarded,2809.07605434564958938116356622502659410470126301763585033215,799.949085225285072194686812435246116740083213726500925620167,66.9708989706788172395492251263260159121539349763711641570661,0,623.143398198226780895959753482416123744678195948719985484973,epsilon-dca
hostile-adaptive-timing-grid-v1-183,synthetic,adversarial-design-search,deterministic-adversarial-v1,6,0.9,identity-a0-b0,proportional-10bps,dca,2097.9020979020979020979020979020979020979020979020979020979,0.000000000000000000000000000000000000000000000000000000001,69.93006993006993006993006993006993006993006993006993006993,5.994005994005994005994005994005994005994005994005994005994,,outside-current-safety-theorem
hostile-adaptive-timing-grid-v1-183,synthetic,adversarial-design-search,deterministic-adversarial-v1,6,0.9,identity-a0-b0,proportional-10bps,neutral_guarded,2502.39581434185726941211849448663746636667017525549894969108,511.878655329139805813674404925703988063727399447188888472235,66.3505719670905821199481363186977826100980925269436687072948,5.48263870596489529888743815691737863330296963092188922230546,678.804478132997029440721904042627677998168547908955148043983,outside-current-safety-theorem
hostile-adaptive-timing-grid-v1-183,synthetic,adversarial-design-search,deterministic-adversarial-v1,6,0.9,identity-a0-b0,proportional-10bps,corrected_guarded,2806.90893230004925509693701094052645935678799469940092921405,799.859596890629299190958448484991293777805545458839221330849,66.9016445136473318635326187485178388526327483080187235961067,5.19494545765171898182721433717783087534684760693422655211703,623.253093794123219981232261978183529693321681807613535832802,outside-current-safety-theorem
hostile-adaptive-timing-grid-v1-183,synthetic,adversarial-design-search,deterministic-adversarial-v1,6,0.9,identity-a0-b0,fixed-1-usd,dca,2097.9,0,69.93,6,,outside-current-safety-theorem
hostile-adaptive-timing-grid-v1-183,synthetic,adversarial-design-search,deterministic-adversarial-v1,6,0.9,identity-a0-b0,fixed-1-usd,neutral_guarded,2502.16583125,511.729859375000000000000000000000000000000000000000000000005,66.3478657291666666666666666666666666666666666666666666666667,6,678.913557291666666666666666666666666666666666666666666666667,outside-current-safety-theorem
hostile-adaptive-timing-grid-v1-183,synthetic,adversarial-design-search,deterministic-adversarial-v1,6,0.9,identity-a0-b0,fixed-1-usd,corrected_guarded,2806.76129670832373807423181380264604613933240431690058433342,799.798904648000674452154129186294638418605801364849694621396,66.8987464020107687874025894872117135906908867650683629904007,6,623.32489603083541657093022134738050288682299245882518955132,outside-current-safety-theorem
hostile-adaptive-timing-grid-v1-183,synthetic,adversarial-design-search,deterministic-adversarial-v1,6,0.75,identity-a0-b0,frictionless,dca,2100.00000000000000000000000000000000000000000000000000000001,0,70.0000000000000000000000000000000000000000000000000000000002,0,,epsilon-dca
hostile-adaptive-timing-grid-v1-183,synthetic,adversarial-design-search,deterministic-adversarial-v1,6,0.75,identity-a0-b0,frictionless,neutral_guarded,2724.359375,817.890625,63.5489583333333333333333333333333333333333333333333333333333,0,368.541666666666666666666666666666666666666666666666666666668,epsilon-dca
hostile-adaptive-timing-grid-v1-183,synthetic,adversarial-design-search,deterministic-adversarial-v1,6,0.75,identity-a0-b0,frictionless,corrected_guarded,2997.77571327755677762307966558885302004507744910789687828004,1000.48173273661211828532428327242561161292624735477620965531,66.5764660180314886445918460772142469477383733917706889541577,0,370.232941732724159135798812585809565664398575782289539742465,epsilon-dca
hostile-adaptive-timing-grid-v1-183,synthetic,adversarial-design-search,deterministic-adversarial-v1,6,0.75,identity-a0-b0,proportional-10bps,dca,2097.9020979020979020979020979020979020979020979020979020979,0.000000000000000000000000000000000000000000000000000000001,69.93006993006993006993006993006993006993006993006993006993,5.994005994005994005994005994005994005994005994005994005994,,outside-current-safety-theorem
hostile-adaptive-timing-grid-v1-183,synthetic,adversarial-design-search,deterministic-adversarial-v1,6,0.75,identity-a0-b0,proportional-10bps,neutral_guarded,2722.40539358487298782768546771775312464394610022208199254931,817.79127387348539947190048337651982758125366765477903091539,63.4871373237129196118594994780411099020897477522434320544639,5.17703169443208251801008942719628388853021611622899197710752,368.662801571551163617439000397700039716365049373699065665438,outside-current-safety-theorem
hostile-adaptive-timing-grid-v1-183,synthetic,adversarial-design-search,deterministic-adversarial-v1,6,0.75,identity-a0-b0,proportional-10bps,corrected_guarded,2995.68174594608168423194202882693334478560414229991810187547,1000.35804163839698164302521600097351821506400655130751260268,66.5107901435894900862972270941986608856846711916203529757597,4.99464731105055246589108370029872775403090508836033215524207,370.358233254995862418192789097332527460542857419162016473077,outside-current-safety-theorem
hostile-adaptive-timing-grid-v1-183,synthetic,adversarial-design-search,deterministic-adversarial-v1,6,0.75,identity-a0-b0,fixed-1-usd,dca,2097.9,0,69.93,6,,outside-current-safety-theorem
hostile-adaptive-timing-grid-v1-183,synthetic,adversarial-design-search,deterministic-adversarial-v1,6,0.75,identity-a0-b0,fixed-1-usd,neutral_guarded,2722.16559375,817.68890625,63.48255625,6,368.795416666666666666666666666666666666666666666666666666667,outside-current-safety-theorem
hostile-adaptive-timing-grid-v1-183,synthetic,adversarial-design-search,deterministic-adversarial-v1,6,0.75,identity-a0-b0,fixed-1-usd,corrected_guarded,2995.49339144824832506096843988578312676556491649244630124193,1000.25638339606162954087309854512081326261696091709796526056,66.5079002684062231840031780446887437834315985191782778660457,6,370.492708828911060425313470955258400024677569479407505765773,outside-current-safety-theorem
hostile-adaptive-timing-grid-v1-183,synthetic,adversarial-design-search,deterministic-adversarial-v1,6,0.5,identity-a0-b0,frictionless,dca,2100.00000000000000000000000000000000000000000000000000000001,0,70.0000000000000000000000000000000000000000000000000000000002,0,,epsilon-dca
hostile-adaptive-timing-grid-v1-183,synthetic,adversarial-design-search,deterministic-adversarial-v1,6,0.5,identity-a0-b0,frictionless,neutral_guarded,2748.4375,964.0625,59.4791666666666666666666666666666666666666666666666666666666,0,116.666666666666666666666666666666666666666666666666666666667,epsilon-dca
hostile-adaptive-timing-grid-v1-183,synthetic,adversarial-design-search,deterministic-adversarial-v1,6,0.5,identity-a0-b0,frictionless,corrected_guarded,3094.03536377464986747959256693947347881780195333612407367575,1136.78228030837595930799442627967024610909248355695729052921,65.2417694488757969390532713553267744236236489926388927715514,0,134.523809523809523809523809523809523809523809523809523809524,epsilon-dca
hostile-adaptive-timing-grid-v1-183,synthetic,adversarial-design-search,deterministic-adversarial-v1,6,0.5,identity-a0-b0,proportional-10bps,dca,2097.9020979020979020979020979020979020979020979020979020979,0.000000000000000000000000000000000000000000000000000000001,69.93006993006993006993006993006993006993006993006993006993,5.994005994005994005994005994005994005994005994005994005994,,outside-current-safety-theorem
hostile-adaptive-timing-grid-v1-183,synthetic,adversarial-design-search,deterministic-adversarial-v1,6,0.5,identity-a0-b0,proportional-10bps,neutral_guarded,2746.67360143602651095158587666080173572681065188557696050203,964.04376873126873126873126873126873126873126873126873126873,59.4209944234919259894284869309844334819359794384769409744434,5.03092530596276850023103769357515611261865008118754372500625,116.716616716616716616716616716616716616716616716616716616717,outside-current-safety-theorem
hostile-adaptive-timing-grid-v1-183,synthetic,adversarial-design-search,deterministic-adversarial-v1,6,0.5,identity-a0-b0,proportional-10bps,corrected_guarded,3092.08404452119542611071403571859140186023233099008960912303,1136.77039550318507133641102630530219604335728459437012073091,65.1771216339336784924767669804429735272291682131906496130706,4.85837123326355137728630267102367412982681589950612375551358,134.555920270205984491698777413063127348841634555920270205985,outside-current-safety-theorem
hostile-adaptive-timing-grid-v1-183,synthetic,adversarial-design-search,deterministic-adversarial-v1,6,0.5,identity-a0-b0,fixed-1-usd,dca,2097.9,0,69.93,6,,outside-current-safety-theorem
hostile-adaptive-timing-grid-v1-183,synthetic,adversarial-design-search,deterministic-adversarial-v1,6,0.5,identity-a0-b0,fixed-1-usd,neutral_guarded,2746.38125,964.01875,59.4120833333333333333333333333333333333333333333333333333333,6,116.783333333333333333333333333333333333333333333333333333334,outside-current-safety-theorem
hostile-adaptive-timing-grid-v1-183,synthetic,adversarial-design-search,deterministic-adversarial-v1,6,0.5,identity-a0-b0,fixed-1-usd,corrected_guarded,3091.9498764493163486047186195658192143410819161287180879972,1136.73909972987167307701707921724220998507427808170261708943,65.173692557314822517590051344952566811866921268233849030259,6,134.640476190476190476190476190476190476190476190476190476191,outside-current-safety-theorem
hostile-adaptive-timing-grid-v1-186,synthetic,adversarial-design-search,deterministic-adversarial-v1,6,1,identity-a0-b0,frictionless,dca,1900,0,63.3333333333333333333333333333333333333333333333333333333335,0,,epsilon-dca
hostile-adaptive-timing-grid-v1-186,synthetic,adversarial-design-search,deterministic-adversarial-v1,6,1,identity-a0-b0,frictionless,neutral_guarded,1900,0,63.3333333333333333333333333333333333333333333333333333333335,0,1000,epsilon-dca
hostile-adaptive-timing-grid-v1-186,synthetic,adversarial-design-search,deterministic-adversarial-v1,6,1,identity-a0-b0,frictionless,corrected_guarded,1900,0,63.3333333333333333333333333333333333333333333333333333333335,0,1000,epsilon-dca
hostile-adaptive-timing-grid-v1-186,synthetic,adversarial-design-search,deterministic-adversarial-v1,6,1,identity-a0-b0,proportional-10bps,dca,1898.1018981018981018981018981018981018981018981018981018981,0.000000000000000000000000000000000000000000000000000000001,63.27006327006327006327006327006327006327006327006327006327,5.994005994005994005994005994005994005994005994005994005994,,outside-current-safety-theorem
hostile-adaptive-timing-grid-v1-186,synthetic,adversarial-design-search,deterministic-adversarial-v1,6,1,identity-a0-b0,proportional-10bps,neutral_guarded,1898.1018981018981018981018981018981018981018981018981018981,0.000000000000000000000000000000000000000000000000000000001,63.27006327006327006327006327006327006327006327006327006327,5.994005994005994005994005994005994005994005994005994005994,1000,outside-current-safety-theorem
hostile-adaptive-timing-grid-v1-186,synthetic,adversarial-design-search,deterministic-adversarial-v1,6,1,identity-a0-b0,proportional-10bps,corrected_guarded,1898.1018981018981018981018981018981018981018981018981018981,0.000000000000000000000000000000000000000000000000000000001,63.27006327006327006327006327006327006327006327006327006327,5.994005994005994005994005994005994005994005994005994005994,1000,outside-current-safety-theorem
hostile-adaptive-timing-grid-v1-186,synthetic,adversarial-design-search,deterministic-adversarial-v1,6,1,identity-a0-b0,fixed-1-usd,dca,1898.1,0,63.27,6,,outside-current-safety-theorem
hostile-adaptive-timing-grid-v1-186,synthetic,adversarial-design-search,deterministic-adversarial-v1,6,1,identity-a0-b0,fixed-1-usd,neutral_guarded,1898.1,0,63.27,6,1000,outside-current-safety-theorem
hostile-adaptive-timing-grid-v1-186,synthetic,adversarial-design-search,deterministic-adversarial-v1,6,1,identity-a0-b0,fixed-1-usd,corrected_guarded,1898.1,0,63.27,6,1000,outside-current-safety-theorem
hostile-adaptive-timing-grid-v1-186,synthetic,adversarial-design-search,deterministic-adversarial-v1,6,0.9,identity-a0-b0,frictionless,dca,1900,0,63.3333333333333333333333333333333333333333333333333333333335,0,,epsilon-dca
hostile-adaptive-timing-grid-v1-186,synthetic,adversarial-design-search,deterministic-adversarial-v1,6,0.9,identity-a0-b0,frictionless,neutral_guarded,2227.421875,431.184895833333333333333333333333333333333333333333333333325,59.8745659722222222222222222222222222222222222222222222222223,0,698.832465277777777777777777777777777777777777777777777777783,epsilon-dca
hostile-adaptive-timing-grid-v1-186,synthetic,adversarial-design-search,deterministic-adversarial-v1,6,0.9,identity-a0-b0,frictionless,corrected_guarded,2414.98281146675132839379738528338554625196638611688548269312,625.078485621993454895544416533213737354027948201075832971215,59.6634775281585957832750989583390602965979479305269883240633,0,671.23946067628224302013029376850019201028421471376162887052,epsilon-dca
hostile-adaptive-timing-grid-v1-186,synthetic,adversarial-design-search,deterministic-adversarial-v1,6,0.9,identity-a0-b0,proportional-10bps,dca,1898.1018981018981018981018981018981018981018981018981018981,0.000000000000000000000000000000000000000000000000000000001,63.27006327006327006327006327006327006327006327006327006327,5.994005994005994005994005994005994005994005994005994005994,,outside-current-safety-theorem
hostile-adaptive-timing-grid-v1-186,synthetic,adversarial-design-search,deterministic-adversarial-v1,6,0.9,identity-a0-b0,proportional-10bps,neutral_guarded,2225.414281662007681457863784581833527618737297616145963533,430.931127871236390919478782248492251279475936348817733840944,59.8161051263590430179461667444447092113087120422442743230688,5.5635053667620016074730481695819258228976264372139682978612,698.991383448735760803500836346229828525333410100717224425647,outside-current-safety-theorem
hostile-adaptive-timing-grid-v1-186,synthetic,adversarial-design-search,deterministic-adversarial-v1,6,0.9,identity-a0-b0,proportional-10bps,corrected_guarded,2412.80362716236343229157499549382631386169013624401186523299,624.635591567526297702081608707047319055715838609343077009007,59.605601186494571152983112892892633160199143254488959607466,5.36999441401845524705086752376918349744683732406659033265834,671.438156819391414696821894662211093609449556279381200277377,outside-current-safety-theorem
hostile-adaptive-timing-grid-v1-186,synthetic,adversarial-design-search,deterministic-adversarial-v1,6,0.9,identity-a0-b0,fixed-1-usd,dca,1898.1,0,63.27,6,,outside-current-safety-theorem
hostile-adaptive-timing-grid-v1-186,synthetic,adversarial-design-search,deterministic-adversarial-v1,6,0.9,identity-a0-b0,fixed-1-usd,neutral_guarded,2225.16046875,430.742057291666666666666666666666666666666666666666666666667,59.8139470486111111111111111111111111111111111111111111111111,6,699.12006076388888888888888888888888888888888888888888888889,outside-current-safety-theorem
hostile-adaptive-timing-grid-v1-186,synthetic,adversarial-design-search,deterministic-adversarial-v1,6,0.9,identity-a0-b0,fixed-1-usd,corrected_guarded,2412.54562884433961072759517705967371136949414259149087462001,624.451456656910446814657341498641035478566137521601514571377,59.6031390729143054637645945187010891963642668356629786682876,6,671.54764941980161090000141448232750407132764908756316751782,outside-current-safety-theorem
hostile-adaptive-timing-grid-v1-186,synthetic,adversarial-design-search,deterministic-adversarial-v1,6,0.75,identity-a0-b0,frictionless,dca,1900,0,63.3333333333333333333333333333333333333333333333333333333335,0,,epsilon-dca
hostile-adaptive-timing-grid-v1-186,synthetic,adversarial-design-search,deterministic-adversarial-v1,6,0.75,identity-a0-b0,frictionless,neutral_guarded,2548.828125,874.34895833333333333333333333333333333333333333333333333333,55.8159722222222222222222222222222222222222222222222222222222,0,330.90277777777777777777777777777777777777777777777777777778,epsilon-dca
hostile-adaptive-timing-grid-v1-186,synthetic,adversarial-design-search,deterministic-adversarial-v1,6,0.75,identity-a0-b0,frictionless,corrected_guarded,2836.46707254368615601395610044422518755611423976759160548161,1157.88935475650721614347344423588985739101450384495908356891,55.9525905929059646623494218736111776721699911974210840637568,0,327.173950506921217607283735262063561821616673922863518618393,epsilon-dca
hostile-adaptive-timing-grid-v1-186,synthetic,adversarial-design-search,deterministic-adversarial-v1,6,0.75,identity-a0-b0,proportional-10bps,dca,1898.1018981018981018981018981018981018981018981018981018981,0.000000000000000000000000000000000000000000000000000000001,63.27006327006327006327006327006327006327006327006327006327,5.994005994005994005994005994005994005994005994005994005994,,outside-current-safety-theorem
hostile-adaptive-timing-grid-v1-186,synthetic,adversarial-design-search,deterministic-adversarial-v1,6,0.75,identity-a0-b0,proportional-10bps,neutral_guarded,2547.04375714945102890658000716938616367692951283352724235353,874.193001512317592091963574626765581664828272366588196612321,55.7616918545711145604872144180873527337367080155646348580402,5.1206863121755069010070293959772571611739977299035082950926,331.061649812329701870730272897536203660648646232492955200813,outside-current-safety-theorem
hostile-adaptive-timing-grid-v1-186,synthetic,adversarial-design-search,deterministic-adversarial-v1,6,0.75,identity-a0-b0,proportional-10bps,corrected_guarded,2834.5825500545752539811122337026698535981167979700283284315,1157.63776633691062871453990988608978775964790340300562818949,55.8981594572554875088857441272193355279489631522340900080669,4.83752470895413523604941067943447573650384824834864572608442,327.349261562100054609513938025458841525394944811781858867773,outside-current-safety-theorem
hostile-adaptive-timing-grid-v1-186,synthetic,adversarial-design-search,deterministic-adversarial-v1,6,0.75,identity-a0-b0,fixed-1-usd,dca,1898.1,0,63.27,6,,outside-current-safety-theorem
hostile-adaptive-timing-grid-v1-186,synthetic,adversarial-design-search,deterministic-adversarial-v1,6,0.75,identity-a0-b0,fixed-1-usd,neutral_guarded,2546.71328125,874.03515625,55.7559375,6,331.23125,outside-current-safety-theorem
hostile-adaptive-timing-grid-v1-186,synthetic,adversarial-design-search,deterministic-adversarial-v1,6,0.75,identity-a0-b0,fixed-1-usd,corrected_guarded,2834.20558299110042166933393700386008173983786307676298303115,1157.44309580706764662954749183053702594407130491675268148569,55.8920829061344258346595481724441018598588852720003433848488,6,327.518403603740656264411340480986222263351504687901398498512,outside-current-safety-theorem
hostile-adaptive-timing-grid-v1-186,synthetic,adversarial-design-search,deterministic-adversarial-v1,6,0.5,identity-a0-b0,frictionless,dca,1900,0,63.3333333333333333333333333333333333333333333333333333333335,0,,epsilon-dca
hostile-adaptive-timing-grid-v1-186,synthetic,adversarial-design-search,deterministic-adversarial-v1,6,0.5,identity-a0-b0,frictionless,neutral_guarded,2562.8125,964.0625,53.2916666666666666666666666666666666666666666666666666666666,0,116.666666666666666666666666666666666666666666666666666666667,epsilon-dca
hostile-adaptive-timing-grid-v1-186,synthetic,adversarial-design-search,deterministic-adversarial-v1,6,0.5,identity-a0-b0,frictionless,corrected_guarded,2908.74075093892904802188952552645393912208764627538157222926,1250.7076614819873089147505358179175445866233528948132200964,55.2677696485647246369046329902845464845154764460189450710953,0,134.523809523809523809523809523809523809523809523809523809524,epsilon-dca
hostile-adaptive-timing-grid-v1-186,synthetic,adversarial-design-search,deterministic-adversarial-v1,6,0.5,identity-a0-b0,proportional-10bps,dca,1898.1018981018981018981018981018981018981018981018981018981,0.000000000000000000000000000000000000000000000000000000001,63.27006327006327006327006327006327006327006327006327006327,5.994005994005994005994005994005994005994005994005994005994,,outside-current-safety-theorem
hostile-adaptive-timing-grid-v1-186,synthetic,adversarial-design-search,deterministic-adversarial-v1,6,0.5,identity-a0-b0,proportional-10bps,neutral_guarded,2561.24152601893610884619875628866637857646848655839664830673,964.04376873126873126873126873126873126873126873126873126873,53.2399252429222459192489162519132549102579072609042639012668,5.03092530596276850023103769357515611261865008118754372500625,116.716616716616716616716616716616716616716616716616716616717,outside-current-safety-theorem
hostile-adaptive-timing-grid-v1-186,synthetic,adversarial-design-search,deterministic-adversarial-v1,6,0.5,identity-a0-b0,proportional-10bps,corrected_guarded,2907.09227214709880394727744438930621927383431540333924497349,1250.6925155489030417887997936472008523034927495975642722119,55.213325219939858738615921691403512232344718860192499092053,4.74456292152956739082037982652627287482168556483759812965845,134.555920270205984491698777413063127348841634555920270205985,outside-current-safety-theorem
hostile-adaptive-timing-grid-v1-186,synthetic,adversarial-design-search,deterministic-adversarial-v1,6,0.5,identity-a0-b0,fixed-1-usd,dca,1898.1,0,63.27,6,,outside-current-safety-theorem
hostile-adaptive-timing-grid-v1-186,synthetic,adversarial-design-search,deterministic-adversarial-v1,6,0.5,identity-a0-b0,fixed-1-usd,neutral_guarded,2560.97375,964.01875,53.2318333333333333333333333333333333333333333333333333333333,6,116.783333333333333333333333333333333333333333333333333333334,outside-current-safety-theorem
hostile-adaptive-timing-grid-v1-186,synthetic,adversarial-design-search,deterministic-adversarial-v1,6,0.5,identity-a0-b0,fixed-1-usd,corrected_guarded,2906.86952985751447486059050349647549581153584312859663497524,1250.65263238036877422876846524521509719438091132986776492698,55.2072299159048566877274012750420132872384977266242956682753,6,134.640476190476190476190476190476190476190476190476190476191,outside-current-safety-theorem
hostile-adaptive-timing-grid-v1-209,synthetic,adversarial-design-search,deterministic-adversarial-v1,6,1,identity-a0-b0,frictionless,dca,2000,0,66.6666666666666666666666666666666666666666666666666666666668,0,,epsilon-dca
hostile-adaptive-timing-grid-v1-209,synthetic,adversarial-design-search,deterministic-adversarial-v1,6,1,identity-a0-b0,frictionless,neutral_guarded,2000,0,66.6666666666666666666666666666666666666666666666666666666668,0,1000,epsilon-dca
hostile-adaptive-timing-grid-v1-209,synthetic,adversarial-design-search,deterministic-adversarial-v1,6,1,identity-a0-b0,frictionless,corrected_guarded,2000,0,66.6666666666666666666666666666666666666666666666666666666668,0,1000,epsilon-dca
hostile-adaptive-timing-grid-v1-209,synthetic,adversarial-design-search,deterministic-adversarial-v1,6,1,identity-a0-b0,proportional-10bps,dca,1998.001998001998001998001998001998001998001998001998001998,0.000000000000000000000000000000000000000000000000000000001,66.6000666000666000666000666000666000666000666000666000666,5.994005994005994005994005994005994005994005994005994005994,,outside-current-safety-theorem
hostile-adaptive-timing-grid-v1-209,synthetic,adversarial-design-search,deterministic-adversarial-v1,6,1,identity-a0-b0,proportional-10bps,neutral_guarded,1998.001998001998001998001998001998001998001998001998001998,0.000000000000000000000000000000000000000000000000000000001,66.6000666000666000666000666000666000666000666000666000666,5.994005994005994005994005994005994005994005994005994005994,1000,outside-current-safety-theorem
hostile-adaptive-timing-grid-v1-209,synthetic,adversarial-design-search,deterministic-adversarial-v1,6,1,identity-a0-b0,proportional-10bps,corrected_guarded,1998.001998001998001998001998001998001998001998001998001998,0.000000000000000000000000000000000000000000000000000000001,66.6000666000666000666000666000666000666000666000666000666,5.994005994005994005994005994005994005994005994005994005994,1000,outside-current-safety-theorem
hostile-adaptive-timing-grid-v1-209,synthetic,adversarial-design-search,deterministic-adversarial-v1,6,1,identity-a0-b0,fixed-1-usd,dca,1998,0,66.6,6,,outside-current-safety-theorem
hostile-adaptive-timing-grid-v1-209,synthetic,adversarial-design-search,deterministic-adversarial-v1,6,1,identity-a0-b0,fixed-1-usd,neutral_guarded,1998,0,66.6,6,1000,outside-current-safety-theorem
hostile-adaptive-timing-grid-v1-209,synthetic,adversarial-design-search,deterministic-adversarial-v1,6,1,identity-a0-b0,fixed-1-usd,corrected_guarded,1998,0,66.6,6,1000,outside-current-safety-theorem
hostile-adaptive-timing-grid-v1-209,synthetic,adversarial-design-search,deterministic-adversarial-v1,6,0.9,identity-a0-b0,frictionless,dca,2000,0,66.6666666666666666666666666666666666666666666666666666666668,0,,epsilon-dca
hostile-adaptive-timing-grid-v1-209,synthetic,adversarial-design-search,deterministic-adversarial-v1,6,0.9,identity-a0-b0,frictionless,neutral_guarded,2261.95138888888888888888888888888888888888888888888888888889,355.34722222222222222222222222222222222222222222222222222222,63.5534722222222222222222222222222222222222222222222222222223,0,742.080439814814814814814814814814814814814814814814814814818,epsilon-dca
hostile-adaptive-timing-grid-v1-209,synthetic,adversarial-design-search,deterministic-adversarial-v1,6,0.9,identity-a0-b0,frictionless,corrected_guarded,2342.99839035709361975648509964010403251182380777315855307232,421.707196481352367749119054742690500769260596051735325746725,64.0430397958580417335788681632471177247521070573807742441864,0,723.342448681952844265593380354522862922277530959844333318302,epsilon-dca
hostile-adaptive-timing-grid-v1-209,synthetic,adversarial-design-search,deterministic-adversarial-v1,6,0.9,identity-a0-b0,proportional-10bps,dca,1998.001998001998001998001998001998001998001998001998001998,0.000000000000000000000000000000000000000000000000000000001,66.6000666000666000666000666000666000666000666000666000666,5.994005994005994005994005994005994005994005994005994005994,,outside-current-safety-theorem
hostile-adaptive-timing-grid-v1-209,synthetic,adversarial-design-search,deterministic-adversarial-v1,6,0.9,identity-a0-b0,proportional-10bps,neutral_guarded,2259.86930564422474540372265796413953381219642644249451326543,355.12281139503532582497703513972889667762236098296693639174,63.4915498083063139859581874274803545711524688486509192291231,5.63923795065431036381121175310716393938299464437266040320505,742.210703243149828699796739046084044981831110011576762920825,outside-current-safety-theorem
hostile-adaptive-timing-grid-v1-209,synthetic,adversarial-design-search,deterministic-adversarial-v1,6,0.9,identity-a0-b0,proportional-10bps,corrected_guarded,2340.79365200717511490222669995208724392460773232388789196708,421.358962109569537283840111366482441261770675278977173104734,63.9811563299201859206128862861868267554279019014970239620784,5.57306796992050995276339649214137618255567365106995287402124,723.507707870265424747258148162636885408496586924704669931772,outside-current-safety-theorem
hostile-adaptive-timing-grid-v1-209,synthetic,adversarial-design-search,deterministic-adversarial-v1,6,0.9,identity-a0-b0,fixed-1-usd,dca,1998,0,66.6,6,,outside-current-safety-theorem
hostile-adaptive-timing-grid-v1-209,synthetic,adversarial-design-search,deterministic-adversarial-v1,6,0.9,identity-a0-b0,fixed-1-usd,neutral_guarded,2259.67884722222222222222222222222222222222222222222222222224,355.006805555555555555555555555555555555555555555555555555565,63.4890680555555555555555555555555555555555555555555555555556,6,742.310943287037037037037037037037037037037037037037037037033,outside-current-safety-theorem
hostile-adaptive-timing-grid-v1-209,synthetic,adversarial-design-search,deterministic-adversarial-v1,6,0.9,identity-a0-b0,fixed-1-usd,corrected_guarded,2340.65196041699661842900479933996128079528885598780891940781,421.306123059985283378135685272067270023040007727676165263226,63.978194578567044501695637135596467025741628275337758471486,6,723.589001782052474736739534858684557455859487292485364079263,outside-current-safety-theorem
hostile-adaptive-timing-grid-v1-209,synthetic,adversarial-design-search,deterministic-adversarial-v1,6,0.75,identity-a0-b0,frictionless,dca,2000,0,66.6666666666666666666666666666666666666666666666666666666668,0,,epsilon-dca
hostile-adaptive-timing-grid-v1-209,synthetic,adversarial-design-search,deterministic-adversarial-v1,6,0.75,identity-a0-b0,frictionless,neutral_guarded,2583.40494791666666666666666666666666666666666666666666666666,786.26302083333333333333333333333333333333333333333333333333,59.9047309027777777777777777777777777777777777777777777777777,0,389.236111111111111111111111111111111111111111111111111111113,epsilon-dca
hostile-adaptive-timing-grid-v1-209,synthetic,adversarial-design-search,deterministic-adversarial-v1,6,0.75,identity-a0-b0,frictionless,corrected_guarded,2639.2789781159555898043524238089347540925896960594831101415,742.529422950840262820140029297690070227480313881605067882104,63.2249851721705108994737464837081561288369794059292680753134,0,410.124814744468851371918276475393464270852322312188938854245,epsilon-dca
hostile-adaptive-timing-grid-v1-209,synthetic,adversarial-design-search,deterministic-adversarial-v1,6,0.75,identity-a0-b0,proportional-10bps,dca,1998.001998001998001998001998001998001998001998001998001998,0.000000000000000000000000000000000000000000000000000000001,66.6000666000666000666000666000666000666000666000666000666,5.994005994005994005994005994005994005994005994005994005994,,outside-current-safety-theorem
hostile-adaptive-timing-grid-v1-209,synthetic,adversarial-design-search,deterministic-adversarial-v1,6,0.75,identity-a0-b0,proportional-10bps,neutral_guarded,2581.48093654422866823494853790576376683246495763964663670052,786.151507954208102765534649031077373269342443719819286614831,59.8443142863340188489804629624895464521040837973275783361896,5.20863985219359829893552982114777485187877877750267803534984,389.411931619001309015127827221291735262815594608141258756908,outside-current-safety-theorem
hostile-adaptive-timing-grid-v1-209,synthetic,adversarial-design-search,deterministic-adversarial-v1,6,0.75,identity-a0-b0,proportional-10bps,corrected_guarded,2637.21822156208324530406741980263885542934219408539519182268,742.440665809857657056318068134242003815540363146018021730265,63.1592518584075196082583117222798950537933943646459056697475,5.25230702716297936358010183003572227391054908776621576250722,410.282730600630099778011749407847657215599550738880706093833,outside-current-safety-theorem
hostile-adaptive-timing-grid-v1-209,synthetic,adversarial-design-search,deterministic-adversarial-v1,6,0.75,identity-a0-b0,fixed-1-usd,dca,1998,0,66.6,6,,outside-current-safety-theorem
hostile-adaptive-timing-grid-v1-209,synthetic,adversarial-design-search,deterministic-adversarial-v1,6,0.75,identity-a0-b0,fixed-1-usd,neutral_guarded,2581.15061197916666666666666666666666666666666666666666666668,786.022005208333333333333333333333333333333333333333333333335,59.8376202256944444444444444444444444444444444444444444444446,6,389.609027777777777777777777777777777777777777777777777777775,outside-current-safety-theorem
hostile-adaptive-timing-grid-v1-209,synthetic,adversarial-design-search,deterministic-adversarial-v1,6,0.75,identity-a0-b0,fixed-1-usd,corrected_guarded,2636.97633789335705739411009959106437693040223865914232517048,742.331646008342510333336500667541282117857303161504736945145,63.1548230628338182353591199641174364937514978499212529408442,6,410.478431503742155082837492549651506746880817831727844934872,outside-current-safety-theorem
hostile-adaptive-timing-grid-v1-209,synthetic,adversarial-design-search,deterministic-adversarial-v1,6,0.5,identity-a0-b0,frictionless,dca,2000,0,66.6666666666666666666666666666666666666666666666666666666668,0,,epsilon-dca
hostile-adaptive-timing-grid-v1-209,synthetic,adversarial-design-search,deterministic-adversarial-v1,6,0.5,identity-a0-b0,frictionless,neutral_guarded,2671.09375,976.5625,56.4843750000000000000000000000000000000000000000000000000001,0,83.3333333333333333333333333333333333333333333333333333333333,epsilon-dca
hostile-adaptive-timing-grid-v1-209,synthetic,adversarial-design-search,deterministic-adversarial-v1,6,0.5,identity-a0-b0,frictionless,corrected_guarded,2747.40501051531816676445971340254556602343181314747856933805,901.874274494931234407237390058315646949231732186951090938283,61.5176912006795644119074107781409973024733360320175826133257,0,113.095238095238095238095238095238095238095238095238095238095,epsilon-dca
hostile-adaptive-timing-grid-v1-209,synthetic,adversarial-design-search,deterministic-adversarial-v1,6,0.5,identity-a0-b0,proportional-10bps,dca,1998.001998001998001998001998001998001998001998001998001998,0.000000000000000000000000000000000000000000000000000000001,66.6000666000666000666000666000666000666000666000666000666,5.994005994005994005994005994005994005994005994005994005994,,outside-current-safety-theorem
hostile-adaptive-timing-grid-v1-209,synthetic,adversarial-design-search,deterministic-adversarial-v1,6,0.5,identity-a0-b0,proportional-10bps,neutral_guarded,2669.37904908528035401162274289147416020542893669766796639923,976.53128121878121878121878121878121878121878121878121878122,56.4282589288833045076801320557564313808070051826295582539338,5.018450268512706075143637581200018762456324893887331449769,83.4165834165834165834165834165834165834165834165834165834167,outside-current-safety-theorem
hostile-adaptive-timing-grid-v1-209,synthetic,adversarial-design-search,deterministic-adversarial-v1,6,0.5,identity-a0-b0,proportional-10bps,corrected_guarded,2745.54208495252416890057044747121953908141910516452695106731,901.855972251300834274967545443567647258827952226417997516061,61.4562037567074444875200967342550630607530384312702984517082,5.09305097677192723848654590864778456817299904872485714533861,113.148756005898863041720184577327434470291613148756005898863,outside-current-safety-theorem
hostile-adaptive-timing-grid-v1-209,synthetic,adversarial-design-search,deterministic-adversarial-v1,6,0.5,identity-a0-b0,fixed-1-usd,dca,1998,0,66.6,6,,outside-current-safety-theorem
hostile-adaptive-timing-grid-v1-209,synthetic,adversarial-design-search,deterministic-adversarial-v1,6,0.5,identity-a0-b0,fixed-1-usd,neutral_guarded,2669.04270833333333333333333333333333333333333333333333333332,976.48958333333333333333333333333333333333333333333333333333,56.4184374999999999999999999999999999999999999999999999999998,6,83.5277777777777777777777777777777777777777777777777777777783,outside-current-safety-theorem
hostile-adaptive-timing-grid-v1-209,synthetic,adversarial-design-search,deterministic-adversarial-v1,6,0.5,identity-a0-b0,fixed-1-usd,corrected_guarded,2745.33510860512553729143353503780067729478181015523170870849,901.807777698795864326666752390999007185186176388122372474067,61.4509110302109890988255594215600556703198544589036445411473,6,113.28968253968253968253968253968253968253968253968253968254,outside-current-safety-theorem
hostile-adaptive-timing-grid-v1-210,synthetic,adversarial-design-search,deterministic-adversarial-v1,6,1,identity-a0-b0,frictionless,dca,1900,0,63.3333333333333333333333333333333333333333333333333333333335,0,,epsilon-dca
hostile-adaptive-timing-grid-v1-210,synthetic,adversarial-design-search,deterministic-adversarial-v1,6,1,identity-a0-b0,frictionless,neutral_guarded,1900,0,63.3333333333333333333333333333333333333333333333333333333335,0,1000,epsilon-dca
hostile-adaptive-timing-grid-v1-210,synthetic,adversarial-design-search,deterministic-adversarial-v1,6,1,identity-a0-b0,frictionless,corrected_guarded,1900,0,63.3333333333333333333333333333333333333333333333333333333335,0,1000,epsilon-dca
hostile-adaptive-timing-grid-v1-210,synthetic,adversarial-design-search,deterministic-adversarial-v1,6,1,identity-a0-b0,proportional-10bps,dca,1898.1018981018981018981018981018981018981018981018981018981,0.000000000000000000000000000000000000000000000000000000001,63.27006327006327006327006327006327006327006327006327006327,5.994005994005994005994005994005994005994005994005994005994,,outside-current-safety-theorem
hostile-adaptive-timing-grid-v1-210,synthetic,adversarial-design-search,deterministic-adversarial-v1,6,1,identity-a0-b0,proportional-10bps,neutral_guarded,1898.1018981018981018981018981018981018981018981018981018981,0.000000000000000000000000000000000000000000000000000000001,63.27006327006327006327006327006327006327006327006327006327,5.994005994005994005994005994005994005994005994005994005994,1000,outside-current-safety-theorem
hostile-adaptive-timing-grid-v1-210,synthetic,adversarial-design-search,deterministic-adversarial-v1,6,1,identity-a0-b0,proportional-10bps,corrected_guarded,1898.1018981018981018981018981018981018981018981018981018981,0.000000000000000000000000000000000000000000000000000000001,63.27006327006327006327006327006327006327006327006327006327,5.994005994005994005994005994005994005994005994005994005994,1000,outside-current-safety-theorem
hostile-adaptive-timing-grid-v1-210,synthetic,adversarial-design-search,deterministic-adversarial-v1,6,1,identity-a0-b0,fixed-1-usd,dca,1898.1,0,63.27,6,,outside-current-safety-theorem
hostile-adaptive-timing-grid-v1-210,synthetic,adversarial-design-search,deterministic-adversarial-v1,6,1,identity-a0-b0,fixed-1-usd,neutral_guarded,1898.1,0,63.27,6,1000,outside-current-safety-theorem
hostile-adaptive-timing-grid-v1-210,synthetic,adversarial-design-search,deterministic-adversarial-v1,6,1,identity-a0-b0,fixed-1-usd,corrected_guarded,1898.1,0,63.27,6,1000,outside-current-safety-theorem
hostile-adaptive-timing-grid-v1-210,synthetic,adversarial-design-search,deterministic-adversarial-v1,6,0.9,identity-a0-b0,frictionless,dca,1900,0,63.3333333333333333333333333333333333333333333333333333333335,0,,epsilon-dca
hostile-adaptive-timing-grid-v1-210,synthetic,adversarial-design-search,deterministic-adversarial-v1,6,0.9,identity-a0-b0,frictionless,neutral_guarded,2250.921875,450.768229166666666666666666666666666666666666666666666666665,60.0051215277777777777777777777777777777777777777777777777779,0,710.273437500000000000000000000000000000000000000000000000003,epsilon-dca
hostile-adaptive-timing-grid-v1-210,synthetic,adversarial-design-search,deterministic-adversarial-v1,6,0.9,identity-a0-b0,frictionless,corrected_guarded,2465.57801225635346087115595102833904594450208728942953168052,669.93911339177666859981302334184734702996223519056029539176,59.8546299621525597423780975895497232971513284032956412096254,0,677.988710074035496124006415236705601529245831977328712206602,epsilon-dca
hostile-adaptive-timing-grid-v1-210,synthetic,adversarial-design-search,deterministic-adversarial-v1,6,0.9,identity-a0-b0,proportional-10bps,dca,1898.1018981018981018981018981018981018981018981018981018981,0.000000000000000000000000000000000000000000000000000000001,63.27006327006327006327006327006327006327006327006327006327,5.994005994005994005994005994005994005994005994005994005994,,outside-current-safety-theorem
hostile-adaptive-timing-grid-v1-210,synthetic,adversarial-design-search,deterministic-adversarial-v1,6,0.9,identity-a0-b0,proportional-10bps,neutral_guarded,2248.86068915333003440584012388838481625760495460480656023765,450.453915501711368184358622903377870362565052730486547264646,59.9468924550539555407160500328335648631679967291440004324334,5.54400208241587275905658479230431781182560933793158187086449,710.433668540924481246669543124867720420183546095736892629857,outside-current-safety-theorem
hostile-adaptive-timing-grid-v1-210,synthetic,adversarial-design-search,deterministic-adversarial-v1,6,0.9,identity-a0-b0,proportional-10bps,corrected_guarded,2463.26711227639344575324113324112016138698301402444934608553,669.336134068838762227328426667094773856699974971506697901241,59.7976992735851561175304235524675129176761013017647549394762,5.32533852740375748029237919413876645968361640861987342867008,678.20501568527211716528487236238579666962497023928086367889,outside-current-safety-theorem
hostile-adaptive-timing-grid-v1-210,synthetic,adversarial-design-search,deterministic-adversarial-v1,6,0.9,identity-a0-b0,fixed-1-usd,dca,1898.1,0,63.27,6,,outside-current-safety-theorem
hostile-adaptive-timing-grid-v1-210,synthetic,adversarial-design-search,deterministic-adversarial-v1,6,0.9,identity-a0-b0,fixed-1-usd,neutral_guarded,2248.63696875000000000000000000000000000000000000000000000002,450.305807291666666666666666666666666666666666666666666666677,59.9443720486111111111111111111111111111111111111111111111112,6,710.544609374999999999999999999999999999999999999999999999997,outside-current-safety-theorem
hostile-adaptive-timing-grid-v1-210,synthetic,adversarial-design-search,deterministic-adversarial-v1,6,0.9,identity-a0-b0,fixed-1-usd,corrected_guarded,2463.09052094330720945026180012646466482132955059710194117648,669.267477835378287953605803829270303945191599550860092946627,59.7941014369309640498885332099064786958712650348747282743284,6,678.287816372330281088541803778096534834413067372382477131922,outside-current-safety-theorem
hostile-adaptive-timing-grid-v1-210,synthetic,adversarial-design-search,deterministic-adversarial-v1,6,0.75,identity-a0-b0,frictionless,dca,1900,0,63.3333333333333333333333333333333333333333333333333333333335,0,,epsilon-dca
hostile-adaptive-timing-grid-v1-210,synthetic,adversarial-design-search,deterministic-adversarial-v1,6,0.75,identity-a0-b0,frictionless,neutral_guarded,2504.77864583333333333333333333333333333333333333333333333333,786.26302083333333333333333333333333333333333333333333333333,57.2838541666666666666666666666666666666666666666666666666666,0,389.236111111111111111111111111111111111111111111111111111113,epsilon-dca
hostile-adaptive-timing-grid-v1-210,synthetic,adversarial-design-search,deterministic-adversarial-v1,6,0.75,identity-a0-b0,frictionless,corrected_guarded,2683.90394032542455854144819660638639026263531320737091567763,887.296420585117804453980457149041836826630706706147096574794,59.8869173246768918029155913152448184478668202167074606367612,0,410.124814744468851371918276475393464270852322312188938854245,epsilon-dca
hostile-adaptive-timing-grid-v1-210,synthetic,adversarial-design-search,deterministic-adversarial-v1,6,0.75,identity-a0-b0,proportional-10bps,dca,1898.1018981018981018981018981018981018981018981018981018981,0.000000000000000000000000000000000000000000000000000000001,63.27006327006327006327006327006327006327006327006327006327,5.994005994005994005994005994005994005994005994005994005994,,outside-current-safety-theorem
hostile-adaptive-timing-grid-v1-210,synthetic,adversarial-design-search,deterministic-adversarial-v1,6,0.75,identity-a0-b0,proportional-10bps,neutral_guarded,2502.9443223629890975291009206199418514209422359893150396361,786.151507954208102765534649031077373269342443719819286614831,57.2264271469593664921188757196288159383866597423165251007089,5.20863985219359829893552982114777485187877877750267803534984,389.411931619001309015127827221291735262815594608141258756908,outside-current-safety-theorem
hostile-adaptive-timing-grid-v1-210,synthetic,adversarial-design-search,deterministic-adversarial-v1,6,0.75,identity-a0-b0,proportional-10bps,corrected_guarded,2681.93787962868139749068822703762120464522656876213489407444,887.190358938183648253331028376545451469398879669356682817359,59.8249173563499249745785732887025251058609229697592737085693,5.10770193912269365808858039123222232620439672360703628090173,410.282730600630099778011749407847657215599550738880706093833,outside-current-safety-theorem
hostile-adaptive-timing-grid-v1-210,synthetic,adversarial-design-search,deterministic-adversarial-v1,6,0.75,identity-a0-b0,fixed-1-usd,dca,1898.1,0,63.27,6,,outside-current-safety-theorem
hostile-adaptive-timing-grid-v1-210,synthetic,adversarial-design-search,deterministic-adversarial-v1,6,0.75,identity-a0-b0,fixed-1-usd,neutral_guarded,2502.64841145833333333333333333333333333333333333333333333334,786.022005208333333333333333333333333333333333333333333333335,57.2208802083333333333333333333333333333333333333333333333335,6,389.609027777777777777777777777777777777777777777777777777775,outside-current-safety-theorem
hostile-adaptive-timing-grid-v1-210,synthetic,adversarial-design-search,deterministic-adversarial-v1,6,0.75,identity-a0-b0,fixed-1-usd,corrected_guarded,2681.68941398988279419656727358331966028400714722966373872555,887.060084127964183097655476157123257651333087298286339597024,59.8209776620639537032970599142065467544224686643792466376178,6,410.478431503742155082837492549651506746880817831727844934872,outside-current-safety-theorem
hostile-adaptive-timing-grid-v1-210,synthetic,adversarial-design-search,deterministic-adversarial-v1,6,0.5,identity-a0-b0,frictionless,dca,1900,0,63.3333333333333333333333333333333333333333333333333333333335,0,,epsilon-dca
hostile-adaptive-timing-grid-v1-210,synthetic,adversarial-design-search,deterministic-adversarial-v1,6,0.5,identity-a0-b0,frictionless,neutral_guarded,2573.4375,976.5625,53.2291666666666666666666666666666666666666666666666666666668,0,83.3333333333333333333333333333333333333333333333333333333333,epsilon-dca
hostile-adaptive-timing-grid-v1-210,synthetic,adversarial-design-search,deterministic-adversarial-v1,6,0.5,identity-a0-b0,frictionless,corrected_guarded,2801.60637166419896257081713538718015859193499545200283188089,1077.7078871797546591121980987179112668825358635682345201662,57.4632828161481434486206345556422963903133043961256103904898,0,113.095238095238095238095238095238095238095238095238095238095,epsilon-dca
hostile-adaptive-timing-grid-v1-210,synthetic,adversarial-design-search,deterministic-adversarial-v1,6,0.5,identity-a0-b0,proportional-10bps,dca,1898.1018981018981018981018981018981018981018981018981018981,0.000000000000000000000000000000000000000000000000000000001,63.27006327006327006327006327006327006327006327006327006327,5.994005994005994005994005994005994005994005994005994005994,,outside-current-safety-theorem
hostile-adaptive-timing-grid-v1-210,synthetic,adversarial-design-search,deterministic-adversarial-v1,6,0.5,identity-a0-b0,proportional-10bps,neutral_guarded,2571.82347653595156092658590161087663585166082668580171077674,976.53128121878121878121878121878121878121878121878121878122,53.1764065105723447381789040130698472356814015155673497331839,5.018450268512706075143637581200018762456324893887331449769,83.4165834165834165834165834165834165834165834165834165834167,outside-current-safety-theorem
hostile-adaptive-timing-grid-v1-210,synthetic,adversarial-design-search,deterministic-adversarial-v1,6,0.5,identity-a0-b0,proportional-10bps,corrected_guarded,2799.86385443750342133960211084922313674522448738000403909937,1077.68601664538930782986710220033676665307624798700487365184,57.4059279264038037836578336216295456697382746464333055149177,4.91739658676784284932081208571394928406286089112187325309507,113.148756005898863041720184577327434470291613148756005898863,outside-current-safety-theorem
hostile-adaptive-timing-grid-v1-210,synthetic,adversarial-design-search,deterministic-adversarial-v1,6,0.5,identity-a0-b0,fixed-1-usd,dca,1898.1,0,63.27,6,,outside-current-safety-theorem
hostile-adaptive-timing-grid-v1-210,synthetic,adversarial-design-search,deterministic-adversarial-v1,6,0.5,identity-a0-b0,fixed-1-usd,neutral_guarded,2571.49374999999999999999999999999999999999999999999999999999,976.48958333333333333333333333333333333333333333333333333333,53.1668055555555555555555555555555555555555555555555555555554,6,83.5277777777777777777777777777777777777777777777777777777783,outside-current-safety-theorem
hostile-adaptive-timing-grid-v1-210,synthetic,adversarial-design-search,deterministic-adversarial-v1,6,0.5,identity-a0-b0,fixed-1-usd,corrected_guarded,2799.63247339113791096368182085954795585173840793870790069017,1077.62842585826679873834231737046595860440514618721726595265,57.4001349177623704075113167829693999082444420583830211579175,6,113.28968253968253968253968253968253968253968253968253968254,outside-current-safety-theorem
hostile-adaptive-timing-grid-v1-213,synthetic,adversarial-design-search,deterministic-adversarial-v1,6,1,identity-a0-b0,frictionless,dca,1700,0,56.6666666666666666666666666666666666666666666666666666666668,0,,epsilon-dca
hostile-adaptive-timing-grid-v1-213,synthetic,adversarial-design-search,deterministic-adversarial-v1,6,1,identity-a0-b0,frictionless,neutral_guarded,1700,0,56.6666666666666666666666666666666666666666666666666666666668,0,1000,epsilon-dca
hostile-adaptive-timing-grid-v1-213,synthetic,adversarial-design-search,deterministic-adversarial-v1,6,1,identity-a0-b0,frictionless,corrected_guarded,1700,0,56.6666666666666666666666666666666666666666666666666666666668,0,1000,epsilon-dca
hostile-adaptive-timing-grid-v1-213,synthetic,adversarial-design-search,deterministic-adversarial-v1,6,1,identity-a0-b0,proportional-10bps,dca,1698.3016983016983016983016983016983016983016983016983016983,0.000000000000000000000000000000000000000000000000000000001,56.61005661005661005661005661005661005661005661005661005661,5.994005994005994005994005994005994005994005994005994005994,,outside-current-safety-theorem
hostile-adaptive-timing-grid-v1-213,synthetic,adversarial-design-search,deterministic-adversarial-v1,6,1,identity-a0-b0,proportional-10bps,neutral_guarded,1698.3016983016983016983016983016983016983016983016983016983,0.000000000000000000000000000000000000000000000000000000001,56.61005661005661005661005661005661005661005661005661005661,5.994005994005994005994005994005994005994005994005994005994,1000,outside-current-safety-theorem
hostile-adaptive-timing-grid-v1-213,synthetic,adversarial-design-search,deterministic-adversarial-v1,6,1,identity-a0-b0,proportional-10bps,corrected_guarded,1698.3016983016983016983016983016983016983016983016983016983,0.000000000000000000000000000000000000000000000000000000001,56.61005661005661005661005661005661005661005661005661005661,5.994005994005994005994005994005994005994005994005994005994,1000,outside-current-safety-theorem
hostile-adaptive-timing-grid-v1-213,synthetic,adversarial-design-search,deterministic-adversarial-v1,6,1,identity-a0-b0,fixed-1-usd,dca,1698.3,0,56.61,6,,outside-current-safety-theorem
hostile-adaptive-timing-grid-v1-213,synthetic,adversarial-design-search,deterministic-adversarial-v1,6,1,identity-a0-b0,fixed-1-usd,neutral_guarded,1698.3,0,56.61,6,1000,outside-current-safety-theorem
hostile-adaptive-timing-grid-v1-213,synthetic,adversarial-design-search,deterministic-adversarial-v1,6,1,identity-a0-b0,fixed-1-usd,corrected_guarded,1698.3,0,56.61,6,1000,outside-current-safety-theorem
hostile-adaptive-timing-grid-v1-213,synthetic,adversarial-design-search,deterministic-adversarial-v1,6,0.9,identity-a0-b0,frictionless,dca,1700,0,56.6666666666666666666666666666666666666666666666666666666668,0,,epsilon-dca
hostile-adaptive-timing-grid-v1-213,synthetic,adversarial-design-search,deterministic-adversarial-v1,6,0.9,identity-a0-b0,frictionless,neutral_guarded,1984.66145833333333333333333333333333333333333333333333333333,378.884548611111111111111111111111111111111111111111111111107,53.5258969907407407407407407407407407407407407407407407407408,0,728.551793981481481481481481481481481481481481481481481481487,epsilon-dca
hostile-adaptive-timing-grid-v1-213,synthetic,adversarial-design-search,deterministic-adversarial-v1,6,0.9,identity-a0-b0,frictionless,corrected_guarded,2071.64381075280718029559127511801180897739461592375620317964,474.468067634628785282221531511587541757147678906096425734702,53.2391914372726131671123247868808089073415645672553259148314,0,731.611265676308199195776039008678473338725263920189320158672,epsilon-dca
hostile-adaptive-timing-grid-v1-213,synthetic,adversarial-design-search,deterministic-adversarial-v1,6,0.9,identity-a0-b0,proportional-10bps,dca,1698.3016983016983016983016983016983016983016983016983016983,0.000000000000000000000000000000000000000000000000000000001,56.61005661005661005661005661005661005661005661005661005661,5.994005994005994005994005994005994005994005994005994005994,,outside-current-safety-theorem
hostile-adaptive-timing-grid-v1-213,synthetic,adversarial-design-search,deterministic-adversarial-v1,6,0.9,identity-a0-b0,proportional-10bps,neutral_guarded,1982.892282237605843927033055432669813793115767471229231084,378.681350622010648019687543293809457608607293608779765544828,53.4736977205198398635781837379620118728169491287483155179724,5.61570294643155779418612633037581472766372897741380642802715,728.67796002793350175985950196536853771414903922599004935875,outside-current-safety-theorem
hostile-adaptive-timing-grid-v1-213,synthetic,adversarial-design-search,deterministic-adversarial-v1,6,0.9,identity-a0-b0,proportional-10bps,corrected_guarded,2069.80452521463678233560529291242546460860656462122738414997,474.177803969017401788020852163275522572334967139759801174611,53.1875573748539793515861480249716647345423865827155860991788,5.52030189413684575245951962820851596146619883402621398484054,731.742917578026259545360599618870161513992353153441068525313,outside-current-safety-theorem
hostile-adaptive-timing-grid-v1-213,synthetic,adversarial-design-search,deterministic-adversarial-v1,6,0.9,identity-a0-b0,fixed-1-usd,dca,1698.3,0,56.61,6,,outside-current-safety-theorem
hostile-adaptive-timing-grid-v1-213,synthetic,adversarial-design-search,deterministic-adversarial-v1,6,0.9,identity-a0-b0,fixed-1-usd,neutral_guarded,1982.66286458333333333333333333333333333333333333333333333336,378.510720486111111111111111111111111111111111111111111111125,53.4717381365740740740740740740740740740740740740740740740742,6,728.801142939814814814814814814814814814814814814814814814808,outside-current-safety-theorem
hostile-adaptive-timing-grid-v1-213,synthetic,adversarial-design-search,deterministic-adversarial-v1,6,0.9,identity-a0-b0,fixed-1-usd,corrected_guarded,2069.56113049227448969221644053946577090583921602800194375502,474.001451439881199584288767004971165459140680424112193102742,53.1853226350797763369309224511498201815566178534629916884092,6,731.857725023535449050981826312856776747365225878937703548253,outside-current-safety-theorem
hostile-adaptive-timing-grid-v1-213,synthetic,adversarial-design-search,deterministic-adversarial-v1,6,0.75,identity-a0-b0,frictionless,dca,1700,0,56.6666666666666666666666666666666666666666666666666666666668,0,,epsilon-dca
hostile-adaptive-timing-grid-v1-213,synthetic,adversarial-design-search,deterministic-adversarial-v1,6,0.75,identity-a0-b0,frictionless,neutral_guarded,2316.9921875,828.884548611111111111111111111111111111111111111111111111105,49.6035879629629629629629629629629629629629629629629629629629,0,360.821759259259259259259259259259259259259259259259259259263,epsilon-dca
hostile-adaptive-timing-grid-v1-213,synthetic,adversarial-design-search,deterministic-adversarial-v1,6,0.75,identity-a0-b0,frictionless,corrected_guarded,2466.45698469725852440724936380080835195792578996548150593763,982.854491355622680290892798786192391285918259960354811822412,49.4534164447211948038785521671538653557335843335042231371741,0,386.902169723588346612106234051098692670082392742635793001658,epsilon-dca
hostile-adaptive-timing-grid-v1-213,synthetic,adversarial-design-search,deterministic-adversarial-v1,6,0.75,identity-a0-b0,proportional-10bps,dca,1698.3016983016983016983016983016983016983016983016983016983,0.000000000000000000000000000000000000000000000000000000001,56.61005661005661005661005661005661005661005661005661005661,5.994005994005994005994005994005994005994005994005994005994,,outside-current-safety-theorem
hostile-adaptive-timing-grid-v1-213,synthetic,adversarial-design-search,deterministic-adversarial-v1,6,0.75,identity-a0-b0,proportional-10bps,neutral_guarded,2315.39247713661038309683749134080702576531679593003687333445,828.75073400089224932828765675124227544949564304718756544769,49.5547247711906044589516611529854916771940384294283102628921,5.16608318281629145921249984340535237217832603092189054400831,361.012447587878544639959155407848467142713461723229072868333,outside-current-safety-theorem
hostile-adaptive-timing-grid-v1-213,synthetic,adversarial-design-search,deterministic-adversarial-v1,6,0.75,identity-a0-b0,proportional-10bps,corrected_guarded,2464.82713038264893351104396689697802526797690038356775675406,982.705600014182748726859577787127980101507766562670159210551,49.4040510122822061594728129703283348388823044606965865847838,5.01228211786794930197116925295991210779070153190542441637307,387.06712195587355290679780299475620266448718089166951959963,outside-current-safety-theorem
hostile-adaptive-timing-grid-v1-213,synthetic,adversarial-design-search,deterministic-adversarial-v1,6,0.75,identity-a0-b0,fixed-1-usd,dca,1698.3,0,56.61,6,,outside-current-safety-theorem
hostile-adaptive-timing-grid-v1-213,synthetic,adversarial-design-search,deterministic-adversarial-v1,6,0.75,identity-a0-b0,fixed-1-usd,neutral_guarded,2315.054296875,828.585720486111111111111111111111111111111111111111111111115,49.5489525462962962962962962962962962962962962962962962962964,6,361.23321759259259259259259259259259259259259259259259259259,outside-current-safety-theorem
hostile-adaptive-timing-grid-v1-213,synthetic,adversarial-design-search,deterministic-adversarial-v1,6,0.75,identity-a0-b0,fixed-1-usd,corrected_guarded,2464.44401825214670240013322038017483190477963064356081612952,982.492618626528596672712066301815919448078689277225428684315,49.3983799875206035242473718026119637485566980455445129148399,6,387.289268631303642505793427788060833762131357649792893404777,outside-current-safety-theorem
hostile-adaptive-timing-grid-v1-213,synthetic,adversarial-design-search,deterministic-adversarial-v1,6,0.5,identity-a0-b0,frictionless,dca,1700,0,56.6666666666666666666666666666666666666666666666666666666668,0,,epsilon-dca
hostile-adaptive-timing-grid-v1-213,synthetic,adversarial-design-search,deterministic-adversarial-v1,6,0.5,identity-a0-b0,frictionless,neutral_guarded,2382.8125,976.5625,46.8750000000000000000000000000000000000000000000000000000001,0,83.3333333333333333333333333333333333333333333333333333333333,epsilon-dca
hostile-adaptive-timing-grid-v1-213,synthetic,adversarial-design-search,deterministic-adversarial-v1,6,0.5,identity-a0-b0,frictionless,corrected_guarded,2589.14466891584039417954538516894504358243359418064857207651,1189.53857949264696110223258559592424894127174620682862130581,46.6535363141064477692437599857673598213720615991273316923566,0,113.095238095238095238095238095238095238095238095238095238095,epsilon-dca
hostile-adaptive-timing-grid-v1-213,synthetic,adversarial-design-search,deterministic-adversarial-v1,6,0.5,identity-a0-b0,proportional-10bps,dca,1698.3016983016983016983016983016983016983016983016983016983,0.000000000000000000000000000000000000000000000000000000001,56.61005661005661005661005661005661005661005661005661005661,5.994005994005994005994005994005994005994005994005994005994,,outside-current-safety-theorem
hostile-adaptive-timing-grid-v1-213,synthetic,adversarial-design-search,deterministic-adversarial-v1,6,0.5,identity-a0-b0,proportional-10bps,neutral_guarded,2381.40138613883618878623873628868633863638858643853648848654,976.53128121878121878121878121878121878121878121878121878122,46.829003497335165666833998502330170661838993507325175656844,5.018450268512706075143637581200018762456324893887331449769,83.4165834165834165834165834165834165834165834165834165834167,outside-current-safety-theorem
hostile-adaptive-timing-grid-v1-213,synthetic,adversarial-design-search,deterministic-adversarial-v1,6,0.5,identity-a0-b0,proportional-10bps,corrected_guarded,2587.73512234146072607173047386781505126462085466003139046042,1189.51033029513596649602208526265220267225637751676988635711,46.6074930682108253191902796201720949530788159047753834701103,4.80568398571914488861536255218516263469305057191131879484804,113.148756005898863041720184577327434470291613148756005898863,outside-current-safety-theorem
hostile-adaptive-timing-grid-v1-213,synthetic,adversarial-design-search,deterministic-adversarial-v1,6,0.5,identity-a0-b0,fixed-1-usd,dca,1698.3,0,56.61,6,,outside-current-safety-theorem
hostile-adaptive-timing-grid-v1-213,synthetic,adversarial-design-search,deterministic-adversarial-v1,6,0.5,identity-a0-b0,fixed-1-usd,neutral_guarded,2381.09791666666666666666666666666666666666666666666666666666,976.48958333333333333333333333333333333333333333333333333333,46.8202777777777777777777777777777777777777777777777777777777,6,83.5277777777777777777777777777777777777777777777777777777783,outside-current-safety-theorem
hostile-adaptive-timing-grid-v1-213,synthetic,adversarial-design-search,deterministic-adversarial-v1,6,0.5,identity-a0-b0,fixed-1-usd,corrected_guarded,2587.40353394534645655822800267587612797978247006899284558966,1189.43594283422349632889785738506050098209138925285151830591,46.598919703704098674311004843027187566589702693871377576125,6,113.28968253968253968253968253968253968253968253968253968254,outside-current-safety-theorem
hostile-adaptive-timing-grid-v1-274,synthetic,adversarial-design-search,deterministic-adversarial-v1,6,1,identity-a0-b0,frictionless,dca,2400,0,80.0000000000000000000000000000000000000000000000000000000001,0,,epsilon-dca
hostile-adaptive-timing-grid-v1-274,synthetic,adversarial-design-search,deterministic-adversarial-v1,6,1,identity-a0-b0,frictionless,neutral_guarded,2400,0,80.0000000000000000000000000000000000000000000000000000000001,0,1000,epsilon-dca
hostile-adaptive-timing-grid-v1-274,synthetic,adversarial-design-search,deterministic-adversarial-v1,6,1,identity-a0-b0,frictionless,corrected_guarded,2400,0,80.0000000000000000000000000000000000000000000000000000000001,0,1000,epsilon-dca
hostile-adaptive-timing-grid-v1-274,synthetic,adversarial-design-search,deterministic-adversarial-v1,6,1,identity-a0-b0,proportional-10bps,dca,2397.6023976023976023976023976023976023976023976023976023976,0.000000000000000000000000000000000000000000000000000000001,79.92007992007992007992007992007992007992007992007992007992,5.994005994005994005994005994005994005994005994005994005994,,outside-current-safety-theorem
hostile-adaptive-timing-grid-v1-274,synthetic,adversarial-design-search,deterministic-adversarial-v1,6,1,identity-a0-b0,proportional-10bps,neutral_guarded,2397.6023976023976023976023976023976023976023976023976023976,0.000000000000000000000000000000000000000000000000000000001,79.92007992007992007992007992007992007992007992007992007992,5.994005994005994005994005994005994005994005994005994005994,1000,outside-current-safety-theorem
hostile-adaptive-timing-grid-v1-274,synthetic,adversarial-design-search,deterministic-adversarial-v1,6,1,identity-a0-b0,proportional-10bps,corrected_guarded,2397.6023976023976023976023976023976023976023976023976023976,0.000000000000000000000000000000000000000000000000000000001,79.92007992007992007992007992007992007992007992007992007992,5.994005994005994005994005994005994005994005994005994005994,1000,outside-current-safety-theorem
hostile-adaptive-timing-grid-v1-274,synthetic,adversarial-design-search,deterministic-adversarial-v1,6,1,identity-a0-b0,fixed-1-usd,dca,2397.6,0,79.92,6,,outside-current-safety-theorem
hostile-adaptive-timing-grid-v1-274,synthetic,adversarial-design-search,deterministic-adversarial-v1,6,1,identity-a0-b0,fixed-1-usd,neutral_guarded,2397.6,0,79.92,6,1000,outside-current-safety-theorem
hostile-adaptive-timing-grid-v1-274,synthetic,adversarial-design-search,deterministic-adversarial-v1,6,1,identity-a0-b0,fixed-1-usd,corrected_guarded,2397.6,0,79.92,6,1000,outside-current-safety-theorem
hostile-adaptive-timing-grid-v1-274,synthetic,adversarial-design-search,deterministic-adversarial-v1,6,0.9,identity-a0-b0,frictionless,dca,2400,0,80.0000000000000000000000000000000000000000000000000000000001,0,,epsilon-dca
hostile-adaptive-timing-grid-v1-274,synthetic,adversarial-design-search,deterministic-adversarial-v1,6,0.9,identity-a0-b0,frictionless,neutral_guarded,2592.6,288.4,76.8066666666666666666666666666666666666666666666666666666667,0,771.533333333333333333333333333333333333333333333333333333337,epsilon-dca
hostile-adaptive-timing-grid-v1-274,synthetic,adversarial-design-search,deterministic-adversarial-v1,6,0.9,identity-a0-b0,frictionless,corrected_guarded,2610.90601333552393701783175666838479065499734533505248333686,268.50390338444537733373466191403428738200485056072837353285,78.0800703317026186561365698251450167757664164924774703268003,0,756.26034521144082779829440399752401996608876118230457248018,epsilon-dca
hostile-adaptive-timing-grid-v1-274,synthetic,adversarial-design-search,deterministic-adversarial-v1,6,0.9,identity-a0-b0,proportional-10bps,dca,2397.6023976023976023976023976023976023976023976023976023976,0.000000000000000000000000000000000000000000000000000000001,79.92007992007992007992007992007992007992007992007992007992,5.994005994005994005994005994005994005994005994005994005994,,outside-current-safety-theorem
hostile-adaptive-timing-grid-v1-274,synthetic,adversarial-design-search,deterministic-adversarial-v1,6,0.9,identity-a0-b0,proportional-10bps,neutral_guarded,2590.20973216092778605118395960753629117546576737368328376052,288.281535034420397611223325286295346269148009421293880915239,76.7309399042169129479986878107080314968772585984129800948426,5.70601245251306653585292375096274191181903295762108503405072,771.622727463736869773906770145652162341537754857803713394697,outside-current-safety-theorem
hostile-adaptive-timing-grid-v1-274,synthetic,adversarial-design-search,deterministic-adversarial-v1,6,0.9,identity-a0-b0,proportional-10bps,corrected_guarded,2608.45442173690922424457403118725325075312841464445490407899,268.38712524992018758618185071625428600683081409446023216076,78.0022432162329678886130726823666321582099200183331557306078,5.72588698776231749491889925003371200199117800789764212571352,756.364606641009944773434259921007178376575633019861354312033,outside-current-safety-theorem
hostile-adaptive-timing-grid-v1-274,synthetic,adversarial-design-search,deterministic-adversarial-v1,6,0.9,identity-a0-b0,fixed-1-usd,dca,2397.6,0,79.92,6,,outside-current-safety-theorem
hostile-adaptive-timing-grid-v1-274,synthetic,adversarial-design-search,deterministic-adversarial-v1,6,0.9,identity-a0-b0,fixed-1-usd,neutral_guarded,2590.03913333333333333333333333333333333333333333333333333332,288.16608888888888888888888888888888888888888888888888888888,76.7291014814814814814814814814814814814814814814814814814813,6,771.700785185185185185185185185185185185185185185185185185188,outside-current-safety-theorem
hostile-adaptive-timing-grid-v1-274,synthetic,adversarial-design-search,deterministic-adversarial-v1,6,0.9,identity-a0-b0,fixed-1-usd,corrected_guarded,2608.33672201376227278636331955250706156407403675680757883038,268.28995387059540703741444649142558413235559230611692703121,78.0015589381055621916316291020360492477239481483563550599724,6,756.434270965010454890642493164229572357730268619143008466975,outside-current-safety-theorem
hostile-adaptive-timing-grid-v1-274,synthetic,adversarial-design-search,deterministic-adversarial-v1,6,0.75,identity-a0-b0,frictionless,dca,2400,0,80.0000000000000000000000000000000000000000000000000000000001,0,,epsilon-dca
hostile-adaptive-timing-grid-v1-274,synthetic,adversarial-design-search,deterministic-adversarial-v1,6,0.75,identity-a0-b0,frictionless,neutral_guarded,2877.75,718.5,71.975,0,431.75,epsilon-dca
hostile-adaptive-timing-grid-v1-274,synthetic,adversarial-design-search,deterministic-adversarial-v1,6,0.75,identity-a0-b0,frictionless,corrected_guarded,2894.06491117691068463629802054603167029252760595115595103098,651.48986821864935830941083670413908975394818493982181682626,74.7525014319420442108962394613964193512859807003778044734905,0,413.472470774221318637182730292456246911612351573397918991697,epsilon-dca
hostile-adaptive-timing-grid-v1-274,synthetic,adversarial-design-search,deterministic-adversarial-v1,6,0.75,identity-a0-b0,proportional-10bps,dca,2397.6023976023976023976023976023976023976023976023976023976,0.000000000000000000000000000000000000000000000000000000001,79.92007992007992007992007992007992007992007992007992007992,5.994005994005994005994005994005994005994005994005994005994,,outside-current-safety-theorem
hostile-adaptive-timing-grid-v1-274,synthetic,adversarial-design-search,deterministic-adversarial-v1,6,0.75,identity-a0-b0,proportional-10bps,neutral_guarded,2875.46129336885396896754526982392275486451180949224831744784,718.260962672704627359307400489051948537462080805905756236104,71.906677689871644720274595644495693544234990956211418707058,5.27646257475254282981088171779315489656597194724684739636754,431.903793412884656620626260063061708284303186589027307065197,outside-current-safety-theorem
hostile-adaptive-timing-grid-v1-274,synthetic,adversarial-design-search,deterministic-adversarial-v1,6,0.75,identity-a0-b0,proportional-10bps,corrected_guarded,2891.67260009471309791506740885931429128292878877125603125032,651.252784569402534765011307622222065010736817957303871455885,74.6806605175103521050018700412364075424063990271317386598147,5.34340381161897848674824045192585208290635682521747864989422,413.647338070112102179234752229807203179406471016007531315463,outside-current-safety-theorem
hostile-adaptive-timing-grid-v1-274,synthetic,adversarial-design-search,deterministic-adversarial-v1,6,0.75,identity-a0-b0,fixed-1-usd,dca,2397.6,0,79.92,6,,outside-current-safety-theorem
hostile-adaptive-timing-grid-v1-274,synthetic,adversarial-design-search,deterministic-adversarial-v1,6,0.75,identity-a0-b0,fixed-1-usd,neutral_guarded,2875.09074999999999999999999999999999999999999999999999999999,718.01049999999999999999999999999999999999999999999999999999,71.902675,6,432.057472222222222222222222222222222222222222222222222222223,outside-current-safety-theorem
hostile-adaptive-timing-grid-v1-274,synthetic,adversarial-design-search,deterministic-adversarial-v1,6,0.75,identity-a0-b0,fixed-1-usd,corrected_guarded,2891.41315923719039031669683454214627110678251643041346591408,651.05710456760903915354235859274522118269886644655711728488,74.6785351556527117054384825316467016641361216661285449543068,6,413.789413111971081096837480931653351627060916762117737380922,outside-current-safety-theorem
hostile-adaptive-timing-grid-v1-274,synthetic,adversarial-design-search,deterministic-adversarial-v1,6,0.5,identity-a0-b0,frictionless,dca,2400,0,80.0000000000000000000000000000000000000000000000000000000001,0,,epsilon-dca
hostile-adaptive-timing-grid-v1-274,synthetic,adversarial-design-search,deterministic-adversarial-v1,6,0.5,identity-a0-b0,frictionless,neutral_guarded,3001.5625,965.625,67.8645833333333333333333333333333333333333333333333333333333,0,141.666666666666666666666666666666666666666666666666666666667,epsilon-dca
hostile-adaptive-timing-grid-v1-274,synthetic,adversarial-design-search,deterministic-adversarial-v1,6,0.5,identity-a0-b0,frictionless,corrected_guarded,3000.82224856277834240469051291237940106736044300364038190775,837.03950060342621718308794280016078809571200709127505418737,72.1260915986450708407200856704072870990549478637455109240128,0,141.666666666666666666666666666666666666666666666666666666667,epsilon-dca
hostile-adaptive-timing-grid-v1-274,synthetic,adversarial-design-search,deterministic-adversarial-v1,6,0.5,identity-a0-b0,proportional-10bps,dca,2397.6023976023976023976023976023976023976023976023976023976,0.000000000000000000000000000000000000000000000000000000001,79.92007992007992007992007992007992007992007992007992007992,5.994005994005994005994005994005994005994005994005994005994,,outside-current-safety-theorem
hostile-adaptive-timing-grid-v1-274,synthetic,adversarial-design-search,deterministic-adversarial-v1,6,0.5,identity-a0-b0,proportional-10bps,neutral_guarded,2999.53560893402301993710585119176527767936359344950753542161,965.620317182817182817182817182817182817182817182817182817181,67.7971763917068612373307678002982698287393592088896784201478,5.02935033248469811906375342938779502216065652629089192525754,141.691641691641691641691641691641691641691641691641691641692,outside-current-safety-theorem
hostile-adaptive-timing-grid-v1-274,synthetic,adversarial-design-search,deterministic-adversarial-v1,6,0.5,identity-a0-b0,proportional-10bps,corrected_guarded,2998.66510216947712452521705779929369756927509255496308307416,837.036355902190677144282280726203736340258102896078260937203,72.0542915422428815793644925691029987076338996552961607378987,5.1578058382595497730826350841896066570027391579459757632995,141.691641691641691641691641691641691641691641691641691641692,outside-current-safety-theorem
hostile-adaptive-timing-grid-v1-274,synthetic,adversarial-design-search,deterministic-adversarial-v1,6,0.5,identity-a0-b0,fixed-1-usd,dca,2397.6,0,79.92,6,,outside-current-safety-theorem
hostile-adaptive-timing-grid-v1-274,synthetic,adversarial-design-search,deterministic-adversarial-v1,6,0.5,identity-a0-b0,fixed-1-usd,neutral_guarded,2999.1765625,965.615625,67.7853645833333333333333333333333333333333333333333333333333,6,141.716666666666666666666666666666666666666666666666666666667,outside-current-safety-theorem
hostile-adaptive-timing-grid-v1-274,synthetic,adversarial-design-search,deterministic-adversarial-v1,6,0.5,identity-a0-b0,fixed-1-usd,corrected_guarded,2998.43122223341641167764128719968214876657406341868551705681,837.03320491155266602539900732809877048129329089249107410054,72.0466005773954581884080759957194459428426924175398147652091,6,141.716666666666666666666666666666666666666666666666666666667,outside-current-safety-theorem
hostile-adaptive-timing-grid-v1-277,synthetic,adversarial-design-search,deterministic-adversarial-v1,6,1,identity-a0-b0,frictionless,dca,2300,0,76.6666666666666666666666666666666666666666666666666666666668,0,,epsilon-dca
hostile-adaptive-timing-grid-v1-277,synthetic,adversarial-design-search,deterministic-adversarial-v1,6,1,identity-a0-b0,frictionless,neutral_guarded,2300,0,76.6666666666666666666666666666666666666666666666666666666668,0,1000,epsilon-dca
hostile-adaptive-timing-grid-v1-277,synthetic,adversarial-design-search,deterministic-adversarial-v1,6,1,identity-a0-b0,frictionless,corrected_guarded,2300,0,76.6666666666666666666666666666666666666666666666666666666668,0,1000,epsilon-dca
hostile-adaptive-timing-grid-v1-277,synthetic,adversarial-design-search,deterministic-adversarial-v1,6,1,identity-a0-b0,proportional-10bps,dca,2297.7022977022977022977022977022977022977022977022977022977,0.000000000000000000000000000000000000000000000000000000001,76.59007659007659007659007659007659007659007659007659007659,5.994005994005994005994005994005994005994005994005994005994,,outside-current-safety-theorem
hostile-adaptive-timing-grid-v1-277,synthetic,adversarial-design-search,deterministic-adversarial-v1,6,1,identity-a0-b0,proportional-10bps,neutral_guarded,2297.7022977022977022977022977022977022977022977022977022977,0.000000000000000000000000000000000000000000000000000000001,76.59007659007659007659007659007659007659007659007659007659,5.994005994005994005994005994005994005994005994005994005994,1000,outside-current-safety-theorem
hostile-adaptive-timing-grid-v1-277,synthetic,adversarial-design-search,deterministic-adversarial-v1,6,1,identity-a0-b0,proportional-10bps,corrected_guarded,2297.7022977022977022977022977022977022977022977022977022977,0.000000000000000000000000000000000000000000000000000000001,76.59007659007659007659007659007659007659007659007659007659,5.994005994005994005994005994005994005994005994005994005994,1000,outside-current-safety-theorem
hostile-adaptive-timing-grid-v1-277,synthetic,adversarial-design-search,deterministic-adversarial-v1,6,1,identity-a0-b0,fixed-1-usd,dca,2297.7,0,76.59,6,,outside-current-safety-theorem
hostile-adaptive-timing-grid-v1-277,synthetic,adversarial-design-search,deterministic-adversarial-v1,6,1,identity-a0-b0,fixed-1-usd,neutral_guarded,2297.7,0,76.59,6,1000,outside-current-safety-theorem
hostile-adaptive-timing-grid-v1-277,synthetic,adversarial-design-search,deterministic-adversarial-v1,6,1,identity-a0-b0,fixed-1-usd,corrected_guarded,2297.7,0,76.59,6,1000,outside-current-safety-theorem
hostile-adaptive-timing-grid-v1-277,synthetic,adversarial-design-search,deterministic-adversarial-v1,6,0.9,identity-a0-b0,frictionless,dca,2300,0,76.6666666666666666666666666666666666666666666666666666666668,0,,epsilon-dca
hostile-adaptive-timing-grid-v1-277,synthetic,adversarial-design-search,deterministic-adversarial-v1,6,0.9,identity-a0-b0,frictionless,neutral_guarded,2539.27499999999999999999999999999999999999999999999999999999,312.84999999999999999999999999999999999999999999999999999999,74.2141666666666666666666666666666666666666666666666666666667,0,750.46666666666666666666666666666666666666666666666666666667,epsilon-dca
hostile-adaptive-timing-grid-v1-277,synthetic,adversarial-design-search,deterministic-adversarial-v1,6,0.9,identity-a0-b0,frictionless,corrected_guarded,2608.10736568495436393249057666915735544052684258535073277393,309.84267443236539092940340796418167876961325558152934022336,76.6088230417529657667695722901658558890304529001273797516858,0,733.55356235455909651893188322293693195759412479305705002976,epsilon-dca
hostile-adaptive-timing-grid-v1-277,synthetic,adversarial-design-search,deterministic-adversarial-v1,6,0.9,identity-a0-b0,proportional-10bps,dca,2297.7022977022977022977022977022977022977022977022977022977,0.000000000000000000000000000000000000000000000000000000001,76.59007659007659007659007659007659007659007659007659007659,5.994005994005994005994005994005994005994005994005994005994,,outside-current-safety-theorem
hostile-adaptive-timing-grid-v1-277,synthetic,adversarial-design-search,deterministic-adversarial-v1,6,0.9,identity-a0-b0,proportional-10bps,neutral_guarded,2536.92865368233926840063646689493838847171296473054158453773,312.718525748669631997228468570558675757546570170516520131567,74.1403375977889878801135999441459904238055464853341688135387,5.68159987437695341458818334808135996427817525457490857129715,750.570527269168386319316582959557219835007004235647825343697,outside-current-safety-theorem
hostile-adaptive-timing-grid-v1-277,synthetic,adversarial-design-search,deterministic-adversarial-v1,6,0.9,identity-a0-b0,proportional-10bps,corrected_guarded,2605.62361081273019674523006870512187400302626903372447429466,309.701665839355715123461882944626822265156103444033114313327,76.5307314991124827207256061920165017245956721863230453327111,5.68461372044020408079574237468069248524959430225371317251415,733.673562708256758998802060930542569990850907668682978374033,outside-current-safety-theorem
hostile-adaptive-timing-grid-v1-277,synthetic,adversarial-design-search,deterministic-adversarial-v1,6,0.9,identity-a0-b0,fixed-1-usd,dca,2297.7,0,76.59,6,,outside-current-safety-theorem
hostile-adaptive-timing-grid-v1-277,synthetic,adversarial-design-search,deterministic-adversarial-v1,6,0.9,identity-a0-b0,fixed-1-usd,neutral_guarded,2536.75732499999999999999999999999999999999999999999999999999,312.58488333333333333333333333333333333333333333333333333333,74.1390813888888888888888888888888888888888888888888888888887,6,750.660400000000000000000000000000000000000000000000000000003,outside-current-safety-theorem
hostile-adaptive-timing-grid-v1-277,synthetic,adversarial-design-search,deterministic-adversarial-v1,6,0.9,identity-a0-b0,fixed-1-usd,corrected_guarded,2605.53893563994382907219616030042216195541586380148882583068,309.5844680347164189400786438870197661945196513928711433502,76.5318155868409136710705838804467465253632070802872560826825,6,733.753339393625908531366707365370118979719737761537332618065,outside-current-safety-theorem
hostile-adaptive-timing-grid-v1-277,synthetic,adversarial-design-search,deterministic-adversarial-v1,6,0.75,identity-a0-b0,frictionless,dca,2300,0,76.6666666666666666666666666666666666666666666666666666666668,0,,epsilon-dca
hostile-adaptive-timing-grid-v1-277,synthetic,adversarial-design-search,deterministic-adversarial-v1,6,0.75,identity-a0-b0,frictionless,neutral_guarded,2805.375,720.25,69.5041666666666666666666666666666666666666666666666666666666,0,431.166666666666666666666666666666666666666666666666666666668,epsilon-dca
hostile-adaptive-timing-grid-v1-277,synthetic,adversarial-design-search,deterministic-adversarial-v1,6,0.75,identity-a0-b0,frictionless,corrected_guarded,2879.87312088797101312867753138137769546174808046236627483119,664.97691580657425332356284240212851444965796194657076461103,73.829873502713225326837156299308306033736337283859850340672,0,417.9737206881613327335689525047981800727560054568409610608,epsilon-dca
hostile-adaptive-timing-grid-v1-277,synthetic,adversarial-design-search,deterministic-adversarial-v1,6,0.75,identity-a0-b0,proportional-10bps,dca,2297.7022977022977022977022977022977022977022977022977022977,0.000000000000000000000000000000000000000000000000000000001,76.59007659007659007659007659007659007659007659007659007659,5.994005994005994005994005994005994005994005994005994005994,,outside-current-safety-theorem
hostile-adaptive-timing-grid-v1-277,synthetic,adversarial-design-search,deterministic-adversarial-v1,6,0.75,identity-a0-b0,proportional-10bps,neutral_guarded,2803.17107992322864714357813564029572774470463340514263348317,720.01695224722463591736925047719398971793679234838725447269,69.4384709225334670408736295054367246008922613685585126336826,5.27470833941336200208055019932348252775430889875285988564168,431.318463554711320434605643400347694557478282741533474319665,outside-current-safety-theorem
hostile-adaptive-timing-grid-v1-277,synthetic,adversarial-design-search,deterministic-adversarial-v1,6,0.75,identity-a0-b0,proportional-10bps,corrected_guarded,2877.52221979805441482175983159346679718045690264113737029267,664.763345390867093340191977585277274549752177414427419534148,73.7586291469062440493855951336063174210234908408903316919506,5.32990674786127163502478323917554717827197584673883374671913,418.141286372834319258199351851412490407407635447794367887102,outside-current-safety-theorem
hostile-adaptive-timing-grid-v1-277,synthetic,adversarial-design-search,deterministic-adversarial-v1,6,0.75,identity-a0-b0,fixed-1-usd,dca,2297.7,0,76.59,6,,outside-current-safety-theorem
hostile-adaptive-timing-grid-v1-277,synthetic,adversarial-design-search,deterministic-adversarial-v1,6,0.75,identity-a0-b0,fixed-1-usd,neutral_guarded,2802.85237499999999999999999999999999999999999999999999999998,719.80158333333333333333333333333333333333333333333333333332,69.4350263888888888888888888888888888888888888888888888888888,6,431.460444444444444444444444444444444444444444444444444444447,outside-current-safety-theorem
hostile-adaptive-timing-grid-v1-277,synthetic,adversarial-design-search,deterministic-adversarial-v1,6,0.75,identity-a0-b0,fixed-1-usd,corrected_guarded,2877.34732416178845356520041107345032288686809712141541586394,664.5877914823856989092378767791795198131581564379557625665,73.7586510893134251551987511431423601024569980227819884432481,6,418.276502032343085923494441095193408655915945094090822002807,outside-current-safety-theorem
hostile-adaptive-timing-grid-v1-277,synthetic,adversarial-design-search,deterministic-adversarial-v1,6,0.5,identity-a0-b0,frictionless,dca,2300,0,76.6666666666666666666666666666666666666666666666666666666668,0,,epsilon-dca
hostile-adaptive-timing-grid-v1-277,synthetic,adversarial-design-search,deterministic-adversarial-v1,6,0.5,identity-a0-b0,frictionless,neutral_guarded,2908.4375,965.625,64.7604166666666666666666666666666666666666666666666666666666,0,141.666666666666666666666666666666666666666666666666666666667,epsilon-dca
hostile-adaptive-timing-grid-v1-277,synthetic,adversarial-design-search,deterministic-adversarial-v1,6,0.5,identity-a0-b0,frictionless,corrected_guarded,2989.23780877337989752247321040101265573183722678411002651303,865.27072563455039665373970506562843808149996833081855085393,70.79890277129431669562445017784614058834457528177638252197,0,141.666666666666666666666666666666666666666666666666666666667,epsilon-dca
hostile-adaptive-timing-grid-v1-277,synthetic,adversarial-design-search,deterministic-adversarial-v1,6,0.5,identity-a0-b0,proportional-10bps,dca,2297.7022977022977022977022977022977022977022977022977022977,0.000000000000000000000000000000000000000000000000000000001,76.59007659007659007659007659007659007659007659007659007659,5.994005994005994005994005994005994005994005994005994005994,,outside-current-safety-theorem
hostile-adaptive-timing-grid-v1-277,synthetic,adversarial-design-search,deterministic-adversarial-v1,6,0.5,identity-a0-b0,proportional-10bps,neutral_guarded,2906.50457652986374265095543816822538101259379980658701937422,965.620317182817182817182817182817182817182817182817182817181,64.6961419782348853277924206995136066065136994207923278852348,5.02935033248469811906375342938779502216065652629089192525754,141.691641691641691641691641691641691641691641691641691641692,outside-current-safety-theorem
hostile-adaptive-timing-grid-v1-277,synthetic,adversarial-design-search,deterministic-adversarial-v1,6,0.5,identity-a0-b0,proportional-10bps,corrected_guarded,2987.12045120065634065602238760299853574515973364920640739071,865.267216242080744516649914432815963743585464652802670602072,70.7284411652858532046457491056727524000524756332134578929546,5.12960318057734191356978030526192211414227226308411321618175,141.691641691641691641691641691641691641691641691641691641692,outside-current-safety-theorem
hostile-adaptive-timing-grid-v1-277,synthetic,adversarial-design-search,deterministic-adversarial-v1,6,0.5,identity-a0-b0,fixed-1-usd,dca,2297.7,0,76.59,6,,outside-current-safety-theorem
hostile-adaptive-timing-grid-v1-277,synthetic,adversarial-design-search,deterministic-adversarial-v1,6,0.5,identity-a0-b0,fixed-1-usd,neutral_guarded,2906.1534375,965.615625,64.68459375,6,141.716666666666666666666666666666666666666666666666666666667,outside-current-safety-theorem
hostile-adaptive-timing-grid-v1-277,synthetic,adversarial-design-search,deterministic-adversarial-v1,6,0.5,identity-a0-b0,fixed-1-usd,corrected_guarded,2986.94680908917440501930968685067509302765603721456378131119,865.2636998308261530752859442187378644569951319674307585897,70.7227703086116083981341247543979076190220301749044340907164,6,141.716666666666666666666666666666666666666666666666666666667,outside-current-safety-theorem
hostile-adaptive-timing-grid-v1-278,synthetic,adversarial-design-search,deterministic-adversarial-v1,6,1,identity-a0-b0,frictionless,dca,2100,0,70.0000000000000000000000000000000000000000000000000000000001,0,,epsilon-dca
hostile-adaptive-timing-grid-v1-278,synthetic,adversarial-design-search,deterministic-adversarial-v1,6,1,identity-a0-b0,frictionless,neutral_guarded,2100,0,70.0000000000000000000000000000000000000000000000000000000001,0,1000,epsilon-dca
hostile-adaptive-timing-grid-v1-278,synthetic,adversarial-design-search,deterministic-adversarial-v1,6,1,identity-a0-b0,frictionless,corrected_guarded,2100,0,70.0000000000000000000000000000000000000000000000000000000001,0,1000,epsilon-dca
hostile-adaptive-timing-grid-v1-278,synthetic,adversarial-design-search,deterministic-adversarial-v1,6,1,identity-a0-b0,proportional-10bps,dca,2097.9020979020979020979020979020979020979020979020979020979,0.000000000000000000000000000000000000000000000000000000001,69.93006993006993006993006993006993006993006993006993006993,5.994005994005994005994005994005994005994005994005994005994,,outside-current-safety-theorem
hostile-adaptive-timing-grid-v1-278,synthetic,adversarial-design-search,deterministic-adversarial-v1,6,1,identity-a0-b0,proportional-10bps,neutral_guarded,2097.9020979020979020979020979020979020979020979020979020979,0.000000000000000000000000000000000000000000000000000000001,69.93006993006993006993006993006993006993006993006993006993,5.994005994005994005994005994005994005994005994005994005994,1000,outside-current-safety-theorem
hostile-adaptive-timing-grid-v1-278,synthetic,adversarial-design-search,deterministic-adversarial-v1,6,1,identity-a0-b0,proportional-10bps,corrected_guarded,2097.9020979020979020979020979020979020979020979020979020979,0.000000000000000000000000000000000000000000000000000000001,69.93006993006993006993006993006993006993006993006993006993,5.994005994005994005994005994005994005994005994005994005994,1000,outside-current-safety-theorem
hostile-adaptive-timing-grid-v1-278,synthetic,adversarial-design-search,deterministic-adversarial-v1,6,1,identity-a0-b0,fixed-1-usd,dca,2097.9,0,69.93,6,,outside-current-safety-theorem
hostile-adaptive-timing-grid-v1-278,synthetic,adversarial-design-search,deterministic-adversarial-v1,6,1,identity-a0-b0,fixed-1-usd,neutral_guarded,2097.9,0,69.93,6,1000,outside-current-safety-theorem
hostile-adaptive-timing-grid-v1-278,synthetic,adversarial-design-search,deterministic-adversarial-v1,6,1,identity-a0-b0,fixed-1-usd,corrected_guarded,2097.9,0,69.93,6,1000,outside-current-safety-theorem
hostile-adaptive-timing-grid-v1-278,synthetic,adversarial-design-search,deterministic-adversarial-v1,6,0.9,identity-a0-b0,frictionless,dca,2100,0,70.0000000000000000000000000000000000000000000000000000000001,0,,epsilon-dca
hostile-adaptive-timing-grid-v1-278,synthetic,adversarial-design-search,deterministic-adversarial-v1,6,0.9,identity-a0-b0,frictionless,neutral_guarded,2361.79166666666666666666666666666666666666666666666666666666,362.91666666666666666666666666666666666666666666666666666666,66.6291666666666666666666666666666666666666666666666666666667,0,733.777777777777777777777777777777777777777777777777777777782,epsilon-dca
hostile-adaptive-timing-grid-v1-278,synthetic,adversarial-design-search,deterministic-adversarial-v1,6,0.9,identity-a0-b0,frictionless,corrected_guarded,2455.7220792814617595513123279238822834686242951381940317943,447.13471944481953553144557451423083264349090648070180231378,66.9529119945547408006622251136550483608377796219164076493508,0,720.877918694100716741916826472003159188289384945861976375702,epsilon-dca
hostile-adaptive-timing-grid-v1-278,synthetic,adversarial-design-search,deterministic-adversarial-v1,6,0.9,identity-a0-b0,proportional-10bps,dca,2097.9020979020979020979020979020979020979020979020979020979,0.000000000000000000000000000000000000000000000000000000001,69.93006993006993006993006993006993006993006993006993006993,5.994005994005994005994005994005994005994005994005994005994,,outside-current-safety-theorem
hostile-adaptive-timing-grid-v1-278,synthetic,adversarial-design-search,deterministic-adversarial-v1,6,0.9,identity-a0-b0,proportional-10bps,neutral_guarded,2359.67741219829308391735460217195341635070193239158061190628,362.768650594329659462009826853728374495730483055069456659034,66.563625386798780815178159177274168061832381644550371841575,5.63159974965601432621177839475152010539887064629863191142955,733.887152320615043831056130198500653588945699940796846501207,outside-current-safety-theorem
hostile-adaptive-timing-grid-v1-278,synthetic,adversarial-design-search,deterministic-adversarial-v1,6,0.9,identity-a0-b0,proportional-10bps,corrected_guarded,2453.55438880522456891160437444032596750696544850346831705008,446.962293011921250877661291580102361297805010452887547505647,66.8864031931101106011314360953407868736386812683526923181477,5.54749021677130744168065805036952811059160338616095150099335,720.993933509756610027660493516860050592804815350934588171523,outside-current-safety-theorem
hostile-adaptive-timing-grid-v1-278,synthetic,adversarial-design-search,deterministic-adversarial-v1,6,0.9,identity-a0-b0,fixed-1-usd,dca,2097.9,0,69.93,6,,outside-current-safety-theorem
hostile-adaptive-timing-grid-v1-278,synthetic,adversarial-design-search,deterministic-adversarial-v1,6,0.9,identity-a0-b0,fixed-1-usd,neutral_guarded,2359.4489861111111111111111111111111111111111111111111111111,362.59152777777777777777777777777777777777777777777777777777,66.5619152777777777777777777777777777777777777777777777777777,6,733.991518518518518518518518518518518518518518518518518518522,outside-current-safety-theorem
hostile-adaptive-timing-grid-v1-278,synthetic,adversarial-design-search,deterministic-adversarial-v1,6,0.9,identity-a0-b0,fixed-1-usd,corrected_guarded,2453.30940756407846950453335916559513636568321913257275363917,446.74532218033522966854552446742926237122526656869463054031,66.8854695127914413278662611566055291331485984187959374366286,6,721.093527691241221322890380129677182651424232388507021636062,outside-current-safety-theorem
hostile-adaptive-timing-grid-v1-278,synthetic,adversarial-design-search,deterministic-adversarial-v1,6,0.75,identity-a0-b0,frictionless,dca,2100,0,70.0000000000000000000000000000000000000000000000000000000001,0,,epsilon-dca
hostile-adaptive-timing-grid-v1-278,synthetic,adversarial-design-search,deterministic-adversarial-v1,6,0.75,identity-a0-b0,frictionless,neutral_guarded,2705.125,866.25,61.2958333333333333333333333333333333333333333333333333333333,0,382.5,epsilon-dca
hostile-adaptive-timing-grid-v1-278,synthetic,adversarial-design-search,deterministic-adversarial-v1,6,0.75,identity-a0-b0,frictionless,corrected_guarded,2878.24846935435295297391676696945267183119199672647761265082,1023.74642796411595644265389486490743464742974912573634560594,61.8167347130078998843754290701515079061254082533580422348292,0,370.636364012045875720170097884656017269289099327685657070177,epsilon-dca
hostile-adaptive-timing-grid-v1-278,synthetic,adversarial-design-search,deterministic-adversarial-v1,6,0.75,identity-a0-b0,proportional-10bps,dca,2097.9020979020979020979020979020979020979020979020979020979,0.000000000000000000000000000000000000000000000000000000001,69.93006993006993006993006993006993006993006993006993006993,5.994005994005994005994005994005994005994005994005994005994,,outside-current-safety-theorem
hostile-adaptive-timing-grid-v1-278,synthetic,adversarial-design-search,deterministic-adversarial-v1,6,0.75,identity-a0-b0,proportional-10bps,neutral_guarded,2703.27207877455551219116558638409181705811383592377589622868,866.211272179527357166900440809349083891724068729880101325841,61.2353602198342718341421715191580911055463255731298598300948,5.12866006775271992291018936982083008602225367759252737130287,382.587023577277080018095246622962663166215857281035858701948,outside-current-safety-theorem
hostile-adaptive-timing-grid-v1-278,synthetic,adversarial-design-search,deterministic-adversarial-v1,6,0.75,identity-a0-b0,proportional-10bps,corrected_guarded,2876.34929948480184668660845199949690935462616079128916490388,1023.69951094904835933189558184389739782875073642729572217423,61.754992951191782911823762338519983717529180812133114757655,4.97132915989106058008801640175434825391733193164106321461116,370.73062039113844459765074311516750266939532236176034402666,outside-current-safety-theorem
hostile-adaptive-timing-grid-v1-278,synthetic,adversarial-design-search,deterministic-adversarial-v1,6,0.75,identity-a0-b0,fixed-1-usd,dca,2097.9,0,69.93,6,,outside-current-safety-theorem
hostile-adaptive-timing-grid-v1-278,synthetic,adversarial-design-search,deterministic-adversarial-v1,6,0.75,identity-a0-b0,fixed-1-usd,neutral_guarded,2703.00245833333333333333333333333333333333333333333333333332,866.16958333333333333333333333333333333333333333333333333333,61.2277624999999999999999999999999999999999999999999999999998,6,382.671111111111111111111111111111111111111111111111111111112,outside-current-safety-theorem
hostile-adaptive-timing-grid-v1-278,synthetic,adversarial-design-search,deterministic-adversarial-v1,6,0.75,identity-a0-b0,fixed-1-usd,corrected_guarded,2876.08576190967836095151813742161936614995927621347868028348,1023.64904575289283915487087865967539872442257666284895223883,61.7478905385595173932215752920647989141845566516876576014883,6,370.809312724256428487460806719801949701490996100775732809375,outside-current-safety-theorem
hostile-adaptive-timing-grid-v1-278,synthetic,adversarial-design-search,deterministic-adversarial-v1,6,0.5,identity-a0-b0,frictionless,dca,2100,0,70.0000000000000000000000000000000000000000000000000000000001,0,,epsilon-dca
hostile-adaptive-timing-grid-v1-278,synthetic,adversarial-design-search,deterministic-adversarial-v1,6,0.5,identity-a0-b0,frictionless,neutral_guarded,2715.3125,965.625,58.3229166666666666666666666666666666666666666666666666666666,0,141.666666666666666666666666666666666666666666666666666666667,epsilon-dca
hostile-adaptive-timing-grid-v1-278,synthetic,adversarial-design-search,deterministic-adversarial-v1,6,0.5,identity-a0-b0,frictionless,corrected_guarded,2923.72745894447441909977933852051022678152559260391766138296,1135.94449869563440221561748978774078015326031851767156230108,59.5927653416280005628053949577589815542755091362082033027295,0,141.666666666666666666666666666666666666666666666666666666667,epsilon-dca
hostile-adaptive-timing-grid-v1-278,synthetic,adversarial-design-search,deterministic-adversarial-v1,6,0.5,identity-a0-b0,proportional-10bps,dca,2097.9020979020979020979020979020979020979020979020979020979,0.000000000000000000000000000000000000000000000000000000001,69.93006993006993006993006993006993006993006993006993006993,5.994005994005994005994005994005994005994005994005994005994,,outside-current-safety-theorem
hostile-adaptive-timing-grid-v1-278,synthetic,adversarial-design-search,deterministic-adversarial-v1,6,0.5,identity-a0-b0,proportional-10bps,neutral_guarded,2713.57344422560456526490492524458558424592390626356660322693,965.620317182817182817182817182817182817182817182817182817181,58.2651042347595794149240702687256133809580363026916473469918,5.02935033248469811906375342938779502216065652629089192525754,141.691641691641691641691641691641691641691641691641691641692,outside-current-safety-theorem
hostile-adaptive-timing-grid-v1-278,synthetic,adversarial-design-search,deterministic-adversarial-v1,6,0.5,identity-a0-b0,proportional-10bps,corrected_guarded,2921.94621398317804772416459179862361939232367547279029731171,1135.93989149588574351598809753305749484167980181153557410773,59.5335440829097434736058831421855374850214624553751574401325,4.85920090759651773874526663583111139376455564254591850738489,141.691641691641691641691641691641691641691641691641691641692,outside-current-safety-theorem
hostile-adaptive-timing-grid-v1-278,synthetic,adversarial-design-search,deterministic-adversarial-v1,6,0.5,identity-a0-b0,fixed-1-usd,dca,2097.9,0,69.93,6,,outside-current-safety-theorem
hostile-adaptive-timing-grid-v1-278,synthetic,adversarial-design-search,deterministic-adversarial-v1,6,0.5,identity-a0-b0,fixed-1-usd,neutral_guarded,2713.2303125,965.615625,58.2538229166666666666666666666666666666666666666666666666667,6,141.716666666666666666666666666666666666666666666666666666667,outside-current-safety-theorem
hostile-adaptive-timing-grid-v1-278,synthetic,adversarial-design-search,deterministic-adversarial-v1,6,0.5,identity-a0-b0,fixed-1-usd,corrected_guarded,2921.63699118957864279882338492481290216969374354247051046814,1135.93527508173758749895944649386484295947612407198731393797,59.5233905369280351766621312810316019736739206490161065510056,6,141.716666666666666666666666666666666666666666666666666666667,outside-current-safety-theorem
hostile-adaptive-timing-grid-v1-301,synthetic,adversarial-design-search,deterministic-adversarial-v1,6,1,identity-a0-b0,frictionless,dca,2300,0,76.6666666666666666666666666666666666666666666666666666666668,0,,epsilon-dca
hostile-adaptive-timing-grid-v1-301,synthetic,adversarial-design-search,deterministic-adversarial-v1,6,1,identity-a0-b0,frictionless,neutral_guarded,2300,0,76.6666666666666666666666666666666666666666666666666666666668,0,1000,epsilon-dca
hostile-adaptive-timing-grid-v1-301,synthetic,adversarial-design-search,deterministic-adversarial-v1,6,1,identity-a0-b0,frictionless,corrected_guarded,2300,0,76.6666666666666666666666666666666666666666666666666666666668,0,1000,epsilon-dca
hostile-adaptive-timing-grid-v1-301,synthetic,adversarial-design-search,deterministic-adversarial-v1,6,1,identity-a0-b0,proportional-10bps,dca,2297.7022977022977022977022977022977022977022977022977022977,0.000000000000000000000000000000000000000000000000000000001,76.59007659007659007659007659007659007659007659007659007659,5.994005994005994005994005994005994005994005994005994005994,,outside-current-safety-theorem
hostile-adaptive-timing-grid-v1-301,synthetic,adversarial-design-search,deterministic-adversarial-v1,6,1,identity-a0-b0,proportional-10bps,neutral_guarded,2297.7022977022977022977022977022977022977022977022977022977,0.000000000000000000000000000000000000000000000000000000001,76.59007659007659007659007659007659007659007659007659007659,5.994005994005994005994005994005994005994005994005994005994,1000,outside-current-safety-theorem
hostile-adaptive-timing-grid-v1-301,synthetic,adversarial-design-search,deterministic-adversarial-v1,6,1,identity-a0-b0,proportional-10bps,corrected_guarded,2297.7022977022977022977022977022977022977022977022977022977,0.000000000000000000000000000000000000000000000000000000001,76.59007659007659007659007659007659007659007659007659007659,5.994005994005994005994005994005994005994005994005994005994,1000,outside-current-safety-theorem
hostile-adaptive-timing-grid-v1-301,synthetic,adversarial-design-search,deterministic-adversarial-v1,6,1,identity-a0-b0,fixed-1-usd,dca,2297.7,0,76.59,6,,outside-current-safety-theorem
hostile-adaptive-timing-grid-v1-301,synthetic,adversarial-design-search,deterministic-adversarial-v1,6,1,identity-a0-b0,fixed-1-usd,neutral_guarded,2297.7,0,76.59,6,1000,outside-current-safety-theorem
hostile-adaptive-timing-grid-v1-301,synthetic,adversarial-design-search,deterministic-adversarial-v1,6,1,identity-a0-b0,fixed-1-usd,corrected_guarded,2297.7,0,76.59,6,1000,outside-current-safety-theorem
hostile-adaptive-timing-grid-v1-301,synthetic,adversarial-design-search,deterministic-adversarial-v1,6,0.9,identity-a0-b0,frictionless,dca,2300,0,76.6666666666666666666666666666666666666666666666666666666668,0,,epsilon-dca
hostile-adaptive-timing-grid-v1-301,synthetic,adversarial-design-search,deterministic-adversarial-v1,6,0.9,identity-a0-b0,frictionless,neutral_guarded,2517.39999999999999999999999999999999999999999999999999999999,298.26666666666666666666666666666666666666666666666666666666,73.9711111111111111111111111111111111111111111111111111111111,0,758.397222222222222222222222222222222222222222222222222222227,epsilon-dca
hostile-adaptive-timing-grid-v1-301,synthetic,adversarial-design-search,deterministic-adversarial-v1,6,0.9,identity-a0-b0,frictionless,corrected_guarded,2566.72725953277764086508452634881031446501177881061938041324,286.01597445369958983885087075136104852289682414857984075997,76.023709502635935034207788519914975531403831822067984655109,0,725.250465741594997948104819047789440122174285640788256685172,epsilon-dca
hostile-adaptive-timing-grid-v1-301,synthetic,adversarial-design-search,deterministic-adversarial-v1,6,0.9,identity-a0-b0,proportional-10bps,dca,2297.7022977022977022977022977022977022977022977022977022977,0.000000000000000000000000000000000000000000000000000000001,76.59007659007659007659007659007659007659007659007659007659,5.994005994005994005994005994005994005994005994005994005994,,outside-current-safety-theorem
hostile-adaptive-timing-grid-v1-301,synthetic,adversarial-design-search,deterministic-adversarial-v1,6,0.9,identity-a0-b0,proportional-10bps,neutral_guarded,2515.06299486747362110199229030822013232927929683002814663988,298.124589165761103829286266233059449211424739634676539069583,73.8979468567237505757568674691720227705951519065117202523434,5.69617923160263625991080293083610444634223302733798547545496,758.5056971655648075005823511459581591582877832026595796091,outside-current-safety-theorem
hostile-adaptive-timing-grid-v1-301,synthetic,adversarial-design-search,deterministic-adversarial-v1,6,0.9,identity-a0-b0,proportional-10bps,corrected_guarded,2564.26614577077284061484243667165160779535468710293550940661,285.851403776083848763316616567418704654183138807693050009879,75.9471580664896330617175273368077634380390516098414153132243,5.7084401560678483029337496337987825128329838773149919580321,725.39826780692847537591117067360442448661162702189928274979,outside-current-safety-theorem
hostile-adaptive-timing-grid-v1-301,synthetic,adversarial-design-search,deterministic-adversarial-v1,6,0.9,identity-a0-b0,fixed-1-usd,dca,2297.7,0,76.59,6,,outside-current-safety-theorem
hostile-adaptive-timing-grid-v1-301,synthetic,adversarial-design-search,deterministic-adversarial-v1,6,0.9,identity-a0-b0,fixed-1-usd,neutral_guarded,2514.90419999999999999999999999999999999999999999999999999999,298.01613333333333333333333333333333333333333333333333333333,73.8962688888888888888888888888888888888888888888888888888888,6,758.585302777777777777777777777777777777777777777777777777778,outside-current-safety-theorem
hostile-adaptive-timing-grid-v1-301,synthetic,adversarial-design-search,deterministic-adversarial-v1,6,0.9,identity-a0-b0,fixed-1-usd,corrected_guarded,2564.20195854730394507069427070868794642596733258807251337538,285.78260180486139085530670597231586436500039007274186781073,75.9473118914147518071795854912124027353655647505110215188216,6,725.456572339344742400205463973827456817333822820200402769702,outside-current-safety-theorem
hostile-adaptive-timing-grid-v1-301,synthetic,adversarial-design-search,deterministic-adversarial-v1,6,0.75,identity-a0-b0,frictionless,dca,2300,0,76.6666666666666666666666666666666666666666666666666666666668,0,,epsilon-dca
hostile-adaptive-timing-grid-v1-301,synthetic,adversarial-design-search,deterministic-adversarial-v1,6,0.75,identity-a0-b0,frictionless,neutral_guarded,2833.96875,739.3125,69.8218749999999999999999999999999999999999999999999999999999,0,403.406250000000000000000000000000000000000000000000000000002,epsilon-dca
hostile-adaptive-timing-grid-v1-301,synthetic,adversarial-design-search,deterministic-adversarial-v1,6,0.75,identity-a0-b0,frictionless,corrected_guarded,2902.62103157001404581370262054936651839878695357105325258546,678.07518193883778734492530505440172539041216420050792400792,74.1515283210392086156259105164988264336124929790181776192513,0,361.021197770003279106725480724549774067908349211855446415403,epsilon-dca
hostile-adaptive-timing-grid-v1-301,synthetic,adversarial-design-search,deterministic-adversarial-v1,6,0.75,identity-a0-b0,proportional-10bps,dca,2297.7022977022977022977022977022977022977022977022977022977,0.000000000000000000000000000000000000000000000000000000001,76.59007659007659007659007659007659007659007659007659007659,5.994005994005994005994005994005994005994005994005994005994,,outside-current-safety-theorem
hostile-adaptive-timing-grid-v1-301,synthetic,adversarial-design-search,deterministic-adversarial-v1,6,0.75,identity-a0-b0,proportional-10bps,neutral_guarded,2831.68336893157082591219485893440316431322813369318535056523,739.022664090709656837778522231986793455239151345298888121656,69.7553568280287056358138778900805456952662994115962154147856,5.25572161429499534781440707069731589065410674191278832355479,403.593345134043132662580462218700788637031529688637501219208,outside-current-safety-theorem
hostile-adaptive-timing-grid-v1-301,synthetic,adversarial-design-search,deterministic-adversarial-v1,6,0.75,identity-a0-b0,proportional-10bps,corrected_guarded,2900.11492704294504712259037808157931698942635054259102320077,677.724067146462108343574671806907589771154480108013281826363,74.0796953298827646259671902091557242406090623478192580458137,5.31695897387965823342300232586722518504380171817381290526836,361.263773829077730430145434977939789526156116661567766613517,outside-current-safety-theorem
hostile-adaptive-timing-grid-v1-301,synthetic,adversarial-design-search,deterministic-adversarial-v1,6,0.75,identity-a0-b0,fixed-1-usd,dca,2297.7,0,76.59,6,,outside-current-safety-theorem
hostile-adaptive-timing-grid-v1-301,synthetic,adversarial-design-search,deterministic-adversarial-v1,6,0.75,identity-a0-b0,fixed-1-usd,neutral_guarded,2831.33190625,738.7879375,69.751465625,6,403.75771875,outside-current-safety-theorem
hostile-adaptive-timing-grid-v1-301,synthetic,adversarial-design-search,deterministic-adversarial-v1,6,0.75,identity-a0-b0,fixed-1-usd,corrected_guarded,2899.94957953180021776830605903384697164059774779601276130448,677.60218916328989713666942552227693256279725598223646426418,74.0782463456170106877212211170523346359266830604592099013433,6,361.393369244244095700978207337517948926038388449589381405908,outside-current-safety-theorem
hostile-adaptive-timing-grid-v1-301,synthetic,adversarial-design-search,deterministic-adversarial-v1,6,0.5,identity-a0-b0,frictionless,dca,2300,0,76.6666666666666666666666666666666666666666666666666666666668,0,,epsilon-dca
hostile-adaptive-timing-grid-v1-301,synthetic,adversarial-design-search,deterministic-adversarial-v1,6,0.5,identity-a0-b0,frictionless,neutral_guarded,2929.0625,965.625,65.4479166666666666666666666666666666666666666666666666666666,0,141.666666666666666666666666666666666666666666666666666666667,epsilon-dca
hostile-adaptive-timing-grid-v1-301,synthetic,adversarial-design-search,deterministic-adversarial-v1,6,0.5,identity-a0-b0,frictionless,corrected_guarded,2943.96205041381516156410412139056889800064898597234581356617,779.00888912454402232675863494685610230175764636296617718623,72.1651053763090379745781828814570931899630446536459878793314,0,141.666666666666666666666666666666666666666666666666666666667,epsilon-dca
hostile-adaptive-timing-grid-v1-301,synthetic,adversarial-design-search,deterministic-adversarial-v1,6,0.5,identity-a0-b0,proportional-10bps,dca,2297.7022977022977022977022977022977022977022977022977022977,0.000000000000000000000000000000000000000000000000000000001,76.59007659007659007659007659007659007659007659007659007659,5.994005994005994005994005994005994005994005994005994005994,,outside-current-safety-theorem
hostile-adaptive-timing-grid-v1-301,synthetic,adversarial-design-search,deterministic-adversarial-v1,6,0.5,identity-a0-b0,proportional-10bps,neutral_guarded,2927.11177901768561109220449879790539131198471857812517153176,965.620317182817182817182817182817182817182817182817182817181,65.3830487278289476091673893871696069498267300465102662904859,5.02935033248469811906375342938779502216065652629089192525754,141.691641691641691641691641691641691641691641691641691641692,outside-current-safety-theorem
hostile-adaptive-timing-grid-v1-301,synthetic,adversarial-design-search,deterministic-adversarial-v1,6,0.5,identity-a0-b0,proportional-10bps,corrected_guarded,2941.8047575732362034015029052310815497223050459095219205554,779.005797321531155579306480519448039852612402713806239759981,72.093298675056834927406547490387783662323088106523856026514,5.21577842425421462979090261686368827187551208520099276747254,141.691641691641691641691641691641691641691641691641691641692,outside-current-safety-theorem
hostile-adaptive-timing-grid-v1-301,synthetic,adversarial-design-search,deterministic-adversarial-v1,6,0.5,identity-a0-b0,fixed-1-usd,dca,2297.7,0,76.59,6,,outside-current-safety-theorem
hostile-adaptive-timing-grid-v1-301,synthetic,adversarial-design-search,deterministic-adversarial-v1,6,0.5,identity-a0-b0,fixed-1-usd,neutral_guarded,2926.7840625,965.615625,65.37228125,6,141.716666666666666666666666666666666666666666666666666666667,outside-current-safety-theorem
hostile-adaptive-timing-grid-v1-301,synthetic,adversarial-design-search,deterministic-adversarial-v1,6,0.5,identity-a0-b0,fixed-1-usd,corrected_guarded,2941.67307366540000082831652388154791703416354263825020255156,779.00269933491226309835942178318516127856886857734798245887,72.0890124776829245909985700699454251918531558020300740030896,6,141.716666666666666666666666666666666666666666666666666666667,outside-current-safety-theorem
hostile-adaptive-timing-grid-v1-304,synthetic,adversarial-design-search,deterministic-adversarial-v1,6,1,identity-a0-b0,frictionless,dca,2200,0,73.3333333333333333333333333333333333333333333333333333333335,0,,epsilon-dca
hostile-adaptive-timing-grid-v1-304,synthetic,adversarial-design-search,deterministic-adversarial-v1,6,1,identity-a0-b0,frictionless,neutral_guarded,2200,0,73.3333333333333333333333333333333333333333333333333333333335,0,1000,epsilon-dca
hostile-adaptive-timing-grid-v1-304,synthetic,adversarial-design-search,deterministic-adversarial-v1,6,1,identity-a0-b0,frictionless,corrected_guarded,2200,0,73.3333333333333333333333333333333333333333333333333333333335,0,1000,epsilon-dca
hostile-adaptive-timing-grid-v1-304,synthetic,adversarial-design-search,deterministic-adversarial-v1,6,1,identity-a0-b0,proportional-10bps,dca,2197.8021978021978021978021978021978021978021978021978021978,0.000000000000000000000000000000000000000000000000000000001,73.26007326007326007326007326007326007326007326007326007326,5.994005994005994005994005994005994005994005994005994005994,,outside-current-safety-theorem
hostile-adaptive-timing-grid-v1-304,synthetic,adversarial-design-search,deterministic-adversarial-v1,6,1,identity-a0-b0,proportional-10bps,neutral_guarded,2197.8021978021978021978021978021978021978021978021978021978,0.000000000000000000000000000000000000000000000000000000001,73.26007326007326007326007326007326007326007326007326007326,5.994005994005994005994005994005994005994005994005994005994,1000,outside-current-safety-theorem
hostile-adaptive-timing-grid-v1-304,synthetic,adversarial-design-search,deterministic-adversarial-v1,6,1,identity-a0-b0,proportional-10bps,corrected_guarded,2197.8021978021978021978021978021978021978021978021978021978,0.000000000000000000000000000000000000000000000000000000001,73.26007326007326007326007326007326007326007326007326007326,5.994005994005994005994005994005994005994005994005994005994,1000,outside-current-safety-theorem
hostile-adaptive-timing-grid-v1-304,synthetic,adversarial-design-search,deterministic-adversarial-v1,6,1,identity-a0-b0,fixed-1-usd,dca,2197.8,0,73.26,6,,outside-current-safety-theorem
hostile-adaptive-timing-grid-v1-304,synthetic,adversarial-design-search,deterministic-adversarial-v1,6,1,identity-a0-b0,fixed-1-usd,neutral_guarded,2197.8,0,73.26,6,1000,outside-current-safety-theorem
hostile-adaptive-timing-grid-v1-304,synthetic,adversarial-design-search,deterministic-adversarial-v1,6,1,identity-a0-b0,fixed-1-usd,corrected_guarded,2197.8,0,73.26,6,1000,outside-current-safety-theorem
hostile-adaptive-timing-grid-v1-304,synthetic,adversarial-design-search,deterministic-adversarial-v1,6,0.9,identity-a0-b0,frictionless,dca,2200,0,73.3333333333333333333333333333333333333333333333333333333335,0,,epsilon-dca
hostile-adaptive-timing-grid-v1-304,synthetic,adversarial-design-search,deterministic-adversarial-v1,6,0.9,identity-a0-b0,frictionless,neutral_guarded,2466.27187499999999999999999999999999999999999999999999999999,324.18124999999999999999999999999999999999999999999999999999,71.4030208333333333333333333333333333333333333333333333333333,0,736.200000000000000000000000000000000000000000000000000000008,epsilon-dca
hostile-adaptive-timing-grid-v1-304,synthetic,adversarial-design-search,deterministic-adversarial-v1,6,0.9,identity-a0-b0,frictionless,corrected_guarded,2579.7273576241158876730154585189795703252348705692909793781,333.3776451480220524764960943546636369994118628661370029147,74.8783237492031278398839788054771977775274335901051325487801,0,696.729322183817991661031104204069921238069626149224861486063,epsilon-dca
hostile-adaptive-timing-grid-v1-304,synthetic,adversarial-design-search,deterministic-adversarial-v1,6,0.9,identity-a0-b0,proportional-10bps,dca,2197.8021978021978021978021978021978021978021978021978021978,0.000000000000000000000000000000000000000000000000000000001,73.26007326007326007326007326007326007326007326007326007326,5.994005994005994005994005994005994005994005994005994005994,,outside-current-safety-theorem
hostile-adaptive-timing-grid-v1-304,synthetic,adversarial-design-search,deterministic-adversarial-v1,6,0.9,identity-a0-b0,proportional-10bps,neutral_guarded,2463.9682068624797019715877827845300478316392923414884729529,324.019900022331294906692840993863960720341169867987258962223,71.3316102280049469021631647263555362370432707491167071330227,5.67030979018748122386943772128485118809156726286914359744034,736.327360357594727874917718911639699145274738637917793175752,outside-current-safety-theorem
hostile-adaptive-timing-grid-v1-304,synthetic,adversarial-design-search,deterministic-adversarial-v1,6,0.9,identity-a0-b0,proportional-10bps,corrected_guarded,2577.18693813723000330898570597819646381122885557582376148291,333.173257337329274378078908381295965006838310283870631326898,74.8004560266633576310302265865633499601463515097317710052003,5.66116557708558514048143965196673729769546622349263673194116,696.904207803199170804269676894880386000065998296410766896375,outside-current-safety-theorem
hostile-adaptive-timing-grid-v1-304,synthetic,adversarial-design-search,deterministic-adversarial-v1,6,0.9,identity-a0-b0,fixed-1-usd,dca,2197.8,0,73.26,6,,outside-current-safety-theorem
hostile-adaptive-timing-grid-v1-304,synthetic,adversarial-design-search,deterministic-adversarial-v1,6,0.9,identity-a0-b0,fixed-1-usd,neutral_guarded,2463.815565625,323.89704375,71.3306173958333333333333333333333333333333333333333333333333,6,736.416266666666666666666666666666666666666666666666666666667,outside-current-safety-theorem
hostile-adaptive-timing-grid-v1-304,synthetic,adversarial-design-search,deterministic-adversarial-v1,6,0.9,identity-a0-b0,fixed-1-usd,corrected_guarded,2577.18891691933403766644926130878815329237560657972189949394,333.09501211035460776557032454242285917791649801137682999142,74.8031301602993143300292978922121764704819702856115023167507,6,696.966622313664271542330137349087355892289108085542250243902,outside-current-safety-theorem
hostile-adaptive-timing-grid-v1-304,synthetic,adversarial-design-search,deterministic-adversarial-v1,6,0.75,identity-a0-b0,frictionless,dca,2200,0,73.3333333333333333333333333333333333333333333333333333333335,0,,epsilon-dca
hostile-adaptive-timing-grid-v1-304,synthetic,adversarial-design-search,deterministic-adversarial-v1,6,0.75,identity-a0-b0,frictionless,neutral_guarded,2759.859375,739.90625,67.3317708333333333333333333333333333333333333333333333333333,0,403.208333333333333333333333333333333333333333333333333333335,epsilon-dca
hostile-adaptive-timing-grid-v1-304,synthetic,adversarial-design-search,deterministic-adversarial-v1,6,0.75,identity-a0-b0,frictionless,corrected_guarded,2881.82074118113366207088397120830753725172559170265301695271,684.74698163901838282677044233793507418401238172769912706915,73.2357919847371759748037842956790821022571069991651296627855,0,367.529891314817517454027112322498872058633577731684798976493,epsilon-dca
hostile-adaptive-timing-grid-v1-304,synthetic,adversarial-design-search,deterministic-adversarial-v1,6,0.75,identity-a0-b0,proportional-10bps,dca,2197.8021978021978021978021978021978021978021978021978021978,0.000000000000000000000000000000000000000000000000000000001,73.26007326007326007326007326007326007326007326007326007326,5.994005994005994005994005994005994005994005994005994005994,,outside-current-safety-theorem
hostile-adaptive-timing-grid-v1-304,synthetic,adversarial-design-search,deterministic-adversarial-v1,6,0.75,identity-a0-b0,proportional-10bps,neutral_guarded,2757.66094301727557789968739200410915643774279433162546140765,739.624229776322477569789191741158363439686005738826551872163,67.2678904413651033443299400087650264332685596197599636511829,5.25512064957410341901119960865019144511519879546570774038745,403.392823238838859085243572382310265308882578224128279969038,outside-current-safety-theorem
hostile-adaptive-timing-grid-v1-304,synthetic,adversarial-design-search,deterministic-adversarial-v1,6,0.75,identity-a0-b0,proportional-10bps,corrected_guarded,2879.36155083456619260631902641357137792704090661951648508092,684.429665652095776715950794366431356331774093363255770461365,73.1643961727490138630122744015713340531755604418753571539855,5.31026007427363059269135784778578286080741848814859563390473,367.762632031571145035839171632268988471395484900492417851445,outside-current-safety-theorem
hostile-adaptive-timing-grid-v1-304,synthetic,adversarial-design-search,deterministic-adversarial-v1,6,0.75,identity-a0-b0,fixed-1-usd,dca,2197.8,0,73.26,6,,outside-current-safety-theorem
hostile-adaptive-timing-grid-v1-304,synthetic,adversarial-design-search,deterministic-adversarial-v1,6,0.75,identity-a0-b0,fixed-1-usd,neutral_guarded,2757.362078125,739.42471875,67.2645786458333333333333333333333333333333333333333333333333,6,403.545458333333333333333333333333333333333333333333333333333,outside-current-safety-theorem
hostile-adaptive-timing-grid-v1-304,synthetic,adversarial-design-search,deterministic-adversarial-v1,6,0.75,identity-a0-b0,fixed-1-usd,corrected_guarded,2879.27762463956261768800885268607574843553601680432313470745,684.31999947691949559448600815437490293509343651586364943232,73.165254172088104069784094817723361516681419342948649509171,6,367.88677113632960412760217572789841167731248361521499612494,outside-current-safety-theorem
hostile-adaptive-timing-grid-v1-304,synthetic,adversarial-design-search,deterministic-adversarial-v1,6,0.5,identity-a0-b0,frictionless,dca,2200,0,73.3333333333333333333333333333333333333333333333333333333335,0,,epsilon-dca
hostile-adaptive-timing-grid-v1-304,synthetic,adversarial-design-search,deterministic-adversarial-v1,6,0.5,identity-a0-b0,frictionless,neutral_guarded,2835.9375,965.625,62.3437499999999999999999999999999999999999999999999999999999,0,141.666666666666666666666666666666666666666666666666666666667,epsilon-dca
hostile-adaptive-timing-grid-v1-304,synthetic,adversarial-design-search,deterministic-adversarial-v1,6,0.5,identity-a0-b0,frictionless,corrected_guarded,2928.84318955287546905660799384731437586349328600776167534519,806.55672251713213009130744856394943778709949380546090852472,70.7428822345247779655100181761121646025464597400766922273489,0,141.666666666666666666666666666666666666666666666666666666667,epsilon-dca
hostile-adaptive-timing-grid-v1-304,synthetic,adversarial-design-search,deterministic-adversarial-v1,6,0.5,identity-a0-b0,proportional-10bps,dca,2197.8021978021978021978021978021978021978021978021978021978,0.000000000000000000000000000000000000000000000000000000001,73.26007326007326007326007326007326007326007326007326007326,5.994005994005994005994005994005994005994005994005994005994,,outside-current-safety-theorem
hostile-adaptive-timing-grid-v1-304,synthetic,adversarial-design-search,deterministic-adversarial-v1,6,0.5,identity-a0-b0,proportional-10bps,neutral_guarded,2834.08074661352633380605408577436549464521492493520465548437,965.620317182817182817182817182817182817182817182817182817181,62.2820143143569716996290422863849437276010702584129157555729,5.02935033248469811906375342938779502216065652629089192525754,141.691641691641691641691641691641691641691641691641691641692,outside-current-safety-theorem
hostile-adaptive-timing-grid-v1-304,synthetic,adversarial-design-search,deterministic-adversarial-v1,6,0.5,identity-a0-b0,proportional-10bps,corrected_guarded,2926.7285651883127591290523290732484487365380788254124532951,806.55324359046699804405814276425610661279456038762733514802,70.6725107199281920361664728769664114041247839479261706049028,5.1882584979116213805753664907449988944927127268854871776743,141.691641691641691641691641691641691641691641691641691641692,outside-current-safety-theorem
hostile-adaptive-timing-grid-v1-304,synthetic,adversarial-design-search,deterministic-adversarial-v1,6,0.5,identity-a0-b0,fixed-1-usd,dca,2197.8,0,73.26,6,,outside-current-safety-theorem
hostile-adaptive-timing-grid-v1-304,synthetic,adversarial-design-search,deterministic-adversarial-v1,6,0.5,identity-a0-b0,fixed-1-usd,neutral_guarded,2833.7609375,965.615625,62.2715104166666666666666666666666666666666666666666666666667,6,141.716666666666666666666666666666666666666666666666666666667,outside-current-safety-theorem
hostile-adaptive-timing-grid-v1-304,synthetic,adversarial-design-search,deterministic-adversarial-v1,6,0.5,identity-a0-b0,fixed-1-usd,corrected_guarded,2926.65430256885981099533371133062499242426069575261097860744,806.54975770594853573271433835296338877614101710295809462454,70.6701514954303758420873124325887201216039892883217627994299,6,141.716666666666666666666666666666666666666666666666666666667,outside-current-safety-theorem
hostile-adaptive-timing-grid-v1-305,synthetic,adversarial-design-search,deterministic-adversarial-v1,6,1,identity-a0-b0,frictionless,dca,2000,0,66.6666666666666666666666666666666666666666666666666666666668,0,,epsilon-dca
hostile-adaptive-timing-grid-v1-305,synthetic,adversarial-design-search,deterministic-adversarial-v1,6,1,identity-a0-b0,frictionless,neutral_guarded,2000,0,66.6666666666666666666666666666666666666666666666666666666668,0,1000,epsilon-dca
hostile-adaptive-timing-grid-v1-305,synthetic,adversarial-design-search,deterministic-adversarial-v1,6,1,identity-a0-b0,frictionless,corrected_guarded,2000,0,66.6666666666666666666666666666666666666666666666666666666668,0,1000,epsilon-dca
hostile-adaptive-timing-grid-v1-305,synthetic,adversarial-design-search,deterministic-adversarial-v1,6,1,identity-a0-b0,proportional-10bps,dca,1998.001998001998001998001998001998001998001998001998001998,0.000000000000000000000000000000000000000000000000000000001,66.6000666000666000666000666000666000666000666000666000666,5.994005994005994005994005994005994005994005994005994005994,,outside-current-safety-theorem
hostile-adaptive-timing-grid-v1-305,synthetic,adversarial-design-search,deterministic-adversarial-v1,6,1,identity-a0-b0,proportional-10bps,neutral_guarded,1998.001998001998001998001998001998001998001998001998001998,0.000000000000000000000000000000000000000000000000000000001,66.6000666000666000666000666000666000666000666000666000666,5.994005994005994005994005994005994005994005994005994005994,1000,outside-current-safety-theorem
hostile-adaptive-timing-grid-v1-305,synthetic,adversarial-design-search,deterministic-adversarial-v1,6,1,identity-a0-b0,proportional-10bps,corrected_guarded,1998.001998001998001998001998001998001998001998001998001998,0.000000000000000000000000000000000000000000000000000000001,66.6000666000666000666000666000666000666000666000666000666,5.994005994005994005994005994005994005994005994005994005994,1000,outside-current-safety-theorem
hostile-adaptive-timing-grid-v1-305,synthetic,adversarial-design-search,deterministic-adversarial-v1,6,1,identity-a0-b0,fixed-1-usd,dca,1998,0,66.6,6,,outside-current-safety-theorem
hostile-adaptive-timing-grid-v1-305,synthetic,adversarial-design-search,deterministic-adversarial-v1,6,1,identity-a0-b0,fixed-1-usd,neutral_guarded,1998,0,66.6,6,1000,outside-current-safety-theorem
hostile-adaptive-timing-grid-v1-305,synthetic,adversarial-design-search,deterministic-adversarial-v1,6,1,identity-a0-b0,fixed-1-usd,corrected_guarded,1998,0,66.6,6,1000,outside-current-safety-theorem
hostile-adaptive-timing-grid-v1-305,synthetic,adversarial-design-search,deterministic-adversarial-v1,6,0.9,identity-a0-b0,frictionless,dca,2000,0,66.6666666666666666666666666666666666666666666666666666666668,0,,epsilon-dca
hostile-adaptive-timing-grid-v1-305,synthetic,adversarial-design-search,deterministic-adversarial-v1,6,0.9,identity-a0-b0,frictionless,neutral_guarded,2289.32812499999999999999999999999999999999999999999999999999,376.40624999999999999999999999999999999999999999999999999999,63.7640625,0,718.791666666666666666666666666666666666666666666666666666675,epsilon-dca
hostile-adaptive-timing-grid-v1-305,synthetic,adversarial-design-search,deterministic-adversarial-v1,6,0.9,identity-a0-b0,frictionless,corrected_guarded,2431.80389175667174291560663134649308305746312025081887503179,490.67594425739753148301233488481301644309175555912049102699,64.7042649166424737144198098820560022204790454897232794668266,0,680.891761213578794985121354136216965431413221772724281174707,epsilon-dca
hostile-adaptive-timing-grid-v1-305,synthetic,adversarial-design-search,deterministic-adversarial-v1,6,0.9,identity-a0-b0,proportional-10bps,dca,1998.001998001998001998001998001998001998001998001998001998,0.000000000000000000000000000000000000000000000000000000001,66.6000666000666000666000666000666000666000666000666000666,5.994005994005994005994005994005994005994005994005994005994,,outside-current-safety-theorem
hostile-adaptive-timing-grid-v1-305,synthetic,adversarial-design-search,deterministic-adversarial-v1,6,0.9,identity-a0-b0,proportional-10bps,neutral_guarded,2287.25759194333480936023025372663479264191091756759326727455,376.223323904269973982303664677045852879564944522044408007888,63.7011422679688278459308863016529646587448657681849619755554,5.61815851757815187414355278254041373338704800747048510688523,718.926219063615168183047444350579068425533480419898743493863,outside-current-safety-theorem
hostile-adaptive-timing-grid-v1-305,synthetic,adversarial-design-search,deterministic-adversarial-v1,6,0.9,identity-a0-b0,proportional-10bps,corrected_guarded,2429.59322463774577695456547868527543740395163093361892651558,490.409747718022083460411985674529076674354798646563858910462,64.6394492306574564498051164336915453576532277429018355868373,5.50408616611586205448510291141405686645918601533809804304649,681.065052057594285624757551767214384774256022646614429358305,outside-current-safety-theorem
hostile-adaptive-timing-grid-v1-305,synthetic,adversarial-design-search,deterministic-adversarial-v1,6,0.9,identity-a0-b0,fixed-1-usd,dca,1998,0,66.6,6,,outside-current-safety-theorem
hostile-adaptive-timing-grid-v1-305,synthetic,adversarial-design-search,deterministic-adversarial-v1,6,0.9,identity-a0-b0,fixed-1-usd,neutral_guarded,2287.04590104166666666666666666666666666666666666666666666666,376.05838541666666666666666666666666666666666666666666666666,63.6995838541666666666666666666666666666666666666666666666667,6,719.029152777777777777777777777777777777777777777777777777778,outside-current-safety-theorem
hostile-adaptive-timing-grid-v1-305,synthetic,adversarial-design-search,deterministic-adversarial-v1,6,0.9,identity-a0-b0,fixed-1-usd,corrected_guarded,2429.4170756988546704676633166434577619778849864482816295769,490.24350588765684910638555361485858660154752972920571326348,64.6391189937065940453759254342866391792112485573025305437805,6,681.147858391997140529555154187692513039649496366976950469723,outside-current-safety-theorem
hostile-adaptive-timing-grid-v1-305,synthetic,adversarial-design-search,deterministic-adversarial-v1,6,0.75,identity-a0-b0,frictionless,dca,2000,0,66.6666666666666666666666666666666666666666666666666666666668,0,,epsilon-dca
hostile-adaptive-timing-grid-v1-305,synthetic,adversarial-design-search,deterministic-adversarial-v1,6,0.75,identity-a0-b0,frictionless,neutral_guarded,2651.515625,872.03125,59.3161458333333333333333333333333333333333333333333333333333,0,359.166666666666666666666666666666666666666666666666666666667,epsilon-dca
hostile-adaptive-timing-grid-v1-305,synthetic,adversarial-design-search,deterministic-adversarial-v1,6,0.75,identity-a0-b0,frictionless,corrected_guarded,2840.82145408719000755906968961272021076944572155049261675357,977.68236604833651144066374771405248814652306021784362228464,62.1046362679617832039468647299555907540974220444216331489644,0,344.842764345133990084115292480231762867840193477284806562692,epsilon-dca
hostile-adaptive-timing-grid-v1-305,synthetic,adversarial-design-search,deterministic-adversarial-v1,6,0.75,identity-a0-b0,proportional-10bps,dca,1998.001998001998001998001998001998001998001998001998001998,0.000000000000000000000000000000000000000000000000000000001,66.6000666000666000666000666000666000666000666000666000666,5.994005994005994005994005994005994005994005994005994005994,,outside-current-safety-theorem
hostile-adaptive-timing-grid-v1-305,synthetic,adversarial-design-search,deterministic-adversarial-v1,6,0.75,identity-a0-b0,proportional-10bps,neutral_guarded,2649.68591721193921050773722344143697249897976011257102028236,871.989163743507832236286599106596292227843493760394042928695,59.2565584489477126090483541444946893423712088784058992451221,5.12288794830818398377993346742597773004211439184775819887243,359.271178583110407529744436593830955712830082216939116283527,outside-current-safety-theorem
hostile-adaptive-timing-grid-v1-305,synthetic,adversarial-design-search,deterministic-adversarial-v1,6,0.75,identity-a0-b0,proportional-10bps,corrected_guarded,2838.83939882300789193353884340519203895048782096312402810709,977.632899336580967779881944460477214459036857679140746847727,62.0402166495475641384552299648238274830483654427994427086452,5.01734975091250652569442363190761517037059254977108816498729,344.954261943881481876693934123412011934602274361300420062577,outside-current-safety-theorem
hostile-adaptive-timing-grid-v1-305,synthetic,adversarial-design-search,deterministic-adversarial-v1,6,0.75,identity-a0-b0,fixed-1-usd,dca,1998,0,66.6,6,,outside-current-safety-theorem
hostile-adaptive-timing-grid-v1-305,synthetic,adversarial-design-search,deterministic-adversarial-v1,6,0.75,identity-a0-b0,fixed-1-usd,neutral_guarded,2649.432046875,871.94109375,59.2496984375,6,359.373333333333333333333333333333333333333333333333333333333,outside-current-safety-theorem
hostile-adaptive-timing-grid-v1-305,synthetic,adversarial-design-search,deterministic-adversarial-v1,6,0.75,identity-a0-b0,fixed-1-usd,corrected_guarded,2838.66002793006313813018211574806309022246383980112161438919,977.579202008698480123804775181579594181872736908702389156376,62.0360275307121552668792446855494498680197034297473075077602,6,345.048447455756670885151562357585408439278604312877626112395,outside-current-safety-theorem
hostile-adaptive-timing-grid-v1-305,synthetic,adversarial-design-search,deterministic-adversarial-v1,6,0.5,identity-a0-b0,frictionless,dca,2000,0,66.6666666666666666666666666666666666666666666666666666666668,0,,epsilon-dca
hostile-adaptive-timing-grid-v1-305,synthetic,adversarial-design-search,deterministic-adversarial-v1,6,0.5,identity-a0-b0,frictionless,neutral_guarded,2642.8125,965.625,55.9062499999999999999999999999999999999999999999999999999999,0,141.666666666666666666666666666666666666666666666666666666667,epsilon-dca
hostile-adaptive-timing-grid-v1-305,synthetic,adversarial-design-search,deterministic-adversarial-v1,6,0.5,identity-a0-b0,frictionless,corrected_guarded,2855.31753119224618095423322091118776624367258489113468015404,1069.74451958623420464237955092645113144508550698552625947179,59.5191003868670658770617889994912211599529025968536140227418,0,141.666666666666666666666666666666666666666666666666666666667,epsilon-dca
hostile-adaptive-timing-grid-v1-305,synthetic,adversarial-design-search,deterministic-adversarial-v1,6,0.5,identity-a0-b0,proportional-10bps,dca,1998.001998001998001998001998001998001998001998001998001998,0.000000000000000000000000000000000000000000000000000000001,66.6000666000666000666000666000666000666000666000666000666,5.994005994005994005994005994005994005994005994005994005994,,outside-current-safety-theorem
hostile-adaptive-timing-grid-v1-305,synthetic,adversarial-design-search,deterministic-adversarial-v1,6,0.5,identity-a0-b0,proportional-10bps,neutral_guarded,2641.14961430926715642000357285072569787854503139218423933708,965.620317182817182817182817182817182817182817182817182817181,55.8509765708816657867606918555969505020454071403122352173299,5.02935033248469811906375342938779502216065652629089192525754,141.691641691641691641691641691641691641691641691641691641692,outside-current-safety-theorem
hostile-adaptive-timing-grid-v1-305,synthetic,adversarial-design-search,deterministic-adversarial-v1,6,0.5,identity-a0-b0,proportional-10bps,corrected_guarded,2853.53959959386578264980066544213713955386627105483545324771,1069.73990544983167980721195406276838750018459814259448227262,59.4599898048011367614196237126456250684560557637413656991697,4.92533475979037794225053750842880280969012527658082469303434,141.691641691641691641691641691641691641691641691641691641692,outside-current-safety-theorem
hostile-adaptive-timing-grid-v1-305,synthetic,adversarial-design-search,deterministic-adversarial-v1,6,0.5,identity-a0-b0,fixed-1-usd,dca,1998,0,66.6,6,,outside-current-safety-theorem
hostile-adaptive-timing-grid-v1-305,synthetic,adversarial-design-search,deterministic-adversarial-v1,6,0.5,identity-a0-b0,fixed-1-usd,neutral_guarded,2640.8378125,965.615625,55.8407395833333333333333333333333333333333333333333333333334,6,141.716666666666666666666666666666666666666666666666666666667,outside-current-safety-theorem
hostile-adaptive-timing-grid-v1-305,synthetic,adversarial-design-search,deterministic-adversarial-v1,6,0.5,identity-a0-b0,fixed-1-usd,corrected_guarded,2853.32927911996497982265010746232990785229181530003393431144,1069.73528208515634992237402200535827806739388748197684151902,59.453133234493620996675869515232387659496597593935236426414,6,141.716666666666666666666666666666666666666666666666666666667,outside-current-safety-theorem
hostile-adaptive-timing-grid-v1-313,synthetic,adversarial-design-search,deterministic-adversarial-v1,6,1,identity-a0-b0,frictionless,dca,2000,0,66.6666666666666666666666666666666666666666666666666666666668,0,,epsilon-dca
hostile-adaptive-timing-grid-v1-313,synthetic,adversarial-design-search,deterministic-adversarial-v1,6,1,identity-a0-b0,frictionless,neutral_guarded,2000,0,66.6666666666666666666666666666666666666666666666666666666668,0,1000,epsilon-dca
hostile-adaptive-timing-grid-v1-313,synthetic,adversarial-design-search,deterministic-adversarial-v1,6,1,identity-a0-b0,frictionless,corrected_guarded,2000,0,66.6666666666666666666666666666666666666666666666666666666668,0,1000,epsilon-dca
hostile-adaptive-timing-grid-v1-313,synthetic,adversarial-design-search,deterministic-adversarial-v1,6,1,identity-a0-b0,proportional-10bps,dca,1998.001998001998001998001998001998001998001998001998001998,0.000000000000000000000000000000000000000000000000000000001,66.6000666000666000666000666000666000666000666000666000666,5.994005994005994005994005994005994005994005994005994005994,,outside-current-safety-theorem
hostile-adaptive-timing-grid-v1-313,synthetic,adversarial-design-search,deterministic-adversarial-v1,6,1,identity-a0-b0,proportional-10bps,neutral_guarded,1998.001998001998001998001998001998001998001998001998001998,0.000000000000000000000000000000000000000000000000000000001,66.6000666000666000666000666000666000666000666000666000666,5.994005994005994005994005994005994005994005994005994005994,1000,outside-current-safety-theorem
hostile-adaptive-timing-grid-v1-313,synthetic,adversarial-design-search,deterministic-adversarial-v1,6,1,identity-a0-b0,proportional-10bps,corrected_guarded,1998.001998001998001998001998001998001998001998001998001998,0.000000000000000000000000000000000000000000000000000000001,66.6000666000666000666000666000666000666000666000666000666,5.994005994005994005994005994005994005994005994005994005994,1000,outside-current-safety-theorem
hostile-adaptive-timing-grid-v1-313,synthetic,adversarial-design-search,deterministic-adversarial-v1,6,1,identity-a0-b0,fixed-1-usd,dca,1998,0,66.6,6,,outside-current-safety-theorem
hostile-adaptive-timing-grid-v1-313,synthetic,adversarial-design-search,deterministic-adversarial-v1,6,1,identity-a0-b0,fixed-1-usd,neutral_guarded,1998,0,66.6,6,1000,outside-current-safety-theorem
hostile-adaptive-timing-grid-v1-313,synthetic,adversarial-design-search,deterministic-adversarial-v1,6,1,identity-a0-b0,fixed-1-usd,corrected_guarded,1998,0,66.6,6,1000,outside-current-safety-theorem
hostile-adaptive-timing-grid-v1-313,synthetic,adversarial-design-search,deterministic-adversarial-v1,6,0.9,identity-a0-b0,frictionless,dca,2000,0,66.6666666666666666666666666666666666666666666666666666666668,0,,epsilon-dca
hostile-adaptive-timing-grid-v1-313,synthetic,adversarial-design-search,deterministic-adversarial-v1,6,0.9,identity-a0-b0,frictionless,neutral_guarded,2220.07812499999999999999999999999999999999999999999999999999,280.05208333333333333333333333333333333333333333333333333333,64.6675347222222222222222222222222222222222222222222222222221,0,756.80555555555555555555555555555555555555555555555555555556,epsilon-dca
hostile-adaptive-timing-grid-v1-313,synthetic,adversarial-design-search,deterministic-adversarial-v1,6,0.9,identity-a0-b0,frictionless,corrected_guarded,2242.32704377011382539929920611009167078511231808335690385885,234.67090969328712826502561604978299015833584857439505001649,66.9218711358942232378091196686769560208925489836320617947454,0,751.112024113585835723663449612743383143241749698731294121118,epsilon-dca
hostile-adaptive-timing-grid-v1-313,synthetic,adversarial-design-search,deterministic-adversarial-v1,6,0.9,identity-a0-b0,proportional-10bps,dca,1998.001998001998001998001998001998001998001998001998001998,0.000000000000000000000000000000000000000000000000000000001,66.6000666000666000666000666000666000666000666000666000666,5.994005994005994005994005994005994005994005994005994005994,,outside-current-safety-theorem
hostile-adaptive-timing-grid-v1-313,synthetic,adversarial-design-search,deterministic-adversarial-v1,6,0.9,identity-a0-b0,proportional-10bps,neutral_guarded,2218.03785138130705860102872840870630105880880205042917489539,279.940167379225088673929223184097121534994791042134486849549,64.6032561334027323309033168408203059841271337002764896015279,5.71434548713364127005601476205384902943556963931854696618428,756.902219472369263101918770588723427303593849252693573164728,outside-current-safety-theorem
hostile-adaptive-timing-grid-v1-313,synthetic,adversarial-design-search,deterministic-adversarial-v1,6,0.9,identity-a0-b0,proportional-10bps,corrected_guarded,2240.1933908565126925765392330734549908879743652875067993556,234.57291104989358589479075610468417380537337654727087326112,66.8540159935539702227249492322923605694200329580078642031492,5.7596674215285778362689403035917241020925340893633657609779,751.213725911364322105461598075533794691183100270014990819853,outside-current-safety-theorem
hostile-adaptive-timing-grid-v1-313,synthetic,adversarial-design-search,deterministic-adversarial-v1,6,0.9,identity-a0-b0,fixed-1-usd,dca,1998,0,66.6,6,,outside-current-safety-theorem
hostile-adaptive-timing-grid-v1-313,synthetic,adversarial-design-search,deterministic-adversarial-v1,6,0.9,identity-a0-b0,fixed-1-usd,neutral_guarded,2217.88148437499999999999999999999999999999999999999999999998,279.82098958333333333333333333333333333333333333333333333332,64.6020164930555555555555555555555555555555555555555555555555,6,756.997638888888888888888888888888888888888888888888888888892,outside-current-safety-theorem
hostile-adaptive-timing-grid-v1-313,synthetic,adversarial-design-search,deterministic-adversarial-v1,6,0.9,identity-a0-b0,fixed-1-usd,corrected_guarded,2240.118490421816403141931233747567352948649006124173406541,234.48068383754618831257104071111319726787786649332631040738,66.8545935528090071609786731012151385226923713210282365377873,6,751.30074159232474394259399606427463894002005283135392493657,outside-current-safety-theorem
hostile-adaptive-timing-grid-v1-313,synthetic,adversarial-design-search,deterministic-adversarial-v1,6,0.75,identity-a0-b0,frictionless,dca,2000,0,66.6666666666666666666666666666666666666666666666666666666668,0,,epsilon-dca
hostile-adaptive-timing-grid-v1-313,synthetic,adversarial-design-search,deterministic-adversarial-v1,6,0.75,identity-a0-b0,frictionless,neutral_guarded,2530.85937499999999999999999999999999999999999999999999999999,687.23958333333333333333333333333333333333333333333333333333,61.4539930555555555555555555555555555555555555555555555555555,0,403.472222222222222222222222222222222222222222222222222222225,epsilon-dca
hostile-adaptive-timing-grid-v1-313,synthetic,adversarial-design-search,deterministic-adversarial-v1,6,0.75,identity-a0-b0,frictionless,corrected_guarded,2564.47332926509013848631729982152665650745550744560332405286,564.74259948868778223954915095986938372699843988480095885318,66.6576909925467452082256049620552424260152355853600788399893,0,398.86395087267814691445765162078113499655647006573141029661,epsilon-dca
hostile-adaptive-timing-grid-v1-313,synthetic,adversarial-design-search,deterministic-adversarial-v1,6,0.75,identity-a0-b0,proportional-10bps,dca,1998.001998001998001998001998001998001998001998001998001998,0.000000000000000000000000000000000000000000000000000000001,66.6000666000666000666000666000666000666000666000666000666,5.994005994005994005994005994005994005994005994005994005994,,outside-current-safety-theorem
hostile-adaptive-timing-grid-v1-313,synthetic,adversarial-design-search,deterministic-adversarial-v1,6,0.75,identity-a0-b0,proportional-10bps,neutral_guarded,2528.89533821031895212071257040226990684608695077826079147792,687.042947668449327124075196937642939437105554460970030658854,61.3950796847289874998879124488208989136327132105763586939691,5.30764940292862205082509970335899806250039405148754242691424,403.635231536686140609105342089226750604747817739207383115335,outside-current-safety-theorem
hostile-adaptive-timing-grid-v1-313,synthetic,adversarial-design-search,deterministic-adversarial-v1,6,0.75,identity-a0-b0,proportional-10bps,corrected_guarded,2562.34825648860139447687877667081630752122647411563061929406,564.589191725198572986066150012868223354607371865659390524235,66.5919688254467607163604208885982694722206367416657076256611,5.42998082744735407294099285713000177487052210602831229717859,399.022906108836717188631734882364903281083771120921391829862,outside-current-safety-theorem
hostile-adaptive-timing-grid-v1-313,synthetic,adversarial-design-search,deterministic-adversarial-v1,6,0.75,identity-a0-b0,fixed-1-usd,dca,1998,0,66.6,6,,outside-current-safety-theorem
hostile-adaptive-timing-grid-v1-313,synthetic,adversarial-design-search,deterministic-adversarial-v1,6,0.75,identity-a0-b0,fixed-1-usd,neutral_guarded,2528.60507812499999999999999999999999999999999999999999999999,686.82005208333333333333333333333333333333333333333333333333,61.3928342013888888888888888888888888888888888888888888888888,6,403.811805555555555555555555555555555555555555555555555555557,outside-current-safety-theorem
hostile-adaptive-timing-grid-v1-313,synthetic,adversarial-design-search,deterministic-adversarial-v1,6,0.75,identity-a0-b0,fixed-1-usd,corrected_guarded,2562.2232445465041057809385669688494352460508654463715981318,564.41096885110417119133952247079531374488209738859305320157,66.5937425231799978196533014832684707167056256019259514976742,6,399.197393361648739508079060881726031241497899043843050834045,outside-current-safety-theorem
hostile-adaptive-timing-grid-v1-313,synthetic,adversarial-design-search,deterministic-adversarial-v1,6,0.5,identity-a0-b0,frictionless,dca,2000,0,66.6666666666666666666666666666666666666666666666666666666668,0,,epsilon-dca
hostile-adaptive-timing-grid-v1-313,synthetic,adversarial-design-search,deterministic-adversarial-v1,6,0.5,identity-a0-b0,frictionless,neutral_guarded,2663.4375,965.625,56.5937499999999999999999999999999999999999999999999999999999,0,141.666666666666666666666666666666666666666666666666666666667,epsilon-dca
hostile-adaptive-timing-grid-v1-313,synthetic,adversarial-design-search,deterministic-adversarial-v1,6,0.5,identity-a0-b0,frictionless,corrected_guarded,2692.03178089441198216907183412630835946152525351840316266921,789.54813660032143736058491700942221221490323564223468165811,63.4161214764696848269495639038962049082207339292056160337032,0,141.666666666666666666666666666666666666666666666666666666667,epsilon-dca
hostile-adaptive-timing-grid-v1-313,synthetic,adversarial-design-search,deterministic-adversarial-v1,6,0.5,identity-a0-b0,proportional-10bps,dca,1998.001998001998001998001998001998001998001998001998001998,0.000000000000000000000000000000000000000000000000000000001,66.6000666000666000666000666000666000666000666000666000666,5.994005994005994005994005994005994005994005994005994005994,,outside-current-safety-theorem
hostile-adaptive-timing-grid-v1-313,synthetic,adversarial-design-search,deterministic-adversarial-v1,6,0.5,identity-a0-b0,proportional-10bps,neutral_guarded,2661.75681679708902486125263348040570817793595016372239149461,965.620317182817182817182817182817182817182817182817182817181,56.537883320475728068135660543252950845358437766030173622581,5.02935033248469811906375342938779502216065652629089192525754,141.691641691641691641691641691641691641691641691641691641692,outside-current-safety-theorem
hostile-adaptive-timing-grid-v1-313,synthetic,adversarial-design-search,deterministic-adversarial-v1,6,0.5,identity-a0-b0,proportional-10bps,corrected_guarded,2690.14072900284308467984340437235780685880820165929544933117,789.544009427518049425459690255100143263520847980071487208734,63.3532239858441678418127904705752554531762451226407987374148,5.20525073983264930127326704270219765907740175026965885393733,141.691641691641691641691641691641691641691641691641691641692,outside-current-safety-theorem
hostile-adaptive-timing-grid-v1-313,synthetic,adversarial-design-search,deterministic-adversarial-v1,6,0.5,identity-a0-b0,fixed-1-usd,dca,1998,0,66.6,6,,outside-current-safety-theorem
hostile-adaptive-timing-grid-v1-313,synthetic,adversarial-design-search,deterministic-adversarial-v1,6,0.5,identity-a0-b0,fixed-1-usd,neutral_guarded,2661.4684375,965.615625,56.5284270833333333333333333333333333333333333333333333333334,6,141.716666666666666666666666666666666666666666666666666666667,outside-current-safety-theorem
hostile-adaptive-timing-grid-v1-313,synthetic,adversarial-design-search,deterministic-adversarial-v1,6,0.5,identity-a0-b0,fixed-1-usd,corrected_guarded,2690.05088964008085011621579395456210299340348097853532693864,789.53987400036905471446421304726943017423569554258396637045,63.3503671879903931800583860302430890939722595145317120189397,6,141.716666666666666666666666666666666666666666666666666666667,outside-current-safety-theorem
hostile-adaptive-timing-grid-v1-314,synthetic,adversarial-design-search,deterministic-adversarial-v1,6,1,identity-a0-b0,frictionless,dca,1800,0,60.0000000000000000000000000000000000000000000000000000000001,0,,epsilon-dca
hostile-adaptive-timing-grid-v1-314,synthetic,adversarial-design-search,deterministic-adversarial-v1,6,1,identity-a0-b0,frictionless,neutral_guarded,1800,0,60.0000000000000000000000000000000000000000000000000000000001,0,1000,epsilon-dca
hostile-adaptive-timing-grid-v1-314,synthetic,adversarial-design-search,deterministic-adversarial-v1,6,1,identity-a0-b0,frictionless,corrected_guarded,1800,0,60.0000000000000000000000000000000000000000000000000000000001,0,1000,epsilon-dca
hostile-adaptive-timing-grid-v1-314,synthetic,adversarial-design-search,deterministic-adversarial-v1,6,1,identity-a0-b0,proportional-10bps,dca,1798.2017982017982017982017982017982017982017982017982017982,0.000000000000000000000000000000000000000000000000000000001,59.94005994005994005994005994005994005994005994005994005994,5.994005994005994005994005994005994005994005994005994005994,,outside-current-safety-theorem
hostile-adaptive-timing-grid-v1-314,synthetic,adversarial-design-search,deterministic-adversarial-v1,6,1,identity-a0-b0,proportional-10bps,neutral_guarded,1798.2017982017982017982017982017982017982017982017982017982,0.000000000000000000000000000000000000000000000000000000001,59.94005994005994005994005994005994005994005994005994005994,5.994005994005994005994005994005994005994005994005994005994,1000,outside-current-safety-theorem
hostile-adaptive-timing-grid-v1-314,synthetic,adversarial-design-search,deterministic-adversarial-v1,6,1,identity-a0-b0,proportional-10bps,corrected_guarded,1798.2017982017982017982017982017982017982017982017982017982,0.000000000000000000000000000000000000000000000000000000001,59.94005994005994005994005994005994005994005994005994005994,5.994005994005994005994005994005994005994005994005994005994,1000,outside-current-safety-theorem
hostile-adaptive-timing-grid-v1-314,synthetic,adversarial-design-search,deterministic-adversarial-v1,6,1,identity-a0-b0,fixed-1-usd,dca,1798.2,0,59.94,6,,outside-current-safety-theorem
hostile-adaptive-timing-grid-v1-314,synthetic,adversarial-design-search,deterministic-adversarial-v1,6,1,identity-a0-b0,fixed-1-usd,neutral_guarded,1798.2,0,59.94,6,1000,outside-current-safety-theorem
hostile-adaptive-timing-grid-v1-314,synthetic,adversarial-design-search,deterministic-adversarial-v1,6,1,identity-a0-b0,fixed-1-usd,corrected_guarded,1798.2,0,59.94,6,1000,outside-current-safety-theorem
hostile-adaptive-timing-grid-v1-314,synthetic,adversarial-design-search,deterministic-adversarial-v1,6,0.9,identity-a0-b0,frictionless,dca,1800,0,60.0000000000000000000000000000000000000000000000000000000001,0,,epsilon-dca
hostile-adaptive-timing-grid-v1-314,synthetic,adversarial-design-search,deterministic-adversarial-v1,6,0.9,identity-a0-b0,frictionless,neutral_guarded,2041.0329861111111111111111111111111111111111111111111111111,323.87152777777777777777777777777777777777777777777777777777,57.2387152777777777777777777777777777777777777777777777777778,0,742.199074074074074074074074074074074074074074074074074074078,epsilon-dca
hostile-adaptive-timing-grid-v1-314,synthetic,adversarial-design-search,deterministic-adversarial-v1,6,0.9,identity-a0-b0,frictionless,corrected_guarded,2084.0085977372956047024681465927248518152673629727320031405,351.90619508100605192298413632620645455524596936675305493673,57.7367467552096517593161336755506132420007131201992982734589,0,738.512408654414051503492664994265478586003667399670606690885,epsilon-dca
hostile-adaptive-timing-grid-v1-314,synthetic,adversarial-design-search,deterministic-adversarial-v1,6,0.9,identity-a0-b0,proportional-10bps,dca,1798.2017982017982017982017982017982017982017982017982017982,0.000000000000000000000000000000000000000000000000000000001,59.94005994005994005994005994005994005994005994005994005994,5.994005994005994005994005994005994005994005994005994005994,,outside-current-safety-theorem
hostile-adaptive-timing-grid-v1-314,synthetic,adversarial-design-search,deterministic-adversarial-v1,6,0.9,identity-a0-b0,proportional-10bps,neutral_guarded,2039.21070732247509658869060340261399873972810933784608805278,323.738831693563462048591315040915745428614456532627359593945,57.1823958542970544846699762787232751103704550935072909486278,5.6705905777287078301212873975615227318395459974699027376684,742.302664700923138643698073303117219339053960755862615583263,outside-current-safety-theorem
hostile-adaptive-timing-grid-v1-314,synthetic,adversarial-design-search,deterministic-adversarial-v1,6,0.9,identity-a0-b0,proportional-10bps,corrected_guarded,2082.14870083658988826600994167501795527111768704270266601054,351.764982703834482450948715458096379598118485122740019751422,57.679457271091846860502040873897385855766640063998754875304,5.64259242487129422332572555898292069970217933554171826198659,738.617398252792341466841584765666769357247269513472835397427,outside-current-safety-theorem
hostile-adaptive-timing-grid-v1-314,synthetic,adversarial-design-search,deterministic-adversarial-v1,6,0.9,identity-a0-b0,fixed-1-usd,dca,1798.2,0,59.94,6,,outside-current-safety-theorem
hostile-adaptive-timing-grid-v1-314,synthetic,adversarial-design-search,deterministic-adversarial-v1,6,0.9,identity-a0-b0,fixed-1-usd,neutral_guarded,2039.01296006944444444444444444444444444444444444444444444443,323.5868923611111111111111111111111111111111111111111111111,57.180868923611111111111111111111111111111111111111111111111,6,742.409004629629629629629629629629629629629629629629629629633,outside-current-safety-theorem
hostile-adaptive-timing-grid-v1-314,synthetic,adversarial-design-search,deterministic-adversarial-v1,6,0.9,identity-a0-b0,fixed-1-usd,corrected_guarded,2081.96180653074502075807327596290563733611481805395932226286,351.60526685592632456978961651118194921312741152187208718697,57.6785513224939565396094553150574562707662468844029078358631,6,738.716724575785517182686709192123627663298060463496863586793,outside-current-safety-theorem
hostile-adaptive-timing-grid-v1-314,synthetic,adversarial-design-search,deterministic-adversarial-v1,6,0.75,identity-a0-b0,frictionless,dca,1800,0,60.0000000000000000000000000000000000000000000000000000000001,0,,epsilon-dca
hostile-adaptive-timing-grid-v1-314,synthetic,adversarial-design-search,deterministic-adversarial-v1,6,0.75,identity-a0-b0,frictionless,neutral_guarded,2393.27256944444444444444444444444444444444444444444444444443,802.5173611111111111111111111111111111111111111111111111111,53.0251736111111111111111111111111111111111111111111111111111,0,365.0462962962962962962962962962962962962962962962962962963,epsilon-dca
hostile-adaptive-timing-grid-v1-314,synthetic,adversarial-design-search,deterministic-adversarial-v1,6,0.75,identity-a0-b0,frictionless,corrected_guarded,2488.43700605000397818783303806651361071583150145466426059132,863.39571527786003699575142920861752598520729439578661863729,54.1680430257381313730693869619298694910208069019625880651343,0,362.864624404314700319523538834377710696660568468124787646913,epsilon-dca
hostile-adaptive-timing-grid-v1-314,synthetic,adversarial-design-search,deterministic-adversarial-v1,6,0.75,identity-a0-b0,proportional-10bps,dca,1798.2017982017982017982017982017982017982017982017982017982,0.000000000000000000000000000000000000000000000000000000001,59.94005994005994005994005994005994005994005994005994005994,5.994005994005994005994005994005994005994005994005994005994,,outside-current-safety-theorem
hostile-adaptive-timing-grid-v1-314,synthetic,adversarial-design-search,deterministic-adversarial-v1,6,0.75,identity-a0-b0,proportional-10bps,neutral_guarded,2391.4725692729446000712353365289028059573667124864054152984,802.222346459670033521683443117726044662172543209660864306856,52.9750074271091522183183964470392253765064723092248183663845,5.19258506847185810836994661027200195338444301377656257312003,365.242098606279238476569260029199048863058821489643771899332,outside-current-safety-theorem
hostile-adaptive-timing-grid-v1-314,synthetic,adversarial-design-search,deterministic-adversarial-v1,6,0.75,identity-a0-b0,proportional-10bps,corrected_guarded,2486.57138939054882741965799028153814307888406501394872927131,863.08933771383505473335885576099263113785878983265883221009,54.1160683892237924228766378173515170647008425060429965687075,5.1317788834027621830835575866523550138482929172500910767132,363.058046952392219244469684816464270337654815057408072113533,outside-current-safety-theorem
hostile-adaptive-timing-grid-v1-314,synthetic,adversarial-design-search,deterministic-adversarial-v1,6,0.75,identity-a0-b0,fixed-1-usd,dca,1798.2,0,59.94,6,,outside-current-safety-theorem
hostile-adaptive-timing-grid-v1-314,synthetic,adversarial-design-search,deterministic-adversarial-v1,6,0.75,identity-a0-b0,fixed-1-usd,neutral_guarded,2391.03676215277777777777777777777777777777777777777777777777,801.89366319444444444444444444444444444444444444444444444444,52.9714366319444444444444444444444444444444444444444444444444,6,365.453935185185185185185185185185185185185185185185185185187,outside-current-safety-theorem
hostile-adaptive-timing-grid-v1-314,synthetic,adversarial-design-search,deterministic-adversarial-v1,6,0.75,identity-a0-b0,fixed-1-usd,corrected_guarded,2486.16166413319861217118435158012586932428278050159640298848,862.75081216632268433249735688041222320670070572934443168467,54.1136950655625309279562331566571215372527358257417323767937,6,363.266593614870116715148550701855894544038789910615129783708,outside-current-safety-theorem
hostile-adaptive-timing-grid-v1-314,synthetic,adversarial-design-search,deterministic-adversarial-v1,6,0.5,identity-a0-b0,frictionless,dca,1800,0,60.0000000000000000000000000000000000000000000000000000000001,0,,epsilon-dca
hostile-adaptive-timing-grid-v1-314,synthetic,adversarial-design-search,deterministic-adversarial-v1,6,0.5,identity-a0-b0,frictionless,neutral_guarded,2470.3125,965.625,50.1562499999999999999999999999999999999999999999999999999999,0,141.666666666666666666666666666666666666666666666666666666667,epsilon-dca
hostile-adaptive-timing-grid-v1-314,synthetic,adversarial-design-search,deterministic-adversarial-v1,6,0.5,identity-a0-b0,frictionless,corrected_guarded,2602.32391597416582391513690743825474957116523078757129264863,1060.6267125900987009583699926619225298723162507764611512507,51.3899067794689040985588971592110739899616326670370047132644,0,141.666666666666666666666666666666666666666666666666666666667,epsilon-dca
hostile-adaptive-timing-grid-v1-314,synthetic,adversarial-design-search,deterministic-adversarial-v1,6,0.5,identity-a0-b0,proportional-10bps,dca,1798.2017982017982017982017982017982017982017982017982017982,0.000000000000000000000000000000000000000000000000000000001,59.94005994005994005994005994005994005994005994005994005994,5.994005994005994005994005994005994005994005994005994005994,,outside-current-safety-theorem
hostile-adaptive-timing-grid-v1-314,synthetic,adversarial-design-search,deterministic-adversarial-v1,6,0.5,identity-a0-b0,proportional-10bps,neutral_guarded,2468.82568449282984747520212055676591141126605662070197534732,965.620317182817182817182817182817182817182817182817182817181,50.106845577000422155267310112464957619802774647929493084338,5.02935033248469811906375342938779502216065652629089192525754,141.691641691641691641691641691641691641691641691641691641692,outside-current-safety-theorem
hostile-adaptive-timing-grid-v1-314,synthetic,adversarial-design-search,deterministic-adversarial-v1,6,0.5,identity-a0-b0,proportional-10bps,corrected_guarded,2600.79375713971887868908336456323239571684502218638913114524,1060.62116841930045551381400271699572847325109479756592404141,51.3390862906806141058423120615412222414531309129607735701276,4.93444438719350603844773825902398029123551339181062345250609,141.691641691641691641691641691641691641691641691641691641692,outside-current-safety-theorem
hostile-adaptive-timing-grid-v1-314,synthetic,adversarial-design-search,deterministic-adversarial-v1,6,0.5,identity-a0-b0,fixed-1-usd,dca,1798.2,0,59.94,6,,outside-current-safety-theorem
hostile-adaptive-timing-grid-v1-314,synthetic,adversarial-design-search,deterministic-adversarial-v1,6,0.5,identity-a0-b0,fixed-1-usd,neutral_guarded,2468.5453125,965.615625,50.0976562500000000000000000000000000000000000000000000000001,6,141.716666666666666666666666666666666666666666666666666666667,outside-current-safety-theorem
hostile-adaptive-timing-grid-v1-314,synthetic,adversarial-design-search,deterministic-adversarial-v1,6,0.5,identity-a0-b0,fixed-1-usd,corrected_guarded,2600.54396351022131725577460386487616296263784821063702937945,1060.61561316016061357836890079217907347138780850671290637769,51.330945011668690122580190102423236316375001323464137433392,6,141.716666666666666666666666666666666666666666666666666666667,outside-current-safety-theorem
hostile-adaptive-timing-grid-v1-416,synthetic,adversarial-design-search,deterministic-adversarial-v1,6,1,identity-a0-b0,frictionless,dca,2100,0,70.0000000000000000000000000000000000000000000000000000000001,0,,epsilon-dca
hostile-adaptive-timing-grid-v1-416,synthetic,adversarial-design-search,deterministic-adversarial-v1,6,1,identity-a0-b0,frictionless,neutral_guarded,2100,0,70.0000000000000000000000000000000000000000000000000000000001,0,1000,epsilon-dca
hostile-adaptive-timing-grid-v1-416,synthetic,adversarial-design-search,deterministic-adversarial-v1,6,1,identity-a0-b0,frictionless,corrected_guarded,2100,0,70.0000000000000000000000000000000000000000000000000000000001,0,1000,epsilon-dca
hostile-adaptive-timing-grid-v1-416,synthetic,adversarial-design-search,deterministic-adversarial-v1,6,1,identity-a0-b0,proportional-10bps,dca,2097.9020979020979020979020979020979020979020979020979020979,0.000000000000000000000000000000000000000000000000000000001,69.93006993006993006993006993006993006993006993006993006993,5.994005994005994005994005994005994005994005994005994005994,,outside-current-safety-theorem
hostile-adaptive-timing-grid-v1-416,synthetic,adversarial-design-search,deterministic-adversarial-v1,6,1,identity-a0-b0,proportional-10bps,neutral_guarded,2097.9020979020979020979020979020979020979020979020979020979,0.000000000000000000000000000000000000000000000000000000001,69.93006993006993006993006993006993006993006993006993006993,5.994005994005994005994005994005994005994005994005994005994,1000,outside-current-safety-theorem
hostile-adaptive-timing-grid-v1-416,synthetic,adversarial-design-search,deterministic-adversarial-v1,6,1,identity-a0-b0,proportional-10bps,corrected_guarded,2097.9020979020979020979020979020979020979020979020979020979,0.000000000000000000000000000000000000000000000000000000001,69.93006993006993006993006993006993006993006993006993006993,5.994005994005994005994005994005994005994005994005994005994,1000,outside-current-safety-theorem
hostile-adaptive-timing-grid-v1-416,synthetic,adversarial-design-search,deterministic-adversarial-v1,6,1,identity-a0-b0,fixed-1-usd,dca,2097.9,0,69.93,6,,outside-current-safety-theorem
hostile-adaptive-timing-grid-v1-416,synthetic,adversarial-design-search,deterministic-adversarial-v1,6,1,identity-a0-b0,fixed-1-usd,neutral_guarded,2097.9,0,69.93,6,1000,outside-current-safety-theorem
hostile-adaptive-timing-grid-v1-416,synthetic,adversarial-design-search,deterministic-adversarial-v1,6,1,identity-a0-b0,fixed-1-usd,corrected_guarded,2097.9,0,69.93,6,1000,outside-current-safety-theorem
hostile-adaptive-timing-grid-v1-416,synthetic,adversarial-design-search,deterministic-adversarial-v1,6,0.9,identity-a0-b0,frictionless,dca,2100,0,70.0000000000000000000000000000000000000000000000000000000001,0,,epsilon-dca
hostile-adaptive-timing-grid-v1-416,synthetic,adversarial-design-search,deterministic-adversarial-v1,6,0.9,identity-a0-b0,frictionless,neutral_guarded,2349.04444444444444444444444444444444444444444444444444444444,353.111111111111111111111111111111111111111111111111111111105,66.5311111111111111111111111111111111111111111111111111111112,0,758.9212962962962962962962962962962962962962962962962962963,epsilon-dca
hostile-adaptive-timing-grid-v1-416,synthetic,adversarial-design-search,deterministic-adversarial-v1,6,0.9,identity-a0-b0,frictionless,corrected_guarded,2427.20819406212828819528847376254889687709998474916343145984,424.597950004917191751127989373910758005437658260502965398853,66.7536748019070365481386828129546046290554108829553488686996,0,721.615358373925257521351138337053913680139608553148711571682,epsilon-dca
hostile-adaptive-timing-grid-v1-416,synthetic,adversarial-design-search,deterministic-adversarial-v1,6,0.9,identity-a0-b0,proportional-10bps,dca,2097.9020979020979020979020979020979020979020979020979020979,0.000000000000000000000000000000000000000000000000000000001,69.93006993006993006993006993006993006993006993006993006993,5.994005994005994005994005994005994005994005994005994005994,,outside-current-safety-theorem
hostile-adaptive-timing-grid-v1-416,synthetic,adversarial-design-search,deterministic-adversarial-v1,6,0.9,identity-a0-b0,proportional-10bps,neutral_guarded,2346.89920540764990020854978020202095282916333047486282396145,352.907403537791611466599282634618825879256492984914044621441,66.4663933956619429580650165855800708983302279163316259780003,5.64145114531689149703636435301236880531542807893614980557297,759.035826219070948173501184997814899431009059471384772749743,outside-current-safety-theorem
hostile-adaptive-timing-grid-v1-416,synthetic,adversarial-design-search,deterministic-adversarial-v1,6,0.9,identity-a0-b0,proportional-10bps,corrected_guarded,2424.96036301889052713951319073827041253904919006675968060926,424.281544939817812093922418275842048405486916621899150412114,66.6892939359690905015196924154142788044520757814953510065718,5.57014830675342875914693065107308486672778529808002082875913,721.777989021717250297558582727480619979028062671817256236807,outside-current-safety-theorem
hostile-adaptive-timing-grid-v1-416,synthetic,adversarial-design-search,deterministic-adversarial-v1,6,0.9,identity-a0-b0,fixed-1-usd,dca,2097.9,0,69.93,6,,outside-current-safety-theorem
hostile-adaptive-timing-grid-v1-416,synthetic,adversarial-design-search,deterministic-adversarial-v1,6,0.9,identity-a0-b0,fixed-1-usd,neutral_guarded,2346.7145111111111111111111111111111111111111111111111111111,352.79577777777777777777777777777777777777777777777777777777,66.4639577777777777777777777777777777777777777777777777777777,6,759.109990740740740740740740740740740740740740740740740740743,outside-current-safety-theorem
hostile-adaptive-timing-grid-v1-416,synthetic,adversarial-design-search,deterministic-adversarial-v1,6,0.9,identity-a0-b0,fixed-1-usd,corrected_guarded,2424.82242580807409204958233502494793092146069748275865460193,424.229816666604951394562348662919030501705259088797028559456,66.6864203047156380218339995454009633473251812797987208680824,6,721.82854930368559790804016861755810626931349452729978411103,outside-current-safety-theorem
hostile-adaptive-timing-grid-v1-416,synthetic,adversarial-design-search,deterministic-adversarial-v1,6,0.75,identity-a0-b0,frictionless,dca,2100,0,70.0000000000000000000000000000000000000000000000000000000001,0,,epsilon-dca
hostile-adaptive-timing-grid-v1-416,synthetic,adversarial-design-search,deterministic-adversarial-v1,6,0.75,identity-a0-b0,frictionless,neutral_guarded,2653.58333333333333333333333333333333333333333333333333333332,784.166666666666666666666666666666666666666666666666666666665,62.3138888888888888888888888888888888888888888888888888888888,0,430.173611111111111111111111111111111111111111111111111111112,epsilon-dca
hostile-adaptive-timing-grid-v1-416,synthetic,adversarial-design-search,deterministic-adversarial-v1,6,0.75,identity-a0-b0,frictionless,corrected_guarded,2721.06182804878012271135946272147202464907264152043940778237,781.096417269152624526466804815696489663011159080561767095329,64.6655136926542499394964219301925178328687160813292546895679,0,392.896755745363874782236277295221121341434542854044180082187,epsilon-dca
hostile-adaptive-timing-grid-v1-416,synthetic,adversarial-design-search,deterministic-adversarial-v1,6,0.75,identity-a0-b0,proportional-10bps,dca,2097.9020979020979020979020979020979020979020979020979020979,0.000000000000000000000000000000000000000000000000000000001,69.93006993006993006993006993006993006993006993006993006993,5.994005994005994005994005994005994005994005994005994005994,,outside-current-safety-theorem
hostile-adaptive-timing-grid-v1-416,synthetic,adversarial-design-search,deterministic-adversarial-v1,6,0.75,identity-a0-b0,proportional-10bps,neutral_guarded,2651.6119833665474233086831606145229095914843384785122556374,784.049298883380734030401229153708260198989432610140391053605,62.2520894827722229759427310486938216464164968622790621527934,5.21073996115546380216743133950678495484616440298687273621019,430.329302201376801979118621638816850077239915295843505374355,outside-current-safety-theorem
hostile-adaptive-timing-grid-v1-416,synthetic,adversarial-design-search,deterministic-adversarial-v1,6,0.75,identity-a0-b0,proportional-10bps,corrected_guarded,2719.06754585941992846340599211861162296237515807189008094479,781.011038055938720232942403805053663560471432197769465848981,64.6018835934493736076821196104519319800634575291373538365271,5.21377518675730397579126632986508125518434422357865188226876,393.001417521127965073966329566181078180346999180735162549945,outside-current-safety-theorem
hostile-adaptive-timing-grid-v1-416,synthetic,adversarial-design-search,deterministic-adversarial-v1,6,0.75,identity-a0-b0,fixed-1-usd,dca,2097.9,0,69.93,6,,outside-current-safety-theorem
hostile-adaptive-timing-grid-v1-416,synthetic,adversarial-design-search,deterministic-adversarial-v1,6,0.75,identity-a0-b0,fixed-1-usd,neutral_guarded,2651.30808333333333333333333333333333333333333333333333333334,783.949166666666666666666666666666666666666666666666666666665,62.2452972222222222222222222222222222222222222222222222222222,6,430.455069444444444444444444444444444444444444444444444444445,outside-current-safety-theorem
hostile-adaptive-timing-grid-v1-416,synthetic,adversarial-design-search,deterministic-adversarial-v1,6,0.75,identity-a0-b0,fixed-1-usd,corrected_guarded,2718.85706070643947759562401424408497552966013168198525308558,780.942623862401379558278766785224833603738660810346545008555,64.5971478948012699345781749152953380641973823623879569359006,6,393.101875419585704250610685596117615860164358930205388502185,outside-current-safety-theorem
hostile-adaptive-timing-grid-v1-416,synthetic,adversarial-design-search,deterministic-adversarial-v1,6,0.5,identity-a0-b0,frictionless,dca,2100,0,70.0000000000000000000000000000000000000000000000000000000001,0,,epsilon-dca
hostile-adaptive-timing-grid-v1-416,synthetic,adversarial-design-search,deterministic-adversarial-v1,6,0.5,identity-a0-b0,frictionless,neutral_guarded,2766.015625,955.46875,60.3515625,0,150,epsilon-dca
hostile-adaptive-timing-grid-v1-416,synthetic,adversarial-design-search,deterministic-adversarial-v1,6,0.5,identity-a0-b0,frictionless,corrected_guarded,2820.50443234892447126467657377885560668849216666210795235327,881.899730314549857788685901483415375897656944662785081610022,64.6201567344791537825330224098480076930278407333107623581083,0,157.5,epsilon-dca
hostile-adaptive-timing-grid-v1-416,synthetic,adversarial-design-search,deterministic-adversarial-v1,6,0.5,identity-a0-b0,proportional-10bps,dca,2097.9020979020979020979020979020979020979020979020979020979,0.000000000000000000000000000000000000000000000000000000001,69.93006993006993006993006993006993006993006993006993006993,5.994005994005994005994005994005994005994005994005994005994,,outside-current-safety-theorem
hostile-adaptive-timing-grid-v1-416,synthetic,adversarial-design-search,deterministic-adversarial-v1,6,0.5,identity-a0-b0,proportional-10bps,neutral_guarded,2764.16125628789369893420687781172451347431212720768320014229,955.44767264453827890391326954763518200081636645073208509772,60.2904527881118473343431202754696443824498586918983705014858,5.0395128145409208002957909395128519660331504830662017131891,150.087425062450037475012499987524962549937574912599887624862,outside-current-safety-theorem
hostile-adaptive-timing-grid-v1-416,synthetic,adversarial-design-search,deterministic-adversarial-v1,6,0.5,identity-a0-b0,proportional-10bps,corrected_guarded,2818.50710683407534274348883558936385927334880185301619977944,881.889075865992540446593830282367035687753266009368106338983,64.5539343656027600765631668435665607861865178614549364480155,5.11299792620779965989351265706057239192032640758304884481619,157.577437547467517497487527457557427587397617367647337677308,outside-current-safety-theorem
hostile-adaptive-timing-grid-v1-416,synthetic,adversarial-design-search,deterministic-adversarial-v1,6,0.5,identity-a0-b0,fixed-1-usd,dca,2097.9,0,69.93,6,,outside-current-safety-theorem
hostile-adaptive-timing-grid-v1-416,synthetic,adversarial-design-search,deterministic-adversarial-v1,6,0.5,identity-a0-b0,fixed-1-usd,neutral_guarded,2763.82578125,955.4234375,60.280078125,6,150.183333333333333333333333333333333333333333333333333333333,outside-current-safety-theorem
hostile-adaptive-timing-grid-v1-416,synthetic,adversarial-design-search,deterministic-adversarial-v1,6,0.5,identity-a0-b0,fixed-1-usd,corrected_guarded,2818.2858831856000325197034608089434166671911828331763154679,881.87366750183655897841951374272749456168875819113784636743,64.5470738561254491180427982355405307368500808214012823033489,6,157.678333333333333333333333333333333333333333333333333333333,outside-current-safety-theorem
hostile-adaptive-timing-grid-v1-417,synthetic,adversarial-design-search,deterministic-adversarial-v1,6,1,identity-a0-b0,frictionless,dca,2000,0,66.6666666666666666666666666666666666666666666666666666666668,0,,epsilon-dca
hostile-adaptive-timing-grid-v1-417,synthetic,adversarial-design-search,deterministic-adversarial-v1,6,1,identity-a0-b0,frictionless,neutral_guarded,2000,0,66.6666666666666666666666666666666666666666666666666666666668,0,1000,epsilon-dca
hostile-adaptive-timing-grid-v1-417,synthetic,adversarial-design-search,deterministic-adversarial-v1,6,1,identity-a0-b0,frictionless,corrected_guarded,2000,0,66.6666666666666666666666666666666666666666666666666666666668,0,1000,epsilon-dca
hostile-adaptive-timing-grid-v1-417,synthetic,adversarial-design-search,deterministic-adversarial-v1,6,1,identity-a0-b0,proportional-10bps,dca,1998.001998001998001998001998001998001998001998001998001998,0.000000000000000000000000000000000000000000000000000000001,66.6000666000666000666000666000666000666000666000666000666,5.994005994005994005994005994005994005994005994005994005994,,outside-current-safety-theorem
hostile-adaptive-timing-grid-v1-417,synthetic,adversarial-design-search,deterministic-adversarial-v1,6,1,identity-a0-b0,proportional-10bps,neutral_guarded,1998.001998001998001998001998001998001998001998001998001998,0.000000000000000000000000000000000000000000000000000000001,66.6000666000666000666000666000666000666000666000666000666,5.994005994005994005994005994005994005994005994005994005994,1000,outside-current-safety-theorem
hostile-adaptive-timing-grid-v1-417,synthetic,adversarial-design-search,deterministic-adversarial-v1,6,1,identity-a0-b0,proportional-10bps,corrected_guarded,1998.001998001998001998001998001998001998001998001998001998,0.000000000000000000000000000000000000000000000000000000001,66.6000666000666000666000666000666000666000666000666000666,5.994005994005994005994005994005994005994005994005994005994,1000,outside-current-safety-theorem
hostile-adaptive-timing-grid-v1-417,synthetic,adversarial-design-search,deterministic-adversarial-v1,6,1,identity-a0-b0,fixed-1-usd,dca,1998,0,66.6,6,,outside-current-safety-theorem
hostile-adaptive-timing-grid-v1-417,synthetic,adversarial-design-search,deterministic-adversarial-v1,6,1,identity-a0-b0,fixed-1-usd,neutral_guarded,1998,0,66.6,6,1000,outside-current-safety-theorem
hostile-adaptive-timing-grid-v1-417,synthetic,adversarial-design-search,deterministic-adversarial-v1,6,1,identity-a0-b0,fixed-1-usd,corrected_guarded,1998,0,66.6,6,1000,outside-current-safety-theorem
hostile-adaptive-timing-grid-v1-417,synthetic,adversarial-design-search,deterministic-adversarial-v1,6,0.9,identity-a0-b0,frictionless,dca,2000,0,66.6666666666666666666666666666666666666666666666666666666668,0,,epsilon-dca
hostile-adaptive-timing-grid-v1-417,synthetic,adversarial-design-search,deterministic-adversarial-v1,6,0.9,identity-a0-b0,frictionless,neutral_guarded,2337.4,447.833333333333333333333333333333333333333333333333333333325,62.9855555555555555555555555555555555555555555555555555555556,0,727.347222222222222222222222222222222222222222222222222222227,epsilon-dca
hostile-adaptive-timing-grid-v1-417,synthetic,adversarial-design-search,deterministic-adversarial-v1,6,0.9,identity-a0-b0,frictionless,corrected_guarded,2542.38014319983274897144595472546814640923436707419152193938,664.100103619727836835306660826155393685399413382892931128304,62.6093346526701637378713097966437584241278317897099530270361,0,679.026213153153332362849995061495924281207036005924039419197,epsilon-dca
hostile-adaptive-timing-grid-v1-417,synthetic,adversarial-design-search,deterministic-adversarial-v1,6,0.9,identity-a0-b0,proportional-10bps,dca,1998.001998001998001998001998001998001998001998001998001998,0.000000000000000000000000000000000000000000000000000000001,66.6000666000666000666000666000666000666000666000666000666,5.994005994005994005994005994005994005994005994005994005994,,outside-current-safety-theorem
hostile-adaptive-timing-grid-v1-417,synthetic,adversarial-design-search,deterministic-adversarial-v1,6,0.9,identity-a0-b0,proportional-10bps,neutral_guarded,2335.28733116077342590778111458354542660815495187945199219517,447.55124553001127039381867812118658677908685295534298872144,62.9245361876920718504654145487452946609689366308036334491244,5.5469018526173713582479333884903230901307823646799770342443,727.487878888331061864428053168958979131065606147908458049743,outside-current-safety-theorem
hostile-adaptive-timing-grid-v1-417,synthetic,adversarial-design-search,deterministic-adversarial-v1,6,0.9,identity-a0-b0,proportional-10bps,corrected_guarded,2540.05895623902629377850315633760445706542122399618095590092,663.565283106902372949405829690830377993981305276036779214616,62.5497891044041306943032442215591359690479972906714725562099,5.33110361327981780924135281749167794406195673798597724354185,679.231160982613216763926494732288597498941749631395245354425,outside-current-safety-theorem
hostile-adaptive-timing-grid-v1-417,synthetic,adversarial-design-search,deterministic-adversarial-v1,6,0.9,identity-a0-b0,fixed-1-usd,dca,1998,0,66.6,6,,outside-current-safety-theorem
hostile-adaptive-timing-grid-v1-417,synthetic,adversarial-design-search,deterministic-adversarial-v1,6,0.9,identity-a0-b0,fixed-1-usd,neutral_guarded,2335.06459999999999999999999999999999999999999999999999999998,447.403833333333333333333333333333333333333333333333333333323,62.9220255555555555555555555555555555555555555555555555555555,6,727.573972222222222222222222222222222222222222222222222222227,outside-current-safety-theorem
hostile-adaptive-timing-grid-v1-417,synthetic,adversarial-design-search,deterministic-adversarial-v1,6,0.9,identity-a0-b0,fixed-1-usd,corrected_guarded,2539.87840799186052719733565845214116675562080571601399086562,663.490253765306688593215588058604887172487094424078084874159,62.5462718075517946201373356797845426527711237097311968663819,6,679.28535301036774323539789581367961962699145055811836753374,outside-current-safety-theorem
hostile-adaptive-timing-grid-v1-417,synthetic,adversarial-design-search,deterministic-adversarial-v1,6,0.75,identity-a0-b0,frictionless,dca,2000,0,66.6666666666666666666666666666666666666666666666666666666668,0,,epsilon-dca
hostile-adaptive-timing-grid-v1-417,synthetic,adversarial-design-search,deterministic-adversarial-v1,6,0.75,identity-a0-b0,frictionless,neutral_guarded,2575.16666666666666666666666666666666666666666666666666666666,784.166666666666666666666666666666666666666666666666666666665,59.7,0,430.173611111111111111111111111111111111111111111111111111112,epsilon-dca
hostile-adaptive-timing-grid-v1-417,synthetic,adversarial-design-search,deterministic-adversarial-v1,6,0.75,identity-a0-b0,frictionless,corrected_guarded,2767.867037345653295080561483993418869838770992408677442086,925.919347143356466325561988979231419977300416350591005017913,61.3982563400765609584999831671395816620490192019362145689362,0,392.896755745363874782236277295221121341434542854044180082187,epsilon-dca
hostile-adaptive-timing-grid-v1-417,synthetic,adversarial-design-search,deterministic-adversarial-v1,6,0.75,identity-a0-b0,proportional-10bps,dca,1998.001998001998001998001998001998001998001998001998001998,0.000000000000000000000000000000000000000000000000000000001,66.6000666000666000666000666000666000666000666000666000666,5.994005994005994005994005994005994005994005994005994005994,,outside-current-safety-theorem
hostile-adaptive-timing-grid-v1-417,synthetic,adversarial-design-search,deterministic-adversarial-v1,6,0.75,identity-a0-b0,proportional-10bps,neutral_guarded,2573.28538008149440292602569516460200447670017937660012865902,784.049298883380734030401229153708260198989432610140391053605,59.6412027066037889631874822003631248092570248922153245868473,5.21073996115546380216743133950678495484616440298687273621019,430.329302201376801979118621638816850077239915295843505374355,outside-current-safety-theorem
hostile-adaptive-timing-grid-v1-417,synthetic,adversarial-design-search,deterministic-adversarial-v1,6,0.75,identity-a0-b0,proportional-10bps,corrected_guarded,2765.96554812231393027346077963560624337870349000599328631865,925.818137787365538853040987587024140664806484868490870717362,61.3382470111649463806806597349527367571299001712500805200431,5.06911274946317128985710191050247338594924427086064848080184,393.001417521127965073966329566181078180346999180735162549945,outside-current-safety-theorem
hostile-adaptive-timing-grid-v1-417,synthetic,adversarial-design-search,deterministic-adversarial-v1,6,0.75,identity-a0-b0,fixed-1-usd,dca,1998,0,66.6,6,,outside-current-safety-theorem
hostile-adaptive-timing-grid-v1-417,synthetic,adversarial-design-search,deterministic-adversarial-v1,6,0.75,identity-a0-b0,fixed-1-usd,neutral_guarded,2573.01316666666666666666666666666666666666666666666666666666,783.949166666666666666666666666666666666666666666666666666665,59.6354666666666666666666666666666666666666666666666666666666,6,430.455069444444444444444444444444444444444444444444444444445,outside-current-safety-theorem
hostile-adaptive-timing-grid-v1-417,synthetic,adversarial-design-search,deterministic-adversarial-v1,6,0.75,identity-a0-b0,fixed-1-usd,corrected_guarded,2765.75305432592337480119174119994035304494528154642911559629,925.737038931942667613766102762950569875252429318981695800969,61.3338671797993569062475212812329927723230950742482473265106,6,393.101875419585704250610685596117615860164358930205388502185,outside-current-safety-theorem
hostile-adaptive-timing-grid-v1-417,synthetic,adversarial-design-search,deterministic-adversarial-v1,6,0.5,identity-a0-b0,frictionless,dca,2000,0,66.6666666666666666666666666666666666666666666666666666666668,0,,epsilon-dca
hostile-adaptive-timing-grid-v1-417,synthetic,adversarial-design-search,deterministic-adversarial-v1,6,0.5,identity-a0-b0,frictionless,neutral_guarded,2670.46875,955.46875,57.1666666666666666666666666666666666666666666666666666666667,0,150,epsilon-dca
hostile-adaptive-timing-grid-v1-417,synthetic,adversarial-design-search,deterministic-adversarial-v1,6,0.5,identity-a0-b0,frictionless,corrected_guarded,2873.35002291063995675564004392178132084534941162614901391325,1045.41258221822645705079001373587379238380367208017620955756,60.9312480230804499901616676728635842820515246515324268118564,0,157.5,epsilon-dca
hostile-adaptive-timing-grid-v1-417,synthetic,adversarial-design-search,deterministic-adversarial-v1,6,0.5,identity-a0-b0,proportional-10bps,dca,1998.001998001998001998001998001998001998001998001998001998,0.000000000000000000000000000000000000000000000000000000001,66.6000666000666000666000666000666000666000666000666000666,5.994005994005994005994005994005994005994005994005994005994,,outside-current-safety-theorem
hostile-adaptive-timing-grid-v1-417,synthetic,adversarial-design-search,deterministic-adversarial-v1,6,0.5,identity-a0-b0,proportional-10bps,neutral_guarded,2668.7119383413863783643853723624103094782265761137039708618,955.44767264453827890391326954763518200081636645073208509772,57.1088088565616033153490700938258375825803403220990628588028,5.0395128145409208002957909395128519660331504830662017131891,150.087425062450037475012499987524962549937574912599887624862,outside-current-safety-theorem
hostile-adaptive-timing-grid-v1-417,synthetic,adversarial-design-search,deterministic-adversarial-v1,6,0.5,identity-a0-b0,proportional-10bps,corrected_guarded,2871.4626143241276854897019833585264503300115014485323805843,1045.39995233050164319835509414068027959692439203661486286662,60.8687553997875347430448963072615390244362369803972505905893,4.94965039727222613067097393192739232807500060735602910802534,157.577437547467517497487527457557427587397617367647337677308,outside-current-safety-theorem
hostile-adaptive-timing-grid-v1-417,synthetic,adversarial-design-search,deterministic-adversarial-v1,6,0.5,identity-a0-b0,fixed-1-usd,dca,1998,0,66.6,6,,outside-current-safety-theorem
hostile-adaptive-timing-grid-v1-417,synthetic,adversarial-design-search,deterministic-adversarial-v1,6,0.5,identity-a0-b0,fixed-1-usd,neutral_guarded,2668.3834375,955.4234375,57.0986666666666666666666666666666666666666666666666666666667,6,150.183333333333333333333333333333333333333333333333333333333,outside-current-safety-theorem
hostile-adaptive-timing-grid-v1-417,synthetic,adversarial-design-search,deterministic-adversarial-v1,6,0.5,identity-a0-b0,fixed-1-usd,corrected_guarded,2871.22991199978097412946351635869241999930971493219543373974,1045.38168710464164885873755978186643310099685030545813290004,60.8616074965046441756908652192275328966104288208912433613233,6,157.678333333333333333333333333333333333333333333333333333333,outside-current-safety-theorem
hostile-adaptive-timing-grid-v1-425,synthetic,adversarial-design-search,deterministic-adversarial-v1,6,1,identity-a0-b0,frictionless,dca,2000,0,66.6666666666666666666666666666666666666666666666666666666668,0,,epsilon-dca
hostile-adaptive-timing-grid-v1-425,synthetic,adversarial-design-search,deterministic-adversarial-v1,6,1,identity-a0-b0,frictionless,neutral_guarded,2000,0,66.6666666666666666666666666666666666666666666666666666666668,0,1000,epsilon-dca
hostile-adaptive-timing-grid-v1-425,synthetic,adversarial-design-search,deterministic-adversarial-v1,6,1,identity-a0-b0,frictionless,corrected_guarded,2000,0,66.6666666666666666666666666666666666666666666666666666666668,0,1000,epsilon-dca
hostile-adaptive-timing-grid-v1-425,synthetic,adversarial-design-search,deterministic-adversarial-v1,6,1,identity-a0-b0,proportional-10bps,dca,1998.001998001998001998001998001998001998001998001998001998,0.000000000000000000000000000000000000000000000000000000001,66.6000666000666000666000666000666000666000666000666000666,5.994005994005994005994005994005994005994005994005994005994,,outside-current-safety-theorem
hostile-adaptive-timing-grid-v1-425,synthetic,adversarial-design-search,deterministic-adversarial-v1,6,1,identity-a0-b0,proportional-10bps,neutral_guarded,1998.001998001998001998001998001998001998001998001998001998,0.000000000000000000000000000000000000000000000000000000001,66.6000666000666000666000666000666000666000666000666000666,5.994005994005994005994005994005994005994005994005994005994,1000,outside-current-safety-theorem
hostile-adaptive-timing-grid-v1-425,synthetic,adversarial-design-search,deterministic-adversarial-v1,6,1,identity-a0-b0,proportional-10bps,corrected_guarded,1998.001998001998001998001998001998001998001998001998001998,0.000000000000000000000000000000000000000000000000000000001,66.6000666000666000666000666000666000666000666000666000666,5.994005994005994005994005994005994005994005994005994005994,1000,outside-current-safety-theorem
hostile-adaptive-timing-grid-v1-425,synthetic,adversarial-design-search,deterministic-adversarial-v1,6,1,identity-a0-b0,fixed-1-usd,dca,1998,0,66.6,6,,outside-current-safety-theorem
hostile-adaptive-timing-grid-v1-425,synthetic,adversarial-design-search,deterministic-adversarial-v1,6,1,identity-a0-b0,fixed-1-usd,neutral_guarded,1998,0,66.6,6,1000,outside-current-safety-theorem
hostile-adaptive-timing-grid-v1-425,synthetic,adversarial-design-search,deterministic-adversarial-v1,6,1,identity-a0-b0,fixed-1-usd,corrected_guarded,1998,0,66.6,6,1000,outside-current-safety-theorem
hostile-adaptive-timing-grid-v1-425,synthetic,adversarial-design-search,deterministic-adversarial-v1,6,0.9,identity-a0-b0,frictionless,dca,2000,0,66.6666666666666666666666666666666666666666666666666666666668,0,,epsilon-dca
hostile-adaptive-timing-grid-v1-425,synthetic,adversarial-design-search,deterministic-adversarial-v1,6,0.9,identity-a0-b0,frictionless,neutral_guarded,2285.71249999999999999999999999999999999999999999999999999999,373.62499999999999999999999999999999999999999999999999999999,63.73625,0,740.578125000000000000000000000000000000000000000000000000005,epsilon-dca
hostile-adaptive-timing-grid-v1-425,synthetic,adversarial-design-search,deterministic-adversarial-v1,6,0.9,identity-a0-b0,frictionless,corrected_guarded,2422.09941131563630654862297485234740108855954166397302122548,483.139182983748373001020054470948634265737446640115816008491,64.6320076110629311182534306793799588940940698341285735072329,0,683.16200187790769211231472082097219378755113956539559139245,epsilon-dca
hostile-adaptive-timing-grid-v1-425,synthetic,adversarial-design-search,deterministic-adversarial-v1,6,0.9,identity-a0-b0,proportional-10bps,dca,1998.001998001998001998001998001998001998001998001998001998,0.000000000000000000000000000000000000000000000000000000001,66.6000666000666000666000666000666000666000666000666000666,5.994005994005994005994005994005994005994005994005994005994,,outside-current-safety-theorem
hostile-adaptive-timing-grid-v1-425,synthetic,adversarial-design-search,deterministic-adversarial-v1,6,0.9,identity-a0-b0,proportional-10bps,neutral_guarded,2283.59766614643732700471648556949964565422452912066169853189,373.37434531794804296184566543486249438168307663482595853324,63.6741106942829761347623606711545717090847150828611913332883,5.62100465003201993710105328128385365196635057279238165980694,740.718346609310145128412044337959192432586682473585147675247,outside-current-safety-theorem
hostile-adaptive-timing-grid-v1-425,synthetic,adversarial-design-search,deterministic-adversarial-v1,6,0.9,identity-a0-b0,proportional-10bps,corrected_guarded,2419.76985155943278975558885227025209794138232881492079762937,482.686738203925411330585429775879766473621019363075309438938,64.5694371118502459475001140831457443822587103150615162730143,5.51180146033573884981959497524887136216421476587105363692414,683.385297865084771248313150843852798150489931260690969580372,outside-current-safety-theorem
hostile-adaptive-timing-grid-v1-425,synthetic,adversarial-design-search,deterministic-adversarial-v1,6,0.9,identity-a0-b0,fixed-1-usd,dca,1998,0,66.6,6,,outside-current-safety-theorem
hostile-adaptive-timing-grid-v1-425,synthetic,adversarial-design-search,deterministic-adversarial-v1,6,0.9,identity-a0-b0,fixed-1-usd,neutral_guarded,2283.43389166666666666666666666666666666666666666666666666666,373.279916666666666666666666666666666666666666666666666666665,63.6717991666666666666666666666666666666666666666666666666666,6,740.792434027777777777777777777777777777777777777777777777778,outside-current-safety-theorem
hostile-adaptive-timing-grid-v1-425,synthetic,adversarial-design-search,deterministic-adversarial-v1,6,0.9,identity-a0-b0,fixed-1-usd,corrected_guarded,2419.7207289799289982634141282978308204097112627486238945876,482.713061481992531836224412872044632375159528587469306139688,64.5669222499312155475729905141928729344850578053718196149303,6,683.414900777569578606205679078146566151401333430901822869543,outside-current-safety-theorem
hostile-adaptive-timing-grid-v1-425,synthetic,adversarial-design-search,deterministic-adversarial-v1,6,0.75,identity-a0-b0,frictionless,dca,2000,0,66.6666666666666666666666666666666666666666666666666666666668,0,,epsilon-dca
hostile-adaptive-timing-grid-v1-425,synthetic,adversarial-design-search,deterministic-adversarial-v1,6,0.75,identity-a0-b0,frictionless,neutral_guarded,2613.3828125,799.296875,60.46953125,0,402.291666666666666666666666666666666666666666666666666666668,epsilon-dca
hostile-adaptive-timing-grid-v1-425,synthetic,adversarial-design-search,deterministic-adversarial-v1,6,0.75,identity-a0-b0,frictionless,corrected_guarded,2677.892008550983540361437108279344359926662043941225649857,755.201605811591594345246793547728576204564204577814804937642,64.0896800913130648672063438243871927907365946454470281639785,0,396.039216248413416802054974531945319208870444424714392212093,epsilon-dca
hostile-adaptive-timing-grid-v1-425,synthetic,adversarial-design-search,deterministic-adversarial-v1,6,0.75,identity-a0-b0,proportional-10bps,dca,1998.001998001998001998001998001998001998001998001998001998,0.000000000000000000000000000000000000000000000000000000001,66.6000666000666000666000666000666000666000666000666000666,5.994005994005994005994005994005994005994005994005994005994,,outside-current-safety-theorem
hostile-adaptive-timing-grid-v1-425,synthetic,adversarial-design-search,deterministic-adversarial-v1,6,0.75,identity-a0-b0,proportional-10bps,neutral_guarded,2611.53128266409456896767313099756356324439115250226691756666,799.217655935476857062763663655279531910393556240217071892891,60.4104542242872570634969822447428010444665865420683281891256,5.19558675730721592701022611023448598210749894481496796014696,402.381166122419873663634897406121187334978538779732590916412,outside-current-safety-theorem
hostile-adaptive-timing-grid-v1-425,synthetic,adversarial-design-search,deterministic-adversarial-v1,6,0.75,identity-a0-b0,proportional-10bps,corrected_guarded,2675.92100364597266780723825257454397267222501459804024705525,755.128368318923748086813895661082659379874859679635396504902,64.0264211775682973240141452304487104430783384972801616850117,5.23963199968139485705612997436455278783229284747289171178332,396.139548825019558720943877313926471459703539313066322661978,outside-current-safety-theorem
hostile-adaptive-timing-grid-v1-425,synthetic,adversarial-design-search,deterministic-adversarial-v1,6,0.75,identity-a0-b0,fixed-1-usd,dca,1998,0,66.6,6,,outside-current-safety-theorem
hostile-adaptive-timing-grid-v1-425,synthetic,adversarial-design-search,deterministic-adversarial-v1,6,0.75,identity-a0-b0,fixed-1-usd,neutral_guarded,2611.304390625,799.13234375,60.4057348958333333333333333333333333333333333333333333333333,6,402.477916666666666666666666666666666666666666666666666666667,outside-current-safety-theorem
hostile-adaptive-timing-grid-v1-425,synthetic,adversarial-design-search,deterministic-adversarial-v1,6,0.75,identity-a0-b0,fixed-1-usd,corrected_guarded,2675.79969251349653414514141194263966562616446973128748964111,755.072853923686655335591669005788801251804133327960960414672,64.0242279529936626269849914312283621458120112134442176408814,6,396.233089010223454399523115021457066627612702360813822823333,outside-current-safety-theorem
hostile-adaptive-timing-grid-v1-425,synthetic,adversarial-design-search,deterministic-adversarial-v1,6,0.5,identity-a0-b0,frictionless,dca,2000,0,66.6666666666666666666666666666666666666666666666666666666668,0,,epsilon-dca
hostile-adaptive-timing-grid-v1-425,synthetic,adversarial-design-search,deterministic-adversarial-v1,6,0.5,identity-a0-b0,frictionless,neutral_guarded,2683.828125,955.46875,57.6119791666666666666666666666666666666666666666666666666667,0,150,epsilon-dca
hostile-adaptive-timing-grid-v1-425,synthetic,adversarial-design-search,deterministic-adversarial-v1,6,0.5,identity-a0-b0,frictionless,corrected_guarded,2770.81812511192293076023581968468610862850138095160393778483,853.650837510983973198023105732047383426315631512379694912012,63.9055762533646319187404237984212908400728583146408080957607,0,157.5,epsilon-dca
hostile-adaptive-timing-grid-v1-425,synthetic,adversarial-design-search,deterministic-adversarial-v1,6,0.5,identity-a0-b0,proportional-10bps,dca,1998.001998001998001998001998001998001998001998001998001998,0.000000000000000000000000000000000000000000000000000000001,66.6000666000666000666000666000666000666000666000666000666,5.994005994005994005994005994005994005994005994005994005994,,outside-current-safety-theorem
hostile-adaptive-timing-grid-v1-425,synthetic,adversarial-design-search,deterministic-adversarial-v1,6,0.5,identity-a0-b0,proportional-10bps,neutral_guarded,2682.06428420216411695462115571476739778967022253206598332003,955.44767264453827890391326954763518200081636645073208509772,57.5538870519208612683569295389044071929617952027111299407436,5.0395128145409208002957909395128519660331504830662017131891,150.087425062450037475012499987524962549937574912599887624862,outside-current-safety-theorem
hostile-adaptive-timing-grid-v1-425,synthetic,adversarial-design-search,deterministic-adversarial-v1,6,0.5,identity-a0-b0,proportional-10bps,corrected_guarded,2768.84410359842691911972838233110244508638780813145667750178,853.639341565068769951848701727292106843457276639023350633371,63.8401587344452716389293226867936779414310177164144442289471,5.14121943899593529475339790037233555759894377958139525411251,157.577437547467517497487527457557427587397617367647337677308,outside-current-safety-theorem
hostile-adaptive-timing-grid-v1-425,synthetic,adversarial-design-search,deterministic-adversarial-v1,6,0.5,identity-a0-b0,fixed-1-usd,dca,1998,0,66.6,6,,outside-current-safety-theorem
hostile-adaptive-timing-grid-v1-425,synthetic,adversarial-design-search,deterministic-adversarial-v1,6,0.5,identity-a0-b0,fixed-1-usd,neutral_guarded,2681.75640625,955.4234375,57.5444322916666666666666666666666666666666666666666666666667,6,150.183333333333333333333333333333333333333333333333333333333,outside-current-safety-theorem
hostile-adaptive-timing-grid-v1-425,synthetic,adversarial-design-search,deterministic-adversarial-v1,6,0.5,identity-a0-b0,fixed-1-usd,corrected_guarded,2768.70420104061019221471082591962124239175395357479219588476,853.622716235280372217506312339044831924907905192496984272895,63.836049493510993999906817119352547015561534946076507053729,6,157.678333333333333333333333333333333333333333333333333333333,outside-current-safety-theorem
hostile-adaptive-timing-grid-v1-426,synthetic,adversarial-design-search,deterministic-adversarial-v1,6,1,identity-a0-b0,frictionless,dca,1900,0,63.3333333333333333333333333333333333333333333333333333333335,0,,epsilon-dca
hostile-adaptive-timing-grid-v1-426,synthetic,adversarial-design-search,deterministic-adversarial-v1,6,1,identity-a0-b0,frictionless,neutral_guarded,1900,0,63.3333333333333333333333333333333333333333333333333333333335,0,1000,epsilon-dca
hostile-adaptive-timing-grid-v1-426,synthetic,adversarial-design-search,deterministic-adversarial-v1,6,1,identity-a0-b0,frictionless,corrected_guarded,1900,0,63.3333333333333333333333333333333333333333333333333333333335,0,1000,epsilon-dca
hostile-adaptive-timing-grid-v1-426,synthetic,adversarial-design-search,deterministic-adversarial-v1,6,1,identity-a0-b0,proportional-10bps,dca,1898.1018981018981018981018981018981018981018981018981018981,0.000000000000000000000000000000000000000000000000000000001,63.27006327006327006327006327006327006327006327006327006327,5.994005994005994005994005994005994005994005994005994005994,,outside-current-safety-theorem
hostile-adaptive-timing-grid-v1-426,synthetic,adversarial-design-search,deterministic-adversarial-v1,6,1,identity-a0-b0,proportional-10bps,neutral_guarded,1898.1018981018981018981018981018981018981018981018981018981,0.000000000000000000000000000000000000000000000000000000001,63.27006327006327006327006327006327006327006327006327006327,5.994005994005994005994005994005994005994005994005994005994,1000,outside-current-safety-theorem
hostile-adaptive-timing-grid-v1-426,synthetic,adversarial-design-search,deterministic-adversarial-v1,6,1,identity-a0-b0,proportional-10bps,corrected_guarded,1898.1018981018981018981018981018981018981018981018981018981,0.000000000000000000000000000000000000000000000000000000001,63.27006327006327006327006327006327006327006327006327006327,5.994005994005994005994005994005994005994005994005994005994,1000,outside-current-safety-theorem
hostile-adaptive-timing-grid-v1-426,synthetic,adversarial-design-search,deterministic-adversarial-v1,6,1,identity-a0-b0,fixed-1-usd,dca,1898.1,0,63.27,6,,outside-current-safety-theorem
hostile-adaptive-timing-grid-v1-426,synthetic,adversarial-design-search,deterministic-adversarial-v1,6,1,identity-a0-b0,fixed-1-usd,neutral_guarded,1898.1,0,63.27,6,1000,outside-current-safety-theorem
hostile-adaptive-timing-grid-v1-426,synthetic,adversarial-design-search,deterministic-adversarial-v1,6,1,identity-a0-b0,fixed-1-usd,corrected_guarded,1898.1,0,63.27,6,1000,outside-current-safety-theorem
hostile-adaptive-timing-grid-v1-426,synthetic,adversarial-design-search,deterministic-adversarial-v1,6,0.9,identity-a0-b0,frictionless,dca,1900,0,63.3333333333333333333333333333333333333333333333333333333335,0,,epsilon-dca
hostile-adaptive-timing-grid-v1-426,synthetic,adversarial-design-search,deterministic-adversarial-v1,6,0.9,identity-a0-b0,frictionless,neutral_guarded,2279.70937499999999999999999999999999999999999999999999999999,474.757812499999999999999999999999999999999999999999999999987,60.1650520833333333333333333333333333333333333333333333333334,0,706.867187500000000000000000000000000000000000000000000000007,epsilon-dca
hostile-adaptive-timing-grid-v1-426,synthetic,adversarial-design-search,deterministic-adversarial-v1,6,0.9,identity-a0-b0,frictionless,corrected_guarded,2554.18467139920063907814905754762716962498880927679838186762,739.339882747569354038096886028202485884768954651157624827708,60.4948262883877095013350723839808227913406618208546919013304,0,638.903295849802456916312927893099320757792405474191672490942,epsilon-dca
hostile-adaptive-timing-grid-v1-426,synthetic,adversarial-design-search,deterministic-adversarial-v1,6,0.9,identity-a0-b0,proportional-10bps,dca,1898.1018981018981018981018981018981018981018981018981018981,0.000000000000000000000000000000000000000000000000000000001,63.27006327006327006327006327006327006327006327006327006327,5.994005994005994005994005994005994005994005994005994005994,,outside-current-safety-theorem
hostile-adaptive-timing-grid-v1-426,synthetic,adversarial-design-search,deterministic-adversarial-v1,6,0.9,identity-a0-b0,proportional-10bps,neutral_guarded,2277.60780919989397145603858068086966892627934030967309344252,474.408140262415074928505102362395918805908866529649440763768,60.1066556312492965509177826106157916706790157926674550892917,5.52007178794963528978171318445315093026382730616418637286335,707.04041496115446780619223202878138429117808584197732026507,outside-current-safety-theorem
hostile-adaptive-timing-grid-v1-426,synthetic,adversarial-design-search,deterministic-adversarial-v1,6,0.9,identity-a0-b0,proportional-10bps,corrected_guarded,2552.25505913100474287436875848661683431111455349998313746279,739.275634142205803071840728518990426712746804315768809323772,60.4326474996266313267509343322542135866122583061404776046341,5.25546889696083336356459467680420536791933386182240878189433,638.996441092194150571705315015744845304955288264363441539052,outside-current-safety-theorem
hostile-adaptive-timing-grid-v1-426,synthetic,adversarial-design-search,deterministic-adversarial-v1,6,0.9,identity-a0-b0,fixed-1-usd,dca,1898.1,0,63.27,6,,outside-current-safety-theorem
hostile-adaptive-timing-grid-v1-426,synthetic,adversarial-design-search,deterministic-adversarial-v1,6,0.9,identity-a0-b0,fixed-1-usd,neutral_guarded,2277.41711875,474.289265624999999999999999999999999999999999999999999999997,60.1042617708333333333333333333333333333333333333333333333333,6,707.122651041666666666666666666666666666666666666666666666667,outside-current-safety-theorem
hostile-adaptive-timing-grid-v1-426,synthetic,adversarial-design-search,deterministic-adversarial-v1,6,0.9,identity-a0-b0,fixed-1-usd,corrected_guarded,2552.13937546252677276762729188864648153128014688610704782454,739.237854407782292295208852095664593787803837612776412154099,60.4300507018248160157472813264327295914492103091110211890148,6,639.044958513033114627464874667893935045241358382494597160743,outside-current-safety-theorem
hostile-adaptive-timing-grid-v1-426,synthetic,adversarial-design-search,deterministic-adversarial-v1,6,0.75,identity-a0-b0,frictionless,dca,1900,0,63.3333333333333333333333333333333333333333333333333333333335,0,,epsilon-dca
hostile-adaptive-timing-grid-v1-426,synthetic,adversarial-design-search,deterministic-adversarial-v1,6,0.75,identity-a0-b0,frictionless,neutral_guarded,2533.453125,799.296875,57.8052083333333333333333333333333333333333333333333333333333,0,402.291666666666666666666666666666666666666666666666666666668,epsilon-dca
hostile-adaptive-timing-grid-v1-426,synthetic,adversarial-design-search,deterministic-adversarial-v1,6,0.75,identity-a0-b0,frictionless,corrected_guarded,2723.27855092656256992107100375536495651389861210600584831922,902.439231288376833934781431036752615030113822312595358565057,60.6946439879395245328763190906204113827928263264470163251385,0,396.039216248413416802054974531945319208870444424714392212093,epsilon-dca
hostile-adaptive-timing-grid-v1-426,synthetic,adversarial-design-search,deterministic-adversarial-v1,6,0.75,identity-a0-b0,proportional-10bps,dca,1898.1018981018981018981018981018981018981018981018981018981,0.000000000000000000000000000000000000000000000000000000001,63.27006327006327006327006327006327006327006327006327006327,5.994005994005994005994005994005994005994005994005994005994,,outside-current-safety-theorem
hostile-adaptive-timing-grid-v1-426,synthetic,adversarial-design-search,deterministic-adversarial-v1,6,0.75,identity-a0-b0,proportional-10bps,neutral_guarded,2531.68935899421676106929514262041276085574044758316431298196,799.217655935476857062763663655279531910393556240217071892891,57.7490567686246634668843826321711076315115630447649080363022,5.19558675730721592701022611023448598210749894481496796014696,402.381166122419873663634897406121187334978538779732590916412,outside-current-safety-theorem
hostile-adaptive-timing-grid-v1-426,synthetic,adversarial-design-search,deterministic-adversarial-v1,6,0.75,identity-a0-b0,proportional-10bps,corrected_guarded,2721.40488401879005671426837099332430417392656575131309047625,902.351715072738452330486151022851199123155449475745611184469,60.6351056315350534794594073323491035016923705425189159763928,5.0925557291980634841853285204566921087680764740502041846309,396.139548825019558720943877313926471459703539313066322661978,outside-current-safety-theorem
hostile-adaptive-timing-grid-v1-426,synthetic,adversarial-design-search,deterministic-adversarial-v1,6,0.75,identity-a0-b0,fixed-1-usd,dca,1898.1,0,63.27,6,,outside-current-safety-theorem
hostile-adaptive-timing-grid-v1-426,synthetic,adversarial-design-search,deterministic-adversarial-v1,6,0.75,identity-a0-b0,fixed-1-usd,neutral_guarded,2531.49115625,799.13234375,57.74529375,6,402.477916666666666666666666666666666666666666666666666666667,outside-current-safety-theorem
hostile-adaptive-timing-grid-v1-426,synthetic,adversarial-design-search,deterministic-adversarial-v1,6,0.75,identity-a0-b0,fixed-1-usd,corrected_guarded,2721.27849708373806925160625173323026646944663571381110447511,902.285377332222975065266726624376410024313614233832393253277,60.6331039917171698062113175036284618815044340493326237073944,6,396.233089010223454399523115021457066627612702360813822823333,outside-current-safety-theorem
hostile-adaptive-timing-grid-v1-426,synthetic,adversarial-design-search,deterministic-adversarial-v1,6,0.5,identity-a0-b0,frictionless,dca,1900,0,63.3333333333333333333333333333333333333333333333333333333335,0,,epsilon-dca
hostile-adaptive-timing-grid-v1-426,synthetic,adversarial-design-search,deterministic-adversarial-v1,6,0.5,identity-a0-b0,frictionless,neutral_guarded,2588.28125,955.46875,54.4270833333333333333333333333333333333333333333333333333334,0,150,epsilon-dca
hostile-adaptive-timing-grid-v1-426,synthetic,adversarial-design-search,deterministic-adversarial-v1,6,0.5,identity-a0-b0,frictionless,corrected_guarded,2822.12132628693043866851648211328156616391585928522287155936,1020.08258412560048229641310375465098044504991270632219593522,60.0679580720443318790701126119543528572955315526300225208048,0,157.5,epsilon-dca
hostile-adaptive-timing-grid-v1-426,synthetic,adversarial-design-search,deterministic-adversarial-v1,6,0.5,identity-a0-b0,proportional-10bps,dca,1898.1018981018981018981018981018981018981018981018981018981,0.000000000000000000000000000000000000000000000000000000001,63.27006327006327006327006327006327006327006327006327006327,5.994005994005994005994005994005994005994005994005994005994,,outside-current-safety-theorem
hostile-adaptive-timing-grid-v1-426,synthetic,adversarial-design-search,deterministic-adversarial-v1,6,0.5,identity-a0-b0,proportional-10bps,neutral_guarded,2586.61496625565679638479965026545319379358467143808675403954,955.44767264453827890391326954763518200081636645073208509772,54.3722431203706172493628793572606003930922768329118222980606,5.0395128145409208002957909395128519660331504830662017131891,150.087425062450037475012499987524962549937574912599887624862,outside-current-safety-theorem
hostile-adaptive-timing-grid-v1-426,synthetic,adversarial-design-search,deterministic-adversarial-v1,6,0.5,identity-a0-b0,proportional-10bps,corrected_guarded,2820.26162586647912609995724604781906242253432327802846766433,1020.0688468764807591765748577640157048664274156758427079102,60.006425966333278897446079609460111918536896920072858658471,4.97495619692659264817524989234364065447909349083332396812167,157.577437547467517497487527457557427587397617367647337677308,outside-current-safety-theorem
hostile-adaptive-timing-grid-v1-426,synthetic,adversarial-design-search,deterministic-adversarial-v1,6,0.5,identity-a0-b0,fixed-1-usd,dca,1898.1,0,63.27,6,,outside-current-safety-theorem
hostile-adaptive-timing-grid-v1-426,synthetic,adversarial-design-search,deterministic-adversarial-v1,6,0.5,identity-a0-b0,fixed-1-usd,neutral_guarded,2586.3140625,955.4234375,54.3630208333333333333333333333333333333333333333333333333334,6,150.183333333333333333333333333333333333333333333333333333333,outside-current-safety-theorem
hostile-adaptive-timing-grid-v1-426,synthetic,adversarial-design-search,deterministic-adversarial-v1,6,0.5,identity-a0-b0,fixed-1-usd,corrected_guarded,2820.10571216694519339865055796592250108334970747063595421151,1020.04898019489705971888008244216654516630481704132367764911,60.0018910657349377893256825174585318639014963476437425520799,6,157.678333333333333333333333333333333333333333333333333333333,outside-current-safety-theorem
hostile-adaptive-timing-grid-v1-429,synthetic,adversarial-design-search,deterministic-adversarial-v1,6,1,identity-a0-b0,frictionless,dca,1700,0,56.6666666666666666666666666666666666666666666666666666666668,0,,epsilon-dca
hostile-adaptive-timing-grid-v1-429,synthetic,adversarial-design-search,deterministic-adversarial-v1,6,1,identity-a0-b0,frictionless,neutral_guarded,1700,0,56.6666666666666666666666666666666666666666666666666666666668,0,1000,epsilon-dca
hostile-adaptive-timing-grid-v1-429,synthetic,adversarial-design-search,deterministic-adversarial-v1,6,1,identity-a0-b0,frictionless,corrected_guarded,1700,0,56.6666666666666666666666666666666666666666666666666666666668,0,1000,epsilon-dca
hostile-adaptive-timing-grid-v1-429,synthetic,adversarial-design-search,deterministic-adversarial-v1,6,1,identity-a0-b0,proportional-10bps,dca,1698.3016983016983016983016983016983016983016983016983016983,0.000000000000000000000000000000000000000000000000000000001,56.61005661005661005661005661005661005661005661005661005661,5.994005994005994005994005994005994005994005994005994005994,,outside-current-safety-theorem
hostile-adaptive-timing-grid-v1-429,synthetic,adversarial-design-search,deterministic-adversarial-v1,6,1,identity-a0-b0,proportional-10bps,neutral_guarded,1698.3016983016983016983016983016983016983016983016983016983,0.000000000000000000000000000000000000000000000000000000001,56.61005661005661005661005661005661005661005661005661005661,5.994005994005994005994005994005994005994005994005994005994,1000,outside-current-safety-theorem
hostile-adaptive-timing-grid-v1-429,synthetic,adversarial-design-search,deterministic-adversarial-v1,6,1,identity-a0-b0,proportional-10bps,corrected_guarded,1698.3016983016983016983016983016983016983016983016983016983,0.000000000000000000000000000000000000000000000000000000001,56.61005661005661005661005661005661005661005661005661005661,5.994005994005994005994005994005994005994005994005994005994,1000,outside-current-safety-theorem
hostile-adaptive-timing-grid-v1-429,synthetic,adversarial-design-search,deterministic-adversarial-v1,6,1,identity-a0-b0,fixed-1-usd,dca,1698.3,0,56.61,6,,outside-current-safety-theorem
hostile-adaptive-timing-grid-v1-429,synthetic,adversarial-design-search,deterministic-adversarial-v1,6,1,identity-a0-b0,fixed-1-usd,neutral_guarded,1698.3,0,56.61,6,1000,outside-current-safety-theorem
hostile-adaptive-timing-grid-v1-429,synthetic,adversarial-design-search,deterministic-adversarial-v1,6,1,identity-a0-b0,fixed-1-usd,corrected_guarded,1698.3,0,56.61,6,1000,outside-current-safety-theorem
hostile-adaptive-timing-grid-v1-429,synthetic,adversarial-design-search,deterministic-adversarial-v1,6,0.9,identity-a0-b0,frictionless,dca,1700,0,56.6666666666666666666666666666666666666666666666666666666668,0,,epsilon-dca
hostile-adaptive-timing-grid-v1-429,synthetic,adversarial-design-search,deterministic-adversarial-v1,6,0.9,identity-a0-b0,frictionless,neutral_guarded,2009.140625,399.283854166666666666666666666666666666666666666666666666657,53.6618923611111111111111111111111111111111111111111111111112,0,725.90711805555555555555555555555555555555555555555555555556,epsilon-dca
hostile-adaptive-timing-grid-v1-429,synthetic,adversarial-design-search,deterministic-adversarial-v1,6,0.9,identity-a0-b0,frictionless,corrected_guarded,2152.24179635031789675529275343724351757599502357787909059506,545.070130692535440456011140828242721379927911902821600416494,53.5723888552594152099760537536333598732022370558352496726189,0,692.13083975245176935086862958963409453511076822038561880326,epsilon-dca
hostile-adaptive-timing-grid-v1-429,synthetic,adversarial-design-search,deterministic-adversarial-v1,6,0.9,identity-a0-b0,proportional-10bps,dca,1698.3016983016983016983016983016983016983016983016983016983,0.000000000000000000000000000000000000000000000000000000001,56.61005661005661005661005661005661005661005661005661005661,5.994005994005994005994005994005994005994005994005994005994,,outside-current-safety-theorem
hostile-adaptive-timing-grid-v1-429,synthetic,adversarial-design-search,deterministic-adversarial-v1,6,0.9,identity-a0-b0,proportional-10bps,neutral_guarded,2007.34862779251301777401337592630588905803461851145049847922,399.06096026600725183345158694845328815547895399164675956918,53.6095889175501921980187262992617533634185221506601246303347,5.59534369603795479337317523781373297886565539061773550492588,726.040690706643767746262952993706273935930059300981238094107,outside-current-safety-theorem
hostile-adaptive-timing-grid-v1-429,synthetic,adversarial-design-search,deterministic-adversarial-v1,6,0.9,identity-a0-b0,proportional-10bps,corrected_guarded,2150.31878634418107749698087636009191376973497427850417849946,544.702240932515960728959995688863926619139658576844279820994,53.5205515137221705589340293557075995716865105233886632892822,5.44984791115632771155948052378734872465620413728586985032868,692.304852598943994910274801245546864726556055072984201068203,outside-current-safety-theorem
hostile-adaptive-timing-grid-v1-429,synthetic,adversarial-design-search,deterministic-adversarial-v1,6,0.9,identity-a0-b0,fixed-1-usd,dca,1698.3,0,56.61,6,,outside-current-safety-theorem
hostile-adaptive-timing-grid-v1-429,synthetic,adversarial-design-search,deterministic-adversarial-v1,6,0.9,identity-a0-b0,fixed-1-usd,neutral_guarded,2007.13578125,398.904817708333333333333333333333333333333333333333333333325,53.6076987847222222222222222222222222222222222222222222222222,6,726.140564236111111111111111111111111111111111111111111111113,outside-current-safety-theorem
hostile-adaptive-timing-grid-v1-429,synthetic,adversarial-design-search,deterministic-adversarial-v1,6,0.9,identity-a0-b0,fixed-1-usd,corrected_guarded,2150.12625332663266555578644904707897862460355956681237795398,544.574727439908527540483296557307165482909375234608276904585,53.5183841962241379338434384163257271047231394777401367016463,6,692.383359474981389191657847504329526287578147844215234655333,outside-current-safety-theorem
hostile-adaptive-timing-grid-v1-429,synthetic,adversarial-design-search,deterministic-adversarial-v1,6,0.75,identity-a0-b0,frictionless,dca,1700,0,56.6666666666666666666666666666666666666666666666666666666668,0,,epsilon-dca
hostile-adaptive-timing-grid-v1-429,synthetic,adversarial-design-search,deterministic-adversarial-v1,6,0.75,identity-a0-b0,frictionless,neutral_guarded,2349.609375,847.00520833333333333333333333333333333333333333333333333333,50.0868055555555555555555555555555555555555555555555555555556,0,370.486111111111111111111111111111111111111111111111111111113,epsilon-dca
hostile-adaptive-timing-grid-v1-429,synthetic,adversarial-design-search,deterministic-adversarial-v1,6,0.75,identity-a0-b0,frictionless,corrected_guarded,2543.26419087959340756658671382030507141067807456817233609365,1028.19862648233915727510696834671533346844960300396544668884,50.5021854799084750097159915157863245980742823854735629801602,0,357.565360414022361336758290886575532014784074041190653686823,epsilon-dca
hostile-adaptive-timing-grid-v1-429,synthetic,adversarial-design-search,deterministic-adversarial-v1,6,0.75,identity-a0-b0,proportional-10bps,dca,1698.3016983016983016983016983016983016983016983016983016983,0.000000000000000000000000000000000000000000000000000000001,56.61005661005661005661005661005661005661005661005661005661,5.994005994005994005994005994005994005994005994005994005994,,outside-current-safety-theorem
hostile-adaptive-timing-grid-v1-429,synthetic,adversarial-design-search,deterministic-adversarial-v1,6,0.75,identity-a0-b0,proportional-10bps,neutral_guarded,2348.02620585542287840489638192933399724112008331784061049302,846.88020234428200213663501624292082585038380491678442478891,50.0382001170380292089420455228804390463578759467018728568036,5.14797182582988810975361137238469447966994624883438119401707,370.606135183216443614387329014360324708318372995354355652398,outside-current-safety-theorem
hostile-adaptive-timing-grid-v1-429,synthetic,adversarial-design-search,deterministic-adversarial-v1,6,0.75,identity-a0-b0,proportional-10bps,corrected_guarded,2541.61443072422572607349354745288190255779727726721581886995,1028.01613973493035162644083495825365680776535526557854293912,50.4532763663098458149017570831542748583343974000545758643611,4.96701684342164800037318597906268365953270194279162982723364,357.706768859210092035743953037358309903706693065894758544195,outside-current-safety-theorem
hostile-adaptive-timing-grid-v1-429,synthetic,adversarial-design-search,deterministic-adversarial-v1,6,0.75,identity-a0-b0,fixed-1-usd,dca,1698.3,0,56.61,6,,outside-current-safety-theorem
hostile-adaptive-timing-grid-v1-429,synthetic,adversarial-design-search,deterministic-adversarial-v1,6,0.75,identity-a0-b0,fixed-1-usd,neutral_guarded,2347.74296875,846.74609375,50.0332291666666666666666666666666666666666666666666666666667,6,370.735416666666666666666666666666666666666666666666666666667,outside-current-safety-theorem
hostile-adaptive-timing-grid-v1-429,synthetic,adversarial-design-search,deterministic-adversarial-v1,6,0.75,identity-a0-b0,fixed-1-usd,corrected_guarded,2541.32766965419298098529625484972320352698255035426427405394,1027.88188418494123758405677165366742961877071577663235488562,50.4481928489750581133746494398685257969403944859210639722775,6,357.829037239261312888094080591317333268243392823578593594443,outside-current-safety-theorem
hostile-adaptive-timing-grid-v1-429,synthetic,adversarial-design-search,deterministic-adversarial-v1,6,0.5,identity-a0-b0,frictionless,dca,1700,0,56.6666666666666666666666666666666666666666666666666666666668,0,,epsilon-dca
hostile-adaptive-timing-grid-v1-429,synthetic,adversarial-design-search,deterministic-adversarial-v1,6,0.5,identity-a0-b0,frictionless,neutral_guarded,2406.09375,955.46875,48.3541666666666666666666666666666666666666666666666666666667,0,150,epsilon-dca
hostile-adaptive-timing-grid-v1-429,synthetic,adversarial-design-search,deterministic-adversarial-v1,6,0.5,identity-a0-b0,frictionless,corrected_guarded,2633.41955106222031080733851470019192886945910027023597142499,1115.10653588484664527392674919577134429515686653342308461149,50.6104338392457888511137255168140194858100744578937628937834,0,157.5,epsilon-dca
hostile-adaptive-timing-grid-v1-429,synthetic,adversarial-design-search,deterministic-adversarial-v1,6,0.5,identity-a0-b0,proportional-10bps,dca,1698.3016983016983016983016983016983016983016983016983016983,0.000000000000000000000000000000000000000000000000000000001,56.61005661005661005661005661005661005661005661005661005661,5.994005994005994005994005994005994005994005994005994005994,,outside-current-safety-theorem
hostile-adaptive-timing-grid-v1-429,synthetic,adversarial-design-search,deterministic-adversarial-v1,6,0.5,identity-a0-b0,proportional-10bps,neutral_guarded,2404.61789426982731430531382826839617800904266686236963711737,955.44767264453827890391326954763518200081636645073208509772,48.3056740541763011800466852906920332002742100137212517339884,5.0395128145409208002957909395128519660331504830662017131891,150.087425062450037475012499987524962549937574912599887624862,outside-current-safety-theorem
hostile-adaptive-timing-grid-v1-429,synthetic,adversarial-design-search,deterministic-adversarial-v1,6,0.5,identity-a0-b0,proportional-10bps,corrected_guarded,2631.84894737526907260379140612242341547551348824098242963269,1115.08879209051779728189090775322280493323271762281647021106,50.5586718428250425107300166123066870180760256872721986473877,4.8800311767327494532648442479987784166501171652119715582307,157.577437547467517497487527457557427587397617367647337677308,outside-current-safety-theorem
hostile-adaptive-timing-grid-v1-429,synthetic,adversarial-design-search,deterministic-adversarial-v1,6,0.5,identity-a0-b0,fixed-1-usd,dca,1698.3,0,56.61,6,,outside-current-safety-theorem
hostile-adaptive-timing-grid-v1-429,synthetic,adversarial-design-search,deterministic-adversarial-v1,6,0.5,identity-a0-b0,fixed-1-usd,neutral_guarded,2404.3446875,955.4234375,48.2973750000000000000000000000000000000000000000000000000001,6,150.183333333333333333333333333333333333333333333333333333333,outside-current-safety-theorem
hostile-adaptive-timing-grid-v1-429,synthetic,adversarial-design-search,deterministic-adversarial-v1,6,0.5,identity-a0-b0,fixed-1-usd,corrected_guarded,2631.61779243480007109079054692862848845989726891102287391752,1115.06313118061176943813376248287265587336816143336414945952,50.5518220418062767217552261481918610862176369159219574819333,6,157.678333333333333333333333333333333333333333333333333333333,outside-current-safety-theorem
hostile-adaptive-timing-grid-v1-452,synthetic,adversarial-design-search,deterministic-adversarial-v1,6,1,identity-a0-b0,frictionless,dca,1800,0,60.0000000000000000000000000000000000000000000000000000000001,0,,epsilon-dca
hostile-adaptive-timing-grid-v1-452,synthetic,adversarial-design-search,deterministic-adversarial-v1,6,1,identity-a0-b0,frictionless,neutral_guarded,1800,0,60.0000000000000000000000000000000000000000000000000000000001,0,1000,epsilon-dca
hostile-adaptive-timing-grid-v1-452,synthetic,adversarial-design-search,deterministic-adversarial-v1,6,1,identity-a0-b0,frictionless,corrected_guarded,1800,0,60.0000000000000000000000000000000000000000000000000000000001,0,1000,epsilon-dca
hostile-adaptive-timing-grid-v1-452,synthetic,adversarial-design-search,deterministic-adversarial-v1,6,1,identity-a0-b0,proportional-10bps,dca,1798.2017982017982017982017982017982017982017982017982017982,0.000000000000000000000000000000000000000000000000000000001,59.94005994005994005994005994005994005994005994005994005994,5.994005994005994005994005994005994005994005994005994005994,,outside-current-safety-theorem
hostile-adaptive-timing-grid-v1-452,synthetic,adversarial-design-search,deterministic-adversarial-v1,6,1,identity-a0-b0,proportional-10bps,neutral_guarded,1798.2017982017982017982017982017982017982017982017982017982,0.000000000000000000000000000000000000000000000000000000001,59.94005994005994005994005994005994005994005994005994005994,5.994005994005994005994005994005994005994005994005994005994,1000,outside-current-safety-theorem
hostile-adaptive-timing-grid-v1-452,synthetic,adversarial-design-search,deterministic-adversarial-v1,6,1,identity-a0-b0,proportional-10bps,corrected_guarded,1798.2017982017982017982017982017982017982017982017982017982,0.000000000000000000000000000000000000000000000000000000001,59.94005994005994005994005994005994005994005994005994005994,5.994005994005994005994005994005994005994005994005994005994,1000,outside-current-safety-theorem
hostile-adaptive-timing-grid-v1-452,synthetic,adversarial-design-search,deterministic-adversarial-v1,6,1,identity-a0-b0,fixed-1-usd,dca,1798.2,0,59.94,6,,outside-current-safety-theorem
hostile-adaptive-timing-grid-v1-452,synthetic,adversarial-design-search,deterministic-adversarial-v1,6,1,identity-a0-b0,fixed-1-usd,neutral_guarded,1798.2,0,59.94,6,1000,outside-current-safety-theorem
hostile-adaptive-timing-grid-v1-452,synthetic,adversarial-design-search,deterministic-adversarial-v1,6,1,identity-a0-b0,fixed-1-usd,corrected_guarded,1798.2,0,59.94,6,1000,outside-current-safety-theorem
hostile-adaptive-timing-grid-v1-452,synthetic,adversarial-design-search,deterministic-adversarial-v1,6,0.9,identity-a0-b0,frictionless,dca,1800,0,60.0000000000000000000000000000000000000000000000000000000001,0,,epsilon-dca
hostile-adaptive-timing-grid-v1-452,synthetic,adversarial-design-search,deterministic-adversarial-v1,6,0.9,identity-a0-b0,frictionless,neutral_guarded,2050.35416666666666666666666666666666666666666666666666666666,331.04166666666666666666666666666666666666666666666666666666,57.3104166666666666666666666666666666666666666666666666666667,0,765.199652777777777777777777777777777777777777777777777777782,epsilon-dca
hostile-adaptive-timing-grid-v1-452,synthetic,adversarial-design-search,deterministic-adversarial-v1,6,0.9,identity-a0-b0,frictionless,corrected_guarded,2102.83531764967425491691864378705582159052526763604707286942,366.184463635788190579700662452841504825215967297800208987113,57.8883618004628688112405993778071438921769766779415621294103,0,738.788539015382954490277621184746053287250527037786404019115,epsilon-dca
hostile-adaptive-timing-grid-v1-452,synthetic,adversarial-design-search,deterministic-adversarial-v1,6,0.9,identity-a0-b0,proportional-10bps,dca,1798.2017982017982017982017982017982017982017982017982017982,0.000000000000000000000000000000000000000000000000000000001,59.94005994005994005994005994005994005994005994005994005994,5.994005994005994005994005994005994005994005994005994005994,,outside-current-safety-theorem
hostile-adaptive-timing-grid-v1-452,synthetic,adversarial-design-search,deterministic-adversarial-v1,6,0.9,identity-a0-b0,proportional-10bps,neutral_guarded,2048.47946048939314689732055155094237814935673007070514854327,330.839851862141678242260256492812235562323184565381746881621,57.2546536209083822885020098352710047529011181835107800553882,5.66349665148637194980793181169549227216551130413048776535301,765.31100479707584145080509789064364237294622902981346238616,outside-current-safety-theorem
hostile-adaptive-timing-grid-v1-452,synthetic,adversarial-design-search,deterministic-adversarial-v1,6,0.9,identity-a0-b0,proportional-10bps,corrected_guarded,2100.85970010496641275387707460225028483719172860294962581615,365.886908119886195653575446821992820717288441278800757008304,57.8324263995026739033433875926752488039967762441382956269283,5.62848460727284096338304151166634083844426729142976947351818,738.939578996822201333418407203655839150576304986836467639523,outside-current-safety-theorem
hostile-adaptive-timing-grid-v1-452,synthetic,adversarial-design-search,deterministic-adversarial-v1,6,0.9,identity-a0-b0,fixed-1-usd,dca,1798.2,0,59.94,6,,outside-current-safety-theorem
hostile-adaptive-timing-grid-v1-452,synthetic,adversarial-design-search,deterministic-adversarial-v1,6,0.9,identity-a0-b0,fixed-1-usd,neutral_guarded,2048.32481944444444444444444444444444444444444444444444444443,330.7498611111111111111111111111111111111111111111111111111,57.252498611111111111111111111111111111111111111111111111111,6,765.38391782407407407407407407407407407407407407407407407408,outside-current-safety-theorem
hostile-adaptive-timing-grid-v1-452,synthetic,adversarial-design-search,deterministic-adversarial-v1,6,0.9,identity-a0-b0,fixed-1-usd,corrected_guarded,2100.76705653679770157379372345820369404103328116220497642188,365.867252537760072094685420780614968149952395120677600217236,57.829993466634587649303610089252957529702696201384245873488,6,738.992170272752727159764254606169177328086062694475396144195,outside-current-safety-theorem
hostile-adaptive-timing-grid-v1-452,synthetic,adversarial-design-search,deterministic-adversarial-v1,6,0.75,identity-a0-b0,frictionless,dca,1800,0,60.0000000000000000000000000000000000000000000000000000000001,0,,epsilon-dca
hostile-adaptive-timing-grid-v1-452,synthetic,adversarial-design-search,deterministic-adversarial-v1,6,0.75,identity-a0-b0,frictionless,neutral_guarded,2380.99609375,763.4765625,53.9173177083333333333333333333333333333333333333333333333333,0,434.375,epsilon-dca
hostile-adaptive-timing-grid-v1-452,synthetic,adversarial-design-search,deterministic-adversarial-v1,6,0.75,identity-a0-b0,frictionless,corrected_guarded,2382.05738975107522267595734022390173756111772529404653442173,665.417009985027026997338414355335452898474998535827454250881,57.2213459922016065226206308622855428220880908919406360056949,0,432.89730069119460408837140278116245913699337580380864764584,epsilon-dca
hostile-adaptive-timing-grid-v1-452,synthetic,adversarial-design-search,deterministic-adversarial-v1,6,0.75,identity-a0-b0,proportional-10bps,dca,1798.2017982017982017982017982017982017982017982017982017982,0.000000000000000000000000000000000000000000000000000000001,59.94005994005994005994005994005994005994005994005994005994,5.994005994005994005994005994005994005994005994005994005994,,outside-current-safety-theorem
hostile-adaptive-timing-grid-v1-452,synthetic,adversarial-design-search,deterministic-adversarial-v1,6,0.75,identity-a0-b0,proportional-10bps,neutral_guarded,2379.27321523202485701547852611942202634466971174371716633109,763.380141171118149616990618962855335057375956354283538770206,53.8631024686968902466162635718855563762431251796477875853625,5.23138847035852332705595342760953512981281123241330315807172,434.517341487434952289899418816334190548509574260923932110012,outside-current-safety-theorem
hostile-adaptive-timing-grid-v1-452,synthetic,adversarial-design-search,deterministic-adversarial-v1,6,0.75,identity-a0-b0,proportional-10bps,corrected_guarded,2380.21435592670392730057232419118026967546661133168350022288,665.349468259704338365458613236494337299740043445409517511037,57.1621629222333196311704570318228644125242189295424660903948,5.32932121052976589573880258417932633636389606049409638610286,433.042478624995225035617773360561528153981674669589851954532,outside-current-safety-theorem
hostile-adaptive-timing-grid-v1-452,synthetic,adversarial-design-search,deterministic-adversarial-v1,6,0.75,identity-a0-b0,fixed-1-usd,dca,1798.2,0,59.94,6,,outside-current-safety-theorem
hostile-adaptive-timing-grid-v1-452,synthetic,adversarial-design-search,deterministic-adversarial-v1,6,0.75,identity-a0-b0,fixed-1-usd,neutral_guarded,2378.99657552083333333333333333333333333333333333333333333332,763.28111979166666666666666666666666666666666666666666666666,53.8571818576388888888888888888888888888888888888888888888888,6,434.657638888888888888888888888888888888888888888888888888892,outside-current-safety-theorem
hostile-adaptive-timing-grid-v1-452,synthetic,adversarial-design-search,deterministic-adversarial-v1,6,0.75,identity-a0-b0,fixed-1-usd,corrected_guarded,2380.04788664758524388979148496166580076589217592299857795625,665.2827674952444516014380895460467998938938063981027675453,57.1588373050780264096117798471873000290666123174965270136983,6,433.179991809822378409996852754854028255595440675316878123248,outside-current-safety-theorem
hostile-adaptive-timing-grid-v1-452,synthetic,adversarial-design-search,deterministic-adversarial-v1,6,0.5,identity-a0-b0,frictionless,dca,1800,0,60.0000000000000000000000000000000000000000000000000000000001,0,,epsilon-dca
hostile-adaptive-timing-grid-v1-452,synthetic,adversarial-design-search,deterministic-adversarial-v1,6,0.5,identity-a0-b0,frictionless,neutral_guarded,2506.640625,964.84375,51.3932291666666666666666666666666666666666666666666666666668,0,125.000000000000000000000000000000000000000000000000000000001,epsilon-dca
hostile-adaptive-timing-grid-v1-452,synthetic,adversarial-design-search,deterministic-adversarial-v1,6,0.5,identity-a0-b0,frictionless,corrected_guarded,2487.7931051092304648891879492109313418121022066210637614028,794.889459147593323704113152136957755567854047347499514139985,56.4301215320545713728358265691324528748082719757854749087606,0,137.500000000000000000000000000000000000000000000000000000001,epsilon-dca
hostile-adaptive-timing-grid-v1-452,synthetic,adversarial-design-search,deterministic-adversarial-v1,6,0.5,identity-a0-b0,proportional-10bps,dca,1798.2017982017982017982017982017982017982017982017982017982,0.000000000000000000000000000000000000000000000000000000001,59.94005994005994005994005994005994005994005994005994005994,5.994005994005994005994005994005994005994005994005994005994,,outside-current-safety-theorem
hostile-adaptive-timing-grid-v1-452,synthetic,adversarial-design-search,deterministic-adversarial-v1,6,0.5,identity-a0-b0,proportional-10bps,neutral_guarded,2505.06252067503784068937197526889553145015963915346251292025,964.816425769535160144550753941363331972722582113191503800896,51.3415364968500893514940407109177399825812352346757003039782,5.03015342080965518467077846759104562240487254534146702916994,125.104083395791687499979208270916562624854333146041437749729,outside-current-safety-theorem
hostile-adaptive-timing-grid-v1-452,synthetic,adversarial-design-search,deterministic-adversarial-v1,6,0.5,identity-a0-b0,proportional-10bps,corrected_guarded,2486.06323862585860675278095058312363878234581696139343013059,794.874222368282651675124174829326679407007429009813128771166,56.3729672085858651692552258584598986458446129317193433786473,5.19992585177993741091396186330736595463835421677341345777106,137.587437537487487537437587387637337687287737237787187837138,outside-current-safety-theorem
hostile-adaptive-timing-grid-v1-452,synthetic,adversarial-design-search,deterministic-adversarial-v1,6,0.5,identity-a0-b0,fixed-1-usd,dca,1798.2,0,59.94,6,,outside-current-safety-theorem
hostile-adaptive-timing-grid-v1-452,synthetic,adversarial-design-search,deterministic-adversarial-v1,6,0.5,identity-a0-b0,fixed-1-usd,neutral_guarded,2504.76119791666666666666666666666666666666666666666666666667,964.78385416666666666666666666666666666666666666666666666667,51.3325781250000000000000000000000000000000000000000000000001,6,125.222222222222222222222222222222222222222222222222222222222,outside-current-safety-theorem
hostile-adaptive-timing-grid-v1-452,synthetic,adversarial-design-search,deterministic-adversarial-v1,6,0.5,identity-a0-b0,fixed-1-usd,corrected_guarded,2485.90559975970501413187144875419778699998383271948179165814,794.849480947373263417872996318561505397629079065857117773518,56.3685372937443916904666150811878760534118251217874891294873,6,137.713888888888888888888888888888888888888888888888888888888,outside-current-safety-theorem
hostile-adaptive-timing-grid-v1-453,synthetic,adversarial-design-search,deterministic-adversarial-v1,6,1,identity-a0-b0,frictionless,dca,1700,0,56.6666666666666666666666666666666666666666666666666666666668,0,,epsilon-dca
hostile-adaptive-timing-grid-v1-453,synthetic,adversarial-design-search,deterministic-adversarial-v1,6,1,identity-a0-b0,frictionless,neutral_guarded,1700,0,56.6666666666666666666666666666666666666666666666666666666668,0,1000,epsilon-dca
hostile-adaptive-timing-grid-v1-453,synthetic,adversarial-design-search,deterministic-adversarial-v1,6,1,identity-a0-b0,frictionless,corrected_guarded,1700,0,56.6666666666666666666666666666666666666666666666666666666668,0,1000,epsilon-dca
hostile-adaptive-timing-grid-v1-453,synthetic,adversarial-design-search,deterministic-adversarial-v1,6,1,identity-a0-b0,proportional-10bps,dca,1698.3016983016983016983016983016983016983016983016983016983,0.000000000000000000000000000000000000000000000000000000001,56.61005661005661005661005661005661005661005661005661005661,5.994005994005994005994005994005994005994005994005994005994,,outside-current-safety-theorem
hostile-adaptive-timing-grid-v1-453,synthetic,adversarial-design-search,deterministic-adversarial-v1,6,1,identity-a0-b0,proportional-10bps,neutral_guarded,1698.3016983016983016983016983016983016983016983016983016983,0.000000000000000000000000000000000000000000000000000000001,56.61005661005661005661005661005661005661005661005661005661,5.994005994005994005994005994005994005994005994005994005994,1000,outside-current-safety-theorem
hostile-adaptive-timing-grid-v1-453,synthetic,adversarial-design-search,deterministic-adversarial-v1,6,1,identity-a0-b0,proportional-10bps,corrected_guarded,1698.3016983016983016983016983016983016983016983016983016983,0.000000000000000000000000000000000000000000000000000000001,56.61005661005661005661005661005661005661005661005661005661,5.994005994005994005994005994005994005994005994005994005994,1000,outside-current-safety-theorem
hostile-adaptive-timing-grid-v1-453,synthetic,adversarial-design-search,deterministic-adversarial-v1,6,1,identity-a0-b0,fixed-1-usd,dca,1698.3,0,56.61,6,,outside-current-safety-theorem
hostile-adaptive-timing-grid-v1-453,synthetic,adversarial-design-search,deterministic-adversarial-v1,6,1,identity-a0-b0,fixed-1-usd,neutral_guarded,1698.3,0,56.61,6,1000,outside-current-safety-theorem
hostile-adaptive-timing-grid-v1-453,synthetic,adversarial-design-search,deterministic-adversarial-v1,6,1,identity-a0-b0,fixed-1-usd,corrected_guarded,1698.3,0,56.61,6,1000,outside-current-safety-theorem
hostile-adaptive-timing-grid-v1-453,synthetic,adversarial-design-search,deterministic-adversarial-v1,6,0.9,identity-a0-b0,frictionless,dca,1700,0,56.6666666666666666666666666666666666666666666666666666666668,0,,epsilon-dca
hostile-adaptive-timing-grid-v1-453,synthetic,adversarial-design-search,deterministic-adversarial-v1,6,0.9,identity-a0-b0,frictionless,neutral_guarded,2032.64062499999999999999999999999999999999999999999999999999,418.86718749999999999999999999999999999999999999999999999999,53.7924479166666666666666666666666666666666666666666666666667,0,735.924479166666666666666666666666666666666666666666666666672,epsilon-dca
hostile-adaptive-timing-grid-v1-453,synthetic,adversarial-design-search,deterministic-adversarial-v1,6,0.9,identity-a0-b0,frictionless,corrected_guarded,2203.8452652705976628584733533229203848020905408765659238627,590.273634721907145288348336649472309716224649859915508066924,53.7857210182896839190041672224482691695288630338883471931926,0,696.603348384835510917742151220886588103477115395917876499503,epsilon-dca
hostile-adaptive-timing-grid-v1-453,synthetic,adversarial-design-search,deterministic-adversarial-v1,6,0.9,identity-a0-b0,proportional-10bps,dca,1698.3016983016983016983016983016983016983016983016983016983,0.000000000000000000000000000000000000000000000000000000001,56.61005661005661005661005661005661005661005661005661005661,5.994005994005994005994005994005994005994005994005994005994,,outside-current-safety-theorem
hostile-adaptive-timing-grid-v1-453,synthetic,adversarial-design-search,deterministic-adversarial-v1,6,0.9,identity-a0-b0,proportional-10bps,neutral_guarded,2030.79358231526660386260537842384414879687026569375675523822,418.583749558988887439992260946647286332009585577215912568391,53.740327758542590547420437249239895415495356003884694755661,5.57584041003098013242758015889445825541257783658619788954205,736.063038898126771718227763072698625449717428692535407157237,outside-current-safety-theorem
hostile-adaptive-timing-grid-v1-453,synthetic,adversarial-design-search,deterministic-adversarial-v1,6,0.9,identity-a0-b0,proportional-10bps,corrected_guarded,2201.78842235191155360080278329849275672084203724836410360569,589.751109504201318023780472667176778711876781366635897986614,53.7345770949236745192340770210438659336321751960576068539694,5.40484404644934933264357595138144177950861460402933476724614,696.800872770234256993004056133371453095068122546336731068378,outside-current-safety-theorem
hostile-adaptive-timing-grid-v1-453,synthetic,adversarial-design-search,deterministic-adversarial-v1,6,0.9,identity-a0-b0,fixed-1-usd,dca,1698.3,0,56.61,6,,outside-current-safety-theorem
hostile-adaptive-timing-grid-v1-453,synthetic,adversarial-design-search,deterministic-adversarial-v1,6,0.9,identity-a0-b0,fixed-1-usd,neutral_guarded,2030.61228124999999999999999999999999999999999999999999999998,418.468567708333333333333333333333333333333333333333333333317,53.7381237847222222222222222222222222222222222222222222222221,6,736.14434895833333333333333333333333333333333333333333333334,outside-current-safety-theorem
hostile-adaptive-timing-grid-v1-453,synthetic,adversarial-design-search,deterministic-adversarial-v1,6,0.9,identity-a0-b0,fixed-1-usd,corrected_guarded,2201.67651227204063293830410663746161499700174298783857940969,589.73162070136391376344266099852001298558258973828416104177,53.7314963856892239724953815212980534003806384416518139455972,6,696.852257047164615057647011358282960341010005906649718591643,outside-current-safety-theorem
hostile-adaptive-timing-grid-v1-453,synthetic,adversarial-design-search,deterministic-adversarial-v1,6,0.75,identity-a0-b0,frictionless,dca,1700,0,56.6666666666666666666666666666666666666666666666666666666668,0,,epsilon-dca
hostile-adaptive-timing-grid-v1-453,synthetic,adversarial-design-search,deterministic-adversarial-v1,6,0.75,identity-a0-b0,frictionless,neutral_guarded,2304.6484375,763.4765625,51.3723958333333333333333333333333333333333333333333333333333,0,434.375,epsilon-dca
hostile-adaptive-timing-grid-v1-453,synthetic,adversarial-design-search,deterministic-adversarial-v1,6,0.75,identity-a0-b0,frictionless,corrected_guarded,2421.72234881413032081581394150133204994885553017723468660892,803.320568851813067807909039366219634220098097132063616357515,53.9467259987439084335968300711704138576252477681723690083802,0,432.89730069119460408837140278116245913699337580380864764584,epsilon-dca
hostile-adaptive-timing-grid-v1-453,synthetic,adversarial-design-search,deterministic-adversarial-v1,6,0.75,identity-a0-b0,proportional-10bps,dca,1698.3016983016983016983016983016983016983016983016983016983,0.000000000000000000000000000000000000000000000000000000001,56.61005661005661005661005661005661005661005661005661005661,5.994005994005994005994005994005994005994005994005994005994,,outside-current-safety-theorem
hostile-adaptive-timing-grid-v1-453,synthetic,adversarial-design-search,deterministic-adversarial-v1,6,0.75,identity-a0-b0,proportional-10bps,neutral_guarded,2303.01146286727778912167326947977613872655023558444808153886,763.380141171118149616990618962855335057375956354283538770206,51.3210440565386546501560883505640267889724759743388180922882,5.23138847035852332705595342760953512981281123241330315807172,434.517341487434952289899418816334190548509574260923932110012,outside-current-safety-theorem
hostile-adaptive-timing-grid-v1-453,synthetic,adversarial-design-search,deterministic-adversarial-v1,6,0.75,identity-a0-b0,proportional-10bps,corrected_guarded,2419.97341938103538790221224248744835887970309531436305509266,803.239029521748938510269520651035184663182090989181815970902,53.8911463286428816463980907278804391405507001441727079707253,5.19156940107717388760212835099796684848832957943138679723187,433.042478624995225035617773360561528153981674669589851954532,outside-current-safety-theorem
hostile-adaptive-timing-grid-v1-453,synthetic,adversarial-design-search,deterministic-adversarial-v1,6,0.75,identity-a0-b0,fixed-1-usd,dca,1698.3,0,56.61,6,,outside-current-safety-theorem
hostile-adaptive-timing-grid-v1-453,synthetic,adversarial-design-search,deterministic-adversarial-v1,6,0.75,identity-a0-b0,fixed-1-usd,neutral_guarded,2302.76846354166666666666666666666666666666666666666666666666,763.28111979166666666666666666666666666666666666666666666666,51.3162447916666666666666666666666666666666666666666666666666,6,434.657638888888888888888888888888888888888888888888888888892,outside-current-safety-theorem
hostile-adaptive-timing-grid-v1-453,synthetic,adversarial-design-search,deterministic-adversarial-v1,6,0.75,identity-a0-b0,fixed-1-usd,corrected_guarded,2419.80484362656096410639743219580714859038915598692843391884,803.158505436484011609403109498991421336312472492375384347686,53.8882112730025650832331440898938575751358894498184349857049,6,433.179991809822378409996852754854028255595440675316878123248,outside-current-safety-theorem
hostile-adaptive-timing-grid-v1-453,synthetic,adversarial-design-search,deterministic-adversarial-v1,6,0.5,identity-a0-b0,frictionless,dca,1700,0,56.6666666666666666666666666666666666666666666666666666666668,0,,epsilon-dca
hostile-adaptive-timing-grid-v1-453,synthetic,adversarial-design-search,deterministic-adversarial-v1,6,0.5,identity-a0-b0,frictionless,neutral_guarded,2410.15625,964.84375,48.1770833333333333333333333333333333333333333333333333333335,0,125.000000000000000000000000000000000000000000000000000000001,epsilon-dca
hostile-adaptive-timing-grid-v1-453,synthetic,adversarial-design-search,deterministic-adversarial-v1,6,0.5,identity-a0-b0,frictionless,corrected_guarded,2535.1758100651088199561614458425204696558288071782295594939,959.625382151146298973173252636397471793572775248063186854802,52.5183475971320840327662731068707665954085343976722124213035,0,137.500000000000000000000000000000000000000000000000000000001,epsilon-dca
hostile-adaptive-timing-grid-v1-453,synthetic,adversarial-design-search,deterministic-adversarial-v1,6,0.5,identity-a0-b0,proportional-10bps,dca,1698.3016983016983016983016983016983016983016983016983016983,0.000000000000000000000000000000000000000000000000000000001,56.61005661005661005661005661005661005661005661005661005661,5.994005994005994005994005994005994005994005994005994005994,,outside-current-safety-theorem
hostile-adaptive-timing-grid-v1-453,synthetic,adversarial-design-search,deterministic-adversarial-v1,6,0.5,identity-a0-b0,proportional-10bps,neutral_guarded,2408.67726335540395855704922262740069309124629428700981523784,964.816425769535160144550753941363331972722582113191503800896,48.1286945861956266137499489562012453706174570724606103812313,5.03015342080965518467077846759104562240487254534146702916994,125.104083395791687499979208270916562624854333146041437749729,outside-current-safety-theorem
hostile-adaptive-timing-grid-v1-453,synthetic,adversarial-design-search,deterministic-adversarial-v1,6,0.5,identity-a0-b0,proportional-10bps,corrected_guarded,2533.56226906472749500415875245606197644477012803476697456235,959.606987643582397035976869734909873022350061104644174592433,52.4651760473715032656060627573717367807473355643374266656641,5.03535765470171588707694618408100911785979014874660921619137,137.587437537487487537437587387637337687287737237787187837138,outside-current-safety-theorem
hostile-adaptive-timing-grid-v1-453,synthetic,adversarial-design-search,deterministic-adversarial-v1,6,0.5,identity-a0-b0,fixed-1-usd,dca,1698.3,0,56.61,6,,outside-current-safety-theorem
hostile-adaptive-timing-grid-v1-453,synthetic,adversarial-design-search,deterministic-adversarial-v1,6,0.5,identity-a0-b0,fixed-1-usd,neutral_guarded,2408.38281250000000000000000000000000000000000000000000000001,964.78385416666666666666666666666666666666666666666666666667,48.1199652777777777777777777777777777777777777777777777777779,6,125.222222222222222222222222222222222222222222222222222222222,outside-current-safety-theorem
hostile-adaptive-timing-grid-v1-453,synthetic,adversarial-design-search,deterministic-adversarial-v1,6,0.5,identity-a0-b0,fixed-1-usd,corrected_guarded,2533.38592164804624838918083473743990013740501317313750562663,959.577118716246771600677410861250009266645055528080956259902,52.4602934310599825596167807958729963623586652548352183122243,6,137.713888888888888888888888888888888888888888888888888888888,outside-current-safety-theorem
hostile-adaptive-timing-grid-v1-456,synthetic,adversarial-design-search,deterministic-adversarial-v1,6,1,identity-a0-b0,frictionless,dca,1500,0,50.0000000000000000000000000000000000000000000000000000000001,0,,epsilon-dca
hostile-adaptive-timing-grid-v1-456,synthetic,adversarial-design-search,deterministic-adversarial-v1,6,1,identity-a0-b0,frictionless,neutral_guarded,1500,0,50.0000000000000000000000000000000000000000000000000000000001,0,1000,epsilon-dca
hostile-adaptive-timing-grid-v1-456,synthetic,adversarial-design-search,deterministic-adversarial-v1,6,1,identity-a0-b0,frictionless,corrected_guarded,1500,0,50.0000000000000000000000000000000000000000000000000000000001,0,1000,epsilon-dca
hostile-adaptive-timing-grid-v1-456,synthetic,adversarial-design-search,deterministic-adversarial-v1,6,1,identity-a0-b0,proportional-10bps,dca,1498.5014985014985014985014985014985014985014985014985014985,0.000000000000000000000000000000000000000000000000000000001,49.95004995004995004995004995004995004995004995004995004995,5.994005994005994005994005994005994005994005994005994005994,,outside-current-safety-theorem
hostile-adaptive-timing-grid-v1-456,synthetic,adversarial-design-search,deterministic-adversarial-v1,6,1,identity-a0-b0,proportional-10bps,neutral_guarded,1498.5014985014985014985014985014985014985014985014985014985,0.000000000000000000000000000000000000000000000000000000001,49.95004995004995004995004995004995004995004995004995004995,5.994005994005994005994005994005994005994005994005994005994,1000,outside-current-safety-theorem
hostile-adaptive-timing-grid-v1-456,synthetic,adversarial-design-search,deterministic-adversarial-v1,6,1,identity-a0-b0,proportional-10bps,corrected_guarded,1498.5014985014985014985014985014985014985014985014985014985,0.000000000000000000000000000000000000000000000000000000001,49.95004995004995004995004995004995004995004995004995004995,5.994005994005994005994005994005994005994005994005994005994,1000,outside-current-safety-theorem
hostile-adaptive-timing-grid-v1-456,synthetic,adversarial-design-search,deterministic-adversarial-v1,6,1,identity-a0-b0,fixed-1-usd,dca,1498.5,0,49.95,6,,outside-current-safety-theorem
hostile-adaptive-timing-grid-v1-456,synthetic,adversarial-design-search,deterministic-adversarial-v1,6,1,identity-a0-b0,fixed-1-usd,neutral_guarded,1498.5,0,49.95,6,1000,outside-current-safety-theorem
hostile-adaptive-timing-grid-v1-456,synthetic,adversarial-design-search,deterministic-adversarial-v1,6,1,identity-a0-b0,fixed-1-usd,corrected_guarded,1498.5,0,49.95,6,1000,outside-current-safety-theorem
hostile-adaptive-timing-grid-v1-456,synthetic,adversarial-design-search,deterministic-adversarial-v1,6,0.9,identity-a0-b0,frictionless,dca,1500,0,50.0000000000000000000000000000000000000000000000000000000001,0,,epsilon-dca
hostile-adaptive-timing-grid-v1-456,synthetic,adversarial-design-search,deterministic-adversarial-v1,6,0.9,identity-a0-b0,frictionless,neutral_guarded,1772.10937499999999999999999999999999999999999999999999999999,351.757812499999999999999999999999999999999999999999999999993,47.3450520833333333333333333333333333333333333333333333333334,0,753.19010416666666666666666666666666666666666666666666666667,epsilon-dca
hostile-adaptive-timing-grid-v1-456,synthetic,adversarial-design-search,deterministic-adversarial-v1,6,0.9,identity-a0-b0,frictionless,corrected_guarded,1834.48846542701225145060928289205507686786816910085183779178,418.814015094715355663247034302200755654719175373176954126063,47.189148344409896526245408286328477373771633124255829455524,0,744.15291556447698642204944721970337537855427642378280163278,epsilon-dca
hostile-adaptive-timing-grid-v1-456,synthetic,adversarial-design-search,deterministic-adversarial-v1,6,0.9,identity-a0-b0,proportional-10bps,dca,1498.5014985014985014985014985014985014985014985014985014985,0.000000000000000000000000000000000000000000000000000000001,49.95004995004995004995004995004995004995004995004995004995,5.994005994005994005994005994005994005994005994005994005994,,outside-current-safety-theorem
hostile-adaptive-timing-grid-v1-456,synthetic,adversarial-design-search,deterministic-adversarial-v1,6,0.9,identity-a0-b0,proportional-10bps,neutral_guarded,1770.5436513671654309578745959901745498008205795795981289113,351.575210282826194166506115565595182064627520636497406066586,47.2989480361446412263789493474859789245397686314366907614904,5.64278200770946434149200188255185296497040207728621637755584,753.297724767335687085008015443657220028075633261465541005195,outside-current-safety-theorem
hostile-adaptive-timing-grid-v1-456,synthetic,adversarial-design-search,deterministic-adversarial-v1,6,0.9,identity-a0-b0,proportional-10bps,corrected_guarded,1832.86439127139165955158965668815548079085294681710525143165,418.560290841772191947663183593596936997599829782243678868483,47.1434700143206489201308824364852847931084372344953857521058,5.57586384531291489315917763876763542757482534487288343769382,744.275461696649940432644761388373005543783013607327687099913,outside-current-safety-theorem
hostile-adaptive-timing-grid-v1-456,synthetic,adversarial-design-search,deterministic-adversarial-v1,6,0.9,identity-a0-b0,fixed-1-usd,dca,1498.5,0,49.95,6,,outside-current-safety-theorem
hostile-adaptive-timing-grid-v1-456,synthetic,adversarial-design-search,deterministic-adversarial-v1,6,0.9,identity-a0-b0,fixed-1-usd,neutral_guarded,1770.35588541666666666666666666666666666666666666666666666665,351.438237847222222222222222222222222222222222222222222222213,47.2972549189814814814814814814814814814814814814814814814814,6,753.390176504629629629629629629629629629629629629629629629633,outside-current-safety-theorem
hostile-adaptive-timing-grid-v1-456,synthetic,adversarial-design-search,deterministic-adversarial-v1,6,0.9,identity-a0-b0,fixed-1-usd,corrected_guarded,1832.68247208305228780395049695656354721240108955780118332371,418.437122483293727954952813178807518897068188950777834691807,47.14151165332528532829992279259186761051109668690077828773,6,744.359524459978799319470894861806376820397949333657590717083,outside-current-safety-theorem
hostile-adaptive-timing-grid-v1-456,synthetic,adversarial-design-search,deterministic-adversarial-v1,6,0.75,identity-a0-b0,frictionless,dca,1500,0,50.0000000000000000000000000000000000000000000000000000000001,0,,epsilon-dca
hostile-adaptive-timing-grid-v1-456,synthetic,adversarial-design-search,deterministic-adversarial-v1,6,0.75,identity-a0-b0,frictionless,neutral_guarded,2118.1640625,801.7578125,43.8802083333333333333333333333333333333333333333333333333333,0,408.854166666666666666666666666666666666666666666666666666667,epsilon-dca
hostile-adaptive-timing-grid-v1-456,synthetic,adversarial-design-search,deterministic-adversarial-v1,6,0.75,identity-a0-b0,frictionless,corrected_guarded,2202.73605241650395075869066672847607134904716974964001916244,880.178648798005041823326910128424863111018872179830416168879,44.0852467872832969645121252200017069412676099189936534331185,0,409.995720268225365577202837119338281632507915175632042789883,epsilon-dca
hostile-adaptive-timing-grid-v1-456,synthetic,adversarial-design-search,deterministic-adversarial-v1,6,0.75,identity-a0-b0,proportional-10bps,dca,1498.5014985014985014985014985014985014985014985014985014985,0.000000000000000000000000000000000000000000000000000000001,49.95004995004995004995004995004995004995004995004995004995,5.994005994005994005994005994005994005994005994005994005994,,outside-current-safety-theorem
hostile-adaptive-timing-grid-v1-456,synthetic,adversarial-design-search,deterministic-adversarial-v1,6,0.75,identity-a0-b0,proportional-10bps,neutral_guarded,2116.75409248179911010098482102055710693210859386521519149388,801.641345342458017549854089633296136388144584439103801165016,43.8370915713113697517043577129086990181321336475370463442955,5.19316548916837360884130460576094292069116425130958661222276,409.009872039875040334657105036040322994663822204377090513468,outside-current-safety-theorem
hostile-adaptive-timing-grid-v1-456,synthetic,adversarial-design-search,deterministic-adversarial-v1,6,0.75,identity-a0-b0,proportional-10bps,corrected_guarded,2201.30300176232314103891426470051865581866313310210529939281,880.060109885239264079020709424828901539408184724524943718632,44.0414297292361292319964518425229918093084982792526785224726,5.11482506504971102489608320736780329516542638888658846781355,410.148724945411974891061323561632503330107598507466156469258,outside-current-safety-theorem
hostile-adaptive-timing-grid-v1-456,synthetic,adversarial-design-search,deterministic-adversarial-v1,6,0.75,identity-a0-b0,fixed-1-usd,dca,1498.5,0,49.95,6,,outside-current-safety-theorem
hostile-adaptive-timing-grid-v1-456,synthetic,adversarial-design-search,deterministic-adversarial-v1,6,0.75,identity-a0-b0,fixed-1-usd,neutral_guarded,2116.473828125,801.51323784722222222222222222222222222222222222222222222222,43.8320196759259259259259259259259259259259259259259259259259,6,409.169560185185185185185185185185185185185185185185185185188,outside-current-safety-theorem
hostile-adaptive-timing-grid-v1-456,synthetic,adversarial-design-search,deterministic-adversarial-v1,6,0.75,identity-a0-b0,fixed-1-usd,corrected_guarded,2201.01843745202932771116700072125185264548307923760885111772,879.920627763732580138995480859322528010770916555826952740066,44.0365936562765582524057173287309774878237387560593966125883,6,410.308797912453425799995679335316333300723381028181052202567,outside-current-safety-theorem
hostile-adaptive-timing-grid-v1-456,synthetic,adversarial-design-search,deterministic-adversarial-v1,6,0.5,identity-a0-b0,frictionless,dca,1500,0,50.0000000000000000000000000000000000000000000000000000000001,0,,epsilon-dca
hostile-adaptive-timing-grid-v1-456,synthetic,adversarial-design-search,deterministic-adversarial-v1,6,0.5,identity-a0-b0,frictionless,neutral_guarded,2224.21875,964.84375,41.9791666666666666666666666666666666666666666666666666666668,0,125.000000000000000000000000000000000000000000000000000000001,epsilon-dca
hostile-adaptive-timing-grid-v1-456,synthetic,adversarial-design-search,deterministic-adversarial-v1,6,0.5,identity-a0-b0,frictionless,corrected_guarded,2323.26218252386231452972502793586581203861920790215216407554,1050.10841683125183611770360008348593777411916258637309829565,42.4384588564203492804007142617459958088166681771926355259963,0,137.500000000000000000000000000000000000000000000000000000001,epsilon-dca
hostile-adaptive-timing-grid-v1-456,synthetic,adversarial-design-search,deterministic-adversarial-v1,6,0.5,identity-a0-b0,proportional-10bps,dca,1498.5014985014985014985014985014985014985014985014985014985,0.000000000000000000000000000000000000000000000000000000001,49.95004995004995004995004995004995004995004995004995004995,5.994005994005994005994005994005994005994005994005994005994,,outside-current-safety-theorem
hostile-adaptive-timing-grid-v1-456,synthetic,adversarial-design-search,deterministic-adversarial-v1,6,0.5,identity-a0-b0,proportional-10bps,neutral_guarded,2222.93643387706823022755841186162113985539311462139882470801,964.816425769535160144550753941363331972722582113191503800896,41.9373336035844356694335885973419269294223510836069106969037,5.03015342080965518467077846759104562240487254534146702916994,125.104083395791687499979208270916562624854333146041437749729,outside-current-safety-theorem
hostile-adaptive-timing-grid-v1-456,synthetic,adversarial-design-search,deterministic-adversarial-v1,6,0.5,identity-a0-b0,proportional-10bps,corrected_guarded,2321.96015742404219688204529803233828790438238018926842465069,1050.08434466901679678108380927225848277499948919124467945649,42.3958604251675133366987162920026601709794296999341248398066,4.94497068464633686635256362710064087634865185894980551502848,137.587437537487487537437587387637337687287737237787187837138,outside-current-safety-theorem
hostile-adaptive-timing-grid-v1-456,synthetic,adversarial-design-search,deterministic-adversarial-v1,6,0.5,identity-a0-b0,fixed-1-usd,dca,1498.5,0,49.95,6,,outside-current-safety-theorem
hostile-adaptive-timing-grid-v1-456,synthetic,adversarial-design-search,deterministic-adversarial-v1,6,0.5,identity-a0-b0,fixed-1-usd,neutral_guarded,2222.66927083333333333333333333333333333333333333333333333334,964.78385416666666666666666666666666666666666666666666666667,41.9295138888888888888888888888888888888888888888888888888891,6,125.222222222222222222222222222222222222222222222222222222222,outside-current-safety-theorem
hostile-adaptive-timing-grid-v1-456,synthetic,adversarial-design-search,deterministic-adversarial-v1,6,0.5,identity-a0-b0,fixed-1-usd,corrected_guarded,2321.69705337881994893787343180193960893951842276492276386662,1050.04525638888143790322122413222647670593454106388537322142,42.3883932329979503678217402556571044077861293900345796881735,6,137.713888888888888888888888888888888888888888888888888888888,outside-current-safety-theorem
hostile-adaptive-timing-grid-v1-517,synthetic,adversarial-design-search,deterministic-adversarial-v1,6,1,identity-a0-b0,frictionless,dca,2300,0,76.6666666666666666666666666666666666666666666666666666666668,0,,epsilon-dca
hostile-adaptive-timing-grid-v1-517,synthetic,adversarial-design-search,deterministic-adversarial-v1,6,1,identity-a0-b0,frictionless,neutral_guarded,2300,0,76.6666666666666666666666666666666666666666666666666666666668,0,1000,epsilon-dca
hostile-adaptive-timing-grid-v1-517,synthetic,adversarial-design-search,deterministic-adversarial-v1,6,1,identity-a0-b0,frictionless,corrected_guarded,2300,0,76.6666666666666666666666666666666666666666666666666666666668,0,1000,epsilon-dca
hostile-adaptive-timing-grid-v1-517,synthetic,adversarial-design-search,deterministic-adversarial-v1,6,1,identity-a0-b0,proportional-10bps,dca,2297.7022977022977022977022977022977022977022977022977022977,0.000000000000000000000000000000000000000000000000000000001,76.59007659007659007659007659007659007659007659007659007659,5.994005994005994005994005994005994005994005994005994005994,,outside-current-safety-theorem
hostile-adaptive-timing-grid-v1-517,synthetic,adversarial-design-search,deterministic-adversarial-v1,6,1,identity-a0-b0,proportional-10bps,neutral_guarded,2297.7022977022977022977022977022977022977022977022977022977,0.000000000000000000000000000000000000000000000000000000001,76.59007659007659007659007659007659007659007659007659007659,5.994005994005994005994005994005994005994005994005994005994,1000,outside-current-safety-theorem
hostile-adaptive-timing-grid-v1-517,synthetic,adversarial-design-search,deterministic-adversarial-v1,6,1,identity-a0-b0,proportional-10bps,corrected_guarded,2297.7022977022977022977022977022977022977022977022977022977,0.000000000000000000000000000000000000000000000000000000001,76.59007659007659007659007659007659007659007659007659007659,5.994005994005994005994005994005994005994005994005994005994,1000,outside-current-safety-theorem
hostile-adaptive-timing-grid-v1-517,synthetic,adversarial-design-search,deterministic-adversarial-v1,6,1,identity-a0-b0,fixed-1-usd,dca,2297.7,0,76.59,6,,outside-current-safety-theorem
hostile-adaptive-timing-grid-v1-517,synthetic,adversarial-design-search,deterministic-adversarial-v1,6,1,identity-a0-b0,fixed-1-usd,neutral_guarded,2297.7,0,76.59,6,1000,outside-current-safety-theorem
hostile-adaptive-timing-grid-v1-517,synthetic,adversarial-design-search,deterministic-adversarial-v1,6,1,identity-a0-b0,fixed-1-usd,corrected_guarded,2297.7,0,76.59,6,1000,outside-current-safety-theorem
hostile-adaptive-timing-grid-v1-517,synthetic,adversarial-design-search,deterministic-adversarial-v1,6,0.9,identity-a0-b0,frictionless,dca,2300,0,76.6666666666666666666666666666666666666666666666666666666668,0,,epsilon-dca
hostile-adaptive-timing-grid-v1-517,synthetic,adversarial-design-search,deterministic-adversarial-v1,6,0.9,identity-a0-b0,frictionless,neutral_guarded,2494.06666666666666666666666666666666666666666666666666666666,282.7111111111111111111111111111111111111111111111111111111,73.7118518518518518518518518518518518518518518518518518518519,0,777.448148148148148148148148148148148148148148148148148148153,epsilon-dca
hostile-adaptive-timing-grid-v1-517,synthetic,adversarial-design-search,deterministic-adversarial-v1,6,0.9,identity-a0-b0,frictionless,corrected_guarded,2506.57970607920516525760224199691438142160015750886513550638,251.38296251026239400965094318235083094247139955284934887237,75.1732247856314257082650432938187850159709585985338595544669,0,750.767634910693566600742132691278775199879490400684904610008,epsilon-dca
hostile-adaptive-timing-grid-v1-517,synthetic,adversarial-design-search,deterministic-adversarial-v1,6,0.9,identity-a0-b0,proportional-10bps,dca,2297.7022977022977022977022977022977022977022977022977022977,0.000000000000000000000000000000000000000000000000000000001,76.59007659007659007659007659007659007659007659007659007659,5.994005994005994005994005994005994005994005994005994005994,,outside-current-safety-theorem
hostile-adaptive-timing-grid-v1-517,synthetic,adversarial-design-search,deterministic-adversarial-v1,6,0.9,identity-a0-b0,proportional-10bps,neutral_guarded,2491.7699529955589249617759415856415330579490303262313291568,282.594602314856409902481206557744658502792476958673146107334,73.6391783560234171686431578342632291518385517789186061016489,5.71169370398116242766984894449775758391329422881251433955311,777.534872162758480102526696178994650116489843584621157557768,outside-current-safety-theorem
hostile-adaptive-timing-grid-v1-517,synthetic,adversarial-design-search,deterministic-adversarial-v1,6,0.9,identity-a0-b0,proportional-10bps,corrected_guarded,2504.21546321635320478014893224120226496305213137642446463886,251.267873788869414102105001256491188539116753635684851592775,75.0982529809161263559347976994903692141311792580246537682031,5.74298913707405652936852647227123757388699625011420094745976,750.88042236146858679152790899587651869209541544033618290033,outside-current-safety-theorem
hostile-adaptive-timing-grid-v1-517,synthetic,adversarial-design-search,deterministic-adversarial-v1,6,0.9,identity-a0-b0,fixed-1-usd,dca,2297.7,0,76.59,6,,outside-current-safety-theorem
hostile-adaptive-timing-grid-v1-517,synthetic,adversarial-design-search,deterministic-adversarial-v1,6,0.9,identity-a0-b0,fixed-1-usd,neutral_guarded,2491.61286666666666666666666666666666666666666666666666666668,282.48857777777777777777777777777777777777777777777777777778,73.6374762962962962962962962962962962962962962962962962962965,6,777.603770370370370370370370370370370370370370370370370370367,outside-current-safety-theorem
hostile-adaptive-timing-grid-v1-517,synthetic,adversarial-design-search,deterministic-adversarial-v1,6,0.9,identity-a0-b0,fixed-1-usd,corrected_guarded,2504.12683842718252477199328860394944255098800593841748990592,251.19129703583902352488759221293618127128378057113304885784,75.0978513797114500415701898797004420426568075122428147016025,6,750.93363878690008516103825213086009841099848795683165765513,outside-current-safety-theorem
hostile-adaptive-timing-grid-v1-517,synthetic,adversarial-design-search,deterministic-adversarial-v1,6,0.75,identity-a0-b0,frictionless,dca,2300,0,76.6666666666666666666666666666666666666666666666666666666668,0,,epsilon-dca
hostile-adaptive-timing-grid-v1-517,synthetic,adversarial-design-search,deterministic-adversarial-v1,6,0.75,identity-a0-b0,frictionless,neutral_guarded,2784.74999999999999999999999999999999999999999999999999999999,706.49999999999999999999999999999999999999999999999999999999,69.275,0,443.944444444444444444444444444444444444444444444444444444448,epsilon-dca
hostile-adaptive-timing-grid-v1-517,synthetic,adversarial-design-search,deterministic-adversarial-v1,6,0.75,identity-a0-b0,frictionless,corrected_guarded,2781.18332006580909140491439122165748034590603768204171538142,608.15124536251127037770041582702752895639801660577242816969,72.4344024901099273675737991798209983796502673692089762403911,0,403.229670876037115447579999765725410664348467219408223863357,epsilon-dca
hostile-adaptive-timing-grid-v1-517,synthetic,adversarial-design-search,deterministic-adversarial-v1,6,0.75,identity-a0-b0,proportional-10bps,dca,2297.7022977022977022977022977022977022977022977022977022977,0.000000000000000000000000000000000000000000000000000000001,76.59007659007659007659007659007659007659007659007659007659,5.994005994005994005994005994005994005994005994005994005994,,outside-current-safety-theorem
hostile-adaptive-timing-grid-v1-517,synthetic,adversarial-design-search,deterministic-adversarial-v1,6,0.75,identity-a0-b0,proportional-10bps,neutral_guarded,2782.54411495554190659241029343093941534229283147525385697382,706.268001296617321572016597899177486793296927847063654683245,69.2092037886308195006797898510587309516331967876063400763524,5.28844355514823444398399940269812438881788518696597037494182,444.091829863017756253182375302223276636266453432513935656938,outside-current-safety-theorem
hostile-adaptive-timing-grid-v1-517,synthetic,adversarial-design-search,deterministic-adversarial-v1,6,0.75,identity-a0-b0,proportional-10bps,corrected_guarded,2778.85771849739532681557767553725386170842768187912920937374,607.913098636635359196650081204345363124707997340503107110699,72.3648206620253322539642531444302832861239894846208700754346,5.38670020116220243836498493386179284403126074191757931357572,403.420628536421296252943187458792008853063032521131745046043,outside-current-safety-theorem
hostile-adaptive-timing-grid-v1-517,synthetic,adversarial-design-search,deterministic-adversarial-v1,6,0.75,identity-a0-b0,fixed-1-usd,dca,2297.7,0,76.59,6,,outside-current-safety-theorem
hostile-adaptive-timing-grid-v1-517,synthetic,adversarial-design-search,deterministic-adversarial-v1,6,0.75,identity-a0-b0,fixed-1-usd,neutral_guarded,2782.20175,706.0345,69.2055750000000000000000000000000000000000000000000000000001,6,444.227527777777777777777777777777777777777777777777777777777,outside-current-safety-theorem
hostile-adaptive-timing-grid-v1-517,synthetic,adversarial-design-search,deterministic-adversarial-v1,6,0.75,identity-a0-b0,fixed-1-usd,corrected_guarded,2778.65811068828314682462799155211162189652968236929553317245,607.76245923417394389571873767442005933049712600372173930683,72.3631883818036400976303084625897187522010852121857931288539,6,403.527578850572102150853570344159976887855372653195342966083,outside-current-safety-theorem
hostile-adaptive-timing-grid-v1-517,synthetic,adversarial-design-search,deterministic-adversarial-v1,6,0.5,identity-a0-b0,frictionless,dca,2300,0,76.6666666666666666666666666666666666666666666666666666666668,0,,epsilon-dca
hostile-adaptive-timing-grid-v1-517,synthetic,adversarial-design-search,deterministic-adversarial-v1,6,0.5,identity-a0-b0,frictionless,neutral_guarded,2928.90625,964.0625,65.4947916666666666666666666666666666666666666666666666666666,0,150,epsilon-dca
hostile-adaptive-timing-grid-v1-517,synthetic,adversarial-design-search,deterministic-adversarial-v1,6,0.5,identity-a0-b0,frictionless,corrected_guarded,2883.0445006050718938075953402312690441281457732492212216621,758.63201017511343293749393115039567870955316742039127500537,70.8137496809986153623367136360291121806197535276276648885577,0,150,epsilon-dca
hostile-adaptive-timing-grid-v1-517,synthetic,adversarial-design-search,deterministic-adversarial-v1,6,0.5,identity-a0-b0,proportional-10bps,dca,2297.7022977022977022977022977022977022977022977022977022977,0.000000000000000000000000000000000000000000000000000000001,76.59007659007659007659007659007659007659007659007659007659,5.994005994005994005994005994005994005994005994005994005994,,outside-current-safety-theorem
hostile-adaptive-timing-grid-v1-517,synthetic,adversarial-design-search,deterministic-adversarial-v1,6,0.5,identity-a0-b0,proportional-10bps,neutral_guarded,2926.94804415115354176293237232298171359110420049480988541927,964.05937812187812187812187812187812187812187812187812187812,65.4296222009758473294936831400367863904327440790977254513717,5.03090971216595592219967844343468719093094717470341845966221,150.016650016650016650016650016650016650016650016650016650017,outside-current-safety-theorem
hostile-adaptive-timing-grid-v1-517,synthetic,adversarial-design-search,deterministic-adversarial-v1,6,0.5,identity-a0-b0,proportional-10bps,corrected_guarded,2880.92489282009368213418659253204913725691974745556066636444,758.630788113445717862953624901909496830974863520585681718178,70.7431368235549321423744322543379880141981627978324994882088,5.23613307880774653560144493016792258058843669977963468359822,150.016650016650016650016650016650016650016650016650016650017,outside-current-safety-theorem
hostile-adaptive-timing-grid-v1-517,synthetic,adversarial-design-search,deterministic-adversarial-v1,6,0.5,identity-a0-b0,fixed-1-usd,dca,2297.7,0,76.59,6,,outside-current-safety-theorem
hostile-adaptive-timing-grid-v1-517,synthetic,adversarial-design-search,deterministic-adversarial-v1,6,0.5,identity-a0-b0,fixed-1-usd,neutral_guarded,2926.615625,964.05625,65.4186458333333333333333333333333333333333333333333333333333,6,150.033333333333333333333333333333333333333333333333333333333,outside-current-safety-theorem
hostile-adaptive-timing-grid-v1-517,synthetic,adversarial-design-search,deterministic-adversarial-v1,6,0.5,identity-a0-b0,fixed-1-usd,corrected_guarded,2880.74987861716822326190203573862633013208401126795060987545,758.62956360765466735826423804092634258863940301298047724441,70.7373438336504518634545932565899995847814869418323377543681,6,150.033333333333333333333333333333333333333333333333333333333,outside-current-safety-theorem
hostile-adaptive-timing-grid-v1-520,synthetic,adversarial-design-search,deterministic-adversarial-v1,6,1,identity-a0-b0,frictionless,dca,2200,0,73.3333333333333333333333333333333333333333333333333333333335,0,,epsilon-dca
hostile-adaptive-timing-grid-v1-520,synthetic,adversarial-design-search,deterministic-adversarial-v1,6,1,identity-a0-b0,frictionless,neutral_guarded,2200,0,73.3333333333333333333333333333333333333333333333333333333335,0,1000,epsilon-dca
hostile-adaptive-timing-grid-v1-520,synthetic,adversarial-design-search,deterministic-adversarial-v1,6,1,identity-a0-b0,frictionless,corrected_guarded,2200,0,73.3333333333333333333333333333333333333333333333333333333335,0,1000,epsilon-dca
hostile-adaptive-timing-grid-v1-520,synthetic,adversarial-design-search,deterministic-adversarial-v1,6,1,identity-a0-b0,proportional-10bps,dca,2197.8021978021978021978021978021978021978021978021978021978,0.000000000000000000000000000000000000000000000000000000001,73.26007326007326007326007326007326007326007326007326007326,5.994005994005994005994005994005994005994005994005994005994,,outside-current-safety-theorem
hostile-adaptive-timing-grid-v1-520,synthetic,adversarial-design-search,deterministic-adversarial-v1,6,1,identity-a0-b0,proportional-10bps,neutral_guarded,2197.8021978021978021978021978021978021978021978021978021978,0.000000000000000000000000000000000000000000000000000000001,73.26007326007326007326007326007326007326007326007326007326,5.994005994005994005994005994005994005994005994005994005994,1000,outside-current-safety-theorem
hostile-adaptive-timing-grid-v1-520,synthetic,adversarial-design-search,deterministic-adversarial-v1,6,1,identity-a0-b0,proportional-10bps,corrected_guarded,2197.8021978021978021978021978021978021978021978021978021978,0.000000000000000000000000000000000000000000000000000000001,73.26007326007326007326007326007326007326007326007326007326,5.994005994005994005994005994005994005994005994005994005994,1000,outside-current-safety-theorem
hostile-adaptive-timing-grid-v1-520,synthetic,adversarial-design-search,deterministic-adversarial-v1,6,1,identity-a0-b0,fixed-1-usd,dca,2197.8,0,73.26,6,,outside-current-safety-theorem
hostile-adaptive-timing-grid-v1-520,synthetic,adversarial-design-search,deterministic-adversarial-v1,6,1,identity-a0-b0,fixed-1-usd,neutral_guarded,2197.8,0,73.26,6,1000,outside-current-safety-theorem
hostile-adaptive-timing-grid-v1-520,synthetic,adversarial-design-search,deterministic-adversarial-v1,6,1,identity-a0-b0,fixed-1-usd,corrected_guarded,2197.8,0,73.26,6,1000,outside-current-safety-theorem
hostile-adaptive-timing-grid-v1-520,synthetic,adversarial-design-search,deterministic-adversarial-v1,6,0.9,identity-a0-b0,frictionless,dca,2200,0,73.3333333333333333333333333333333333333333333333333333333335,0,,epsilon-dca
hostile-adaptive-timing-grid-v1-520,synthetic,adversarial-design-search,deterministic-adversarial-v1,6,0.9,identity-a0-b0,frictionless,neutral_guarded,2439.47499999999999999999999999999999999999999999999999999999,306.31666666666666666666666666666666666666666666666666666666,71.1052777777777777777777777777777777777777777777777777777778,0,757.03333333333333333333333333333333333333333333333333333334,epsilon-dca
hostile-adaptive-timing-grid-v1-520,synthetic,adversarial-design-search,deterministic-adversarial-v1,6,0.9,identity-a0-b0,frictionless,corrected_guarded,2502.13746665980742888372636240404330025716260200230667814328,290.24682110249778698684258457418056139124001607037145044622,73.7296881852436547298961259276620912955307528643978409232354,0,727.249118376830811963965192050538907321714663072867466743097,epsilon-dca
hostile-adaptive-timing-grid-v1-520,synthetic,adversarial-design-search,deterministic-adversarial-v1,6,0.9,identity-a0-b0,proportional-10bps,dca,2197.8021978021978021978021978021978021978021978021978021978,0.000000000000000000000000000000000000000000000000000000001,73.26007326007326007326007326007326007326007326007326007326,5.994005994005994005994005994005994005994005994005994005994,,outside-current-safety-theorem
hostile-adaptive-timing-grid-v1-520,synthetic,adversarial-design-search,deterministic-adversarial-v1,6,0.9,identity-a0-b0,proportional-10bps,neutral_guarded,2437.22326854259359086752409723748293790815392974576791529622,306.187397222550996297031929530252682080668237659557816885296,71.0345290440014198190164055902410085275828564028736699470307,5.68812447829914985384911895151822908883050126107936282029441,757.134244268337553650582422783556922619101838760108672984953,outside-current-safety-theorem
hostile-adaptive-timing-grid-v1-520,synthetic,adversarial-design-search,deterministic-adversarial-v1,6,0.9,identity-a0-b0,proportional-10bps,corrected_guarded,2499.7404216980081939457925022797655248147910726713777808751,290.108811506834098839683816857460076636035393778002800130423,73.6543870063724698368702895140768482726251892964458326914893,5.70418700149167422693338280034219772563832627994205514472485,727.378469272954073101858752736118068040988569965503701949008,outside-current-safety-theorem
hostile-adaptive-timing-grid-v1-520,synthetic,adversarial-design-search,deterministic-adversarial-v1,6,0.9,identity-a0-b0,fixed-1-usd,dca,2197.8,0,73.26,6,,outside-current-safety-theorem
hostile-adaptive-timing-grid-v1-520,synthetic,adversarial-design-search,deterministic-adversarial-v1,6,0.9,identity-a0-b0,fixed-1-usd,neutral_guarded,2437.06692500000000000000000000000000000000000000000000000001,306.06461666666666666666666666666666666666666666666666666668,71.0334102777777777777777777777777777777777777777777777777778,6,757.213933333333333333333333333333333333333333333333333333328,outside-current-safety-theorem
hostile-adaptive-timing-grid-v1-520,synthetic,adversarial-design-search,deterministic-adversarial-v1,6,0.9,identity-a0-b0,fixed-1-usd,corrected_guarded,2499.69246440965843263186992336609306284103844294854734063082,290.01612882020154343585427890964020561574626680492447110628,73.6558778529818963065338548152150952408430725381207623174845,6,727.44029131812650641855929551086733752500553695481368491666,outside-current-safety-theorem
hostile-adaptive-timing-grid-v1-520,synthetic,adversarial-design-search,deterministic-adversarial-v1,6,0.75,identity-a0-b0,frictionless,dca,2200,0,73.3333333333333333333333333333333333333333333333333333333335,0,,epsilon-dca
hostile-adaptive-timing-grid-v1-520,synthetic,adversarial-design-search,deterministic-adversarial-v1,6,0.75,identity-a0-b0,frictionless,neutral_guarded,2713.37499999999999999999999999999999999999999999999999999999,708.91666666666666666666666666666666666666666666666666666666,66.8152777777777777777777777777777777777777777777777777777778,0,443.138888888888888888888888888888888888888888888888888888892,epsilon-dca
hostile-adaptive-timing-grid-v1-520,synthetic,adversarial-design-search,deterministic-adversarial-v1,6,0.75,identity-a0-b0,frictionless,corrected_guarded,2763.71629379677751530041404963281529592900003109815533605435,619.09484479722581624654904665802989871979854255433844513243,71.4873816333183899684621667658261799069733829514605630307306,0,408.175260098148375240714256103718928816357527923379344718917,epsilon-dca
hostile-adaptive-timing-grid-v1-520,synthetic,adversarial-design-search,deterministic-adversarial-v1,6,0.75,identity-a0-b0,proportional-10bps,dca,2197.8021978021978021978021978021978021978021978021978021978,0.000000000000000000000000000000000000000000000000000000001,73.26007326007326007326007326007326007326007326007326007326,5.994005994005994005994005994005994005994005994005994005994,,outside-current-safety-theorem
hostile-adaptive-timing-grid-v1-520,synthetic,adversarial-design-search,deterministic-adversarial-v1,6,0.75,identity-a0-b0,proportional-10bps,neutral_guarded,2711.25295391145187269949562908794293736331163245851260578597,708.689804089470767692650699758472110989728232630180836814376,66.7521049940660368335614976443156942124527799942777256323863,5.28602417173879044186548381642510278622404771965016899419144,443.28456226539994087963767468245840190412268517147487494656,outside-current-safety-theorem
hostile-adaptive-timing-grid-v1-520,synthetic,adversarial-design-search,deterministic-adversarial-v1,6,0.75,identity-a0-b0,proportional-10bps,corrected_guarded,2761.43362982222158683778683888850155934984578264824289880633,618.881256168305611113877376197051745839670161990964211785506,71.4184124551305325241303154230483271170058540219092895673607,5.37574300083086352536076186194100724691341642158744833987462,408.358321515532902696043108251489920357770952494759439725595,outside-current-safety-theorem
hostile-adaptive-timing-grid-v1-520,synthetic,adversarial-design-search,deterministic-adversarial-v1,6,0.75,identity-a0-b0,fixed-1-usd,dca,2197.8,0,73.26,6,,outside-current-safety-theorem
hostile-adaptive-timing-grid-v1-520,synthetic,adversarial-design-search,deterministic-adversarial-v1,6,0.75,identity-a0-b0,fixed-1-usd,neutral_guarded,2710.96137500000000000000000000000000000000000000000000000001,708.49091666666666666666666666666666666666666666666666666667,66.7490152777777777777777777777777777777777777777777777777779,6,443.408722222222222222222222222222222222222222222222222222222,outside-current-safety-theorem
hostile-adaptive-timing-grid-v1-520,synthetic,adversarial-design-search,deterministic-adversarial-v1,6,0.75,identity-a0-b0,fixed-1-usd,corrected_guarded,2761.31540579698825768374388205461323328151273035444882581401,618.74692492189652373094549114693028752637557204869740287294,71.4189493625030577984266130302560981918379052768583807647022,6,408.459758805024750050428241688832211756512736733314153538207,outside-current-safety-theorem
hostile-adaptive-timing-grid-v1-520,synthetic,adversarial-design-search,deterministic-adversarial-v1,6,0.5,identity-a0-b0,frictionless,dca,2200,0,73.3333333333333333333333333333333333333333333333333333333335,0,,epsilon-dca
hostile-adaptive-timing-grid-v1-520,synthetic,adversarial-design-search,deterministic-adversarial-v1,6,0.5,identity-a0-b0,frictionless,neutral_guarded,2836.09375,964.0625,62.4010416666666666666666666666666666666666666666666666666666,0,150,epsilon-dca
hostile-adaptive-timing-grid-v1-520,synthetic,adversarial-design-search,deterministic-adversarial-v1,6,0.5,identity-a0-b0,frictionless,corrected_guarded,2868.22114547396335614105581508394821145030593296120255856876,783.62846116466891478666103217096119466797622875902540093517,69.4864228103098147118131594304329005594109901400725719211197,0,150,epsilon-dca
hostile-adaptive-timing-grid-v1-520,synthetic,adversarial-design-search,deterministic-adversarial-v1,6,0.5,identity-a0-b0,proportional-10bps,dca,2197.8021978021978021978021978021978021978021978021978021978,0.000000000000000000000000000000000000000000000000000000001,73.26007326007326007326007326007326007326007326007326007326,5.994005994005994005994005994005994005994005994005994005994,,outside-current-safety-theorem
hostile-adaptive-timing-grid-v1-520,synthetic,adversarial-design-search,deterministic-adversarial-v1,6,0.5,identity-a0-b0,proportional-10bps,neutral_guarded,2834.22888768324582510396696210882025067839253653439467625281,964.05937812187812187812187812187812187812187812187812187812,62.3389836520455901075281694662314042933423552804172184791564,5.03090971216595592219967844343468719093094717470341845966221,150.016650016650016650016650016650016650016650016650016650017,outside-current-safety-theorem
hostile-adaptive-timing-grid-v1-520,synthetic,adversarial-design-search,deterministic-adversarial-v1,6,0.5,identity-a0-b0,proportional-10bps,corrected_guarded,2866.14133526686615983130183513825462336385872654844818272712,783.627086089056219876381730438650158705255718368311687655489,69.4171416392603313318306701566534821552867669393378831690544,5.21116175215878499512848977978156827302172255907261569664786,150.016650016650016650016650016650016650016650016650016650017,outside-current-safety-theorem
hostile-adaptive-timing-grid-v1-520,synthetic,adversarial-design-search,deterministic-adversarial-v1,6,0.5,identity-a0-b0,fixed-1-usd,dca,2197.8,0,73.26,6,,outside-current-safety-theorem
hostile-adaptive-timing-grid-v1-520,synthetic,adversarial-design-search,deterministic-adversarial-v1,6,0.5,identity-a0-b0,fixed-1-usd,neutral_guarded,2833.904375,964.05625,62.3282708333333333333333333333333333333333333333333333333333,6,150.033333333333333333333333333333333333333333333333333333333,outside-current-safety-theorem
hostile-adaptive-timing-grid-v1-520,synthetic,adversarial-design-search,deterministic-adversarial-v1,6,0.5,identity-a0-b0,fixed-1-usd,corrected_guarded,2866.02655896620874462871809728227825623948514894524493139693,783.62570826329229957628187010287450067060976695681654694922,69.4133616900972148350812075726467918522958460662809461482569,6,150.033333333333333333333333333333333333333333333333333333333,outside-current-safety-theorem
hostile-adaptive-timing-grid-v1-521,synthetic,adversarial-design-search,deterministic-adversarial-v1,6,1,identity-a0-b0,frictionless,dca,2000,0,66.6666666666666666666666666666666666666666666666666666666668,0,,epsilon-dca
hostile-adaptive-timing-grid-v1-521,synthetic,adversarial-design-search,deterministic-adversarial-v1,6,1,identity-a0-b0,frictionless,neutral_guarded,2000,0,66.6666666666666666666666666666666666666666666666666666666668,0,1000,epsilon-dca
hostile-adaptive-timing-grid-v1-521,synthetic,adversarial-design-search,deterministic-adversarial-v1,6,1,identity-a0-b0,frictionless,corrected_guarded,2000,0,66.6666666666666666666666666666666666666666666666666666666668,0,1000,epsilon-dca
hostile-adaptive-timing-grid-v1-521,synthetic,adversarial-design-search,deterministic-adversarial-v1,6,1,identity-a0-b0,proportional-10bps,dca,1998.001998001998001998001998001998001998001998001998001998,0.000000000000000000000000000000000000000000000000000000001,66.6000666000666000666000666000666000666000666000666000666,5.994005994005994005994005994005994005994005994005994005994,,outside-current-safety-theorem
hostile-adaptive-timing-grid-v1-521,synthetic,adversarial-design-search,deterministic-adversarial-v1,6,1,identity-a0-b0,proportional-10bps,neutral_guarded,1998.001998001998001998001998001998001998001998001998001998,0.000000000000000000000000000000000000000000000000000000001,66.6000666000666000666000666000666000666000666000666000666,5.994005994005994005994005994005994005994005994005994005994,1000,outside-current-safety-theorem
hostile-adaptive-timing-grid-v1-521,synthetic,adversarial-design-search,deterministic-adversarial-v1,6,1,identity-a0-b0,proportional-10bps,corrected_guarded,1998.001998001998001998001998001998001998001998001998001998,0.000000000000000000000000000000000000000000000000000000001,66.6000666000666000666000666000666000666000666000666000666,5.994005994005994005994005994005994005994005994005994005994,1000,outside-current-safety-theorem
hostile-adaptive-timing-grid-v1-521,synthetic,adversarial-design-search,deterministic-adversarial-v1,6,1,identity-a0-b0,fixed-1-usd,dca,1998,0,66.6,6,,outside-current-safety-theorem
hostile-adaptive-timing-grid-v1-521,synthetic,adversarial-design-search,deterministic-adversarial-v1,6,1,identity-a0-b0,fixed-1-usd,neutral_guarded,1998,0,66.6,6,1000,outside-current-safety-theorem
hostile-adaptive-timing-grid-v1-521,synthetic,adversarial-design-search,deterministic-adversarial-v1,6,1,identity-a0-b0,fixed-1-usd,corrected_guarded,1998,0,66.6,6,1000,outside-current-safety-theorem
hostile-adaptive-timing-grid-v1-521,synthetic,adversarial-design-search,deterministic-adversarial-v1,6,0.9,identity-a0-b0,frictionless,dca,2000,0,66.6666666666666666666666666666666666666666666666666666666668,0,,epsilon-dca
hostile-adaptive-timing-grid-v1-521,synthetic,adversarial-design-search,deterministic-adversarial-v1,6,0.9,identity-a0-b0,frictionless,neutral_guarded,2261.68055555555555555555555555555555555555555555555555555555,355.13888888888888888888888888888888888888888888888888888888,63.5513888888888888888888888888888888888888888888888888888889,0,740.759259259259259259259259259259259259259259259259259259267,epsilon-dca
hostile-adaptive-timing-grid-v1-521,synthetic,adversarial-design-search,deterministic-adversarial-v1,6,0.9,identity-a0-b0,frictionless,corrected_guarded,2349.0091425749269880709884773470097703466330065573268678697,426.37530878433659508623769035118346123587189490206379186355,64.0877944596863464328250262331942103036920370551754358668718,0,713.728011287521784032610163144422498574716260991973221291367,epsilon-dca
hostile-adaptive-timing-grid-v1-521,synthetic,adversarial-design-search,deterministic-adversarial-v1,6,0.9,identity-a0-b0,proportional-10bps,dca,1998.001998001998001998001998001998001998001998001998001998,0.000000000000000000000000000000000000000000000000000000001,66.6000666000666000666000666000666000666000666000666000666,5.994005994005994005994005994005994005994005994005994005994,,outside-current-safety-theorem
hostile-adaptive-timing-grid-v1-521,synthetic,adversarial-design-search,deterministic-adversarial-v1,6,0.9,identity-a0-b0,proportional-10bps,neutral_guarded,2259.65959456763692196185693706780188315727495586849195239149,354.993117280643673994828669404349377400040870004491194678857,63.4888825762331082655676089221150835252411361954666919237544,5.63936751520415217383133999060504557702293619380170709822292,740.865670915639994417983509492191357512644294645130880387098,outside-current-safety-theorem
hostile-adaptive-timing-grid-v1-521,synthetic,adversarial-design-search,deterministic-adversarial-v1,6,0.9,identity-a0-b0,proportional-10bps,corrected_guarded,2346.92502707914544505523247777279484487090483899264437115829,426.201150454347416625345650985476981772469445090084757059481,64.0241292208266009476628942262439287699478464634186538032937,5.56823061892672585751713721180272029792960095395595928365686,713.854461555750354446466152343247826989649140535641482304002,outside-current-safety-theorem
hostile-adaptive-timing-grid-v1-521,synthetic,adversarial-design-search,deterministic-adversarial-v1,6,0.9,identity-a0-b0,fixed-1-usd,dca,1998,0,66.6,6,,outside-current-safety-theorem
hostile-adaptive-timing-grid-v1-521,synthetic,adversarial-design-search,deterministic-adversarial-v1,6,0.9,identity-a0-b0,fixed-1-usd,neutral_guarded,2259.44809722222222222222222222222222222222222222222222222223,354.82930555555555555555555555555555555555555555555555555556,63.4872930555555555555555555555555555555555555555555555555557,6,740.959037037037037037037037037037037037037037037037037037032,outside-current-safety-theorem
hostile-adaptive-timing-grid-v1-521,synthetic,adversarial-design-search,deterministic-adversarial-v1,6,0.9,identity-a0-b0,fixed-1-usd,corrected_guarded,2346.72203297782418109426186161529756386580543997037765910166,426.02030514141202636902247463895672909477158029222028773303,64.023390927880405157507979565878027825701128655938579045621,6,713.935191663070303036570151610165072258579899155829021226697,outside-current-safety-theorem
hostile-adaptive-timing-grid-v1-521,synthetic,adversarial-design-search,deterministic-adversarial-v1,6,0.75,identity-a0-b0,frictionless,dca,2000,0,66.6666666666666666666666666666666666666666666666666666666668,0,,epsilon-dca
hostile-adaptive-timing-grid-v1-521,synthetic,adversarial-design-search,deterministic-adversarial-v1,6,0.75,identity-a0-b0,frictionless,neutral_guarded,2613.12499999999999999999999999999999999999999999999999999999,856.24999999999999999999999999999999999999999999999999999999,58.5625,0,394.027777777777777777777777777777777777777777777777777777782,epsilon-dca
hostile-adaptive-timing-grid-v1-521,synthetic,adversarial-design-search,deterministic-adversarial-v1,6,0.75,identity-a0-b0,frictionless,corrected_guarded,2748.39942397693936071756689195409197690256657825188116153485,954.507782195173584343646723377141917586207313765877691275094,59.7963880593921925457973389525650019772119754828667823419919,0,364.62747143266428138298964761022928435865836352602526934342,epsilon-dca
hostile-adaptive-timing-grid-v1-521,synthetic,adversarial-design-search,deterministic-adversarial-v1,6,0.75,identity-a0-b0,proportional-10bps,dca,1998.001998001998001998001998001998001998001998001998001998,0.000000000000000000000000000000000000000000000000000000001,66.6000666000666000666000666000666000666000666000666000666,5.994005994005994005994005994005994005994005994005994005994,,outside-current-safety-theorem
hostile-adaptive-timing-grid-v1-521,synthetic,adversarial-design-search,deterministic-adversarial-v1,6,0.75,identity-a0-b0,proportional-10bps,neutral_guarded,2611.13179166585707892132906757314894803857062953783492658779,855.89708880127227804360028613463324771830617467663572573482,58.5078234288194933625909593812838566773421484953733066950991,5.13896394725147624571068902484052622605563818713622804621897,394.215467361466104095987812557071356327930037822656578639743,outside-current-safety-theorem
hostile-adaptive-timing-grid-v1-521,synthetic,adversarial-design-search,deterministic-adversarial-v1,6,0.75,identity-a0-b0,proportional-10bps,corrected_guarded,2746.56048904616618176561863566807001538615244509949615731423,954.463918734149908366057723336461975094586435015400034265308,59.7365523437338757799853637443869346763855336694698707682974,5.04049558568016992171223004661692110380161195303156839733736,364.73237249417063482127999977103534086569717646641227563236,outside-current-safety-theorem
hostile-adaptive-timing-grid-v1-521,synthetic,adversarial-design-search,deterministic-adversarial-v1,6,0.75,identity-a0-b0,fixed-1-usd,dca,1998,0,66.6,6,,outside-current-safety-theorem
hostile-adaptive-timing-grid-v1-521,synthetic,adversarial-design-search,deterministic-adversarial-v1,6,0.75,identity-a0-b0,fixed-1-usd,neutral_guarded,2610.69145833333333333333333333333333333333333333333333333334,855.58958333333333333333333333333333333333333333333333333334,58.5033958333333333333333333333333333333333333333333333333334,6,394.375833333333333333333333333333333333333333333333333333332,outside-current-safety-theorem
hostile-adaptive-timing-grid-v1-521,synthetic,adversarial-design-search,deterministic-adversarial-v1,6,0.75,identity-a0-b0,fixed-1-usd,corrected_guarded,2746.34929803637685500241115574870922838909923596570567391133,954.432526395579286525820628706168140231379063899311298755516,59.7305590546932522825530175680847029385906724022131458385269,6,364.78589510323088083657326982691777551996184059842056200149,outside-current-safety-theorem
hostile-adaptive-timing-grid-v1-521,synthetic,adversarial-design-search,deterministic-adversarial-v1,6,0.5,identity-a0-b0,frictionless,dca,2000,0,66.6666666666666666666666666666666666666666666666666666666668,0,,epsilon-dca
hostile-adaptive-timing-grid-v1-521,synthetic,adversarial-design-search,deterministic-adversarial-v1,6,0.5,identity-a0-b0,frictionless,neutral_guarded,2643.28125,964.0625,55.9739583333333333333333333333333333333333333333333333333333,0,150,epsilon-dca
hostile-adaptive-timing-grid-v1-521,synthetic,adversarial-design-search,deterministic-adversarial-v1,6,0.5,identity-a0-b0,frictionless,corrected_guarded,2796.78562592681177960158033842777933523030585212675898629613,1039.33452951276185208500289926259005840835148929427018391673,58.5817032138016642505525813055063092273984787610829600793132,0,150,epsilon-dca
hostile-adaptive-timing-grid-v1-521,synthetic,adversarial-design-search,deterministic-adversarial-v1,6,0.5,identity-a0-b0,proportional-10bps,dca,1998.001998001998001998001998001998001998001998001998001998,0.000000000000000000000000000000000000000000000000000000001,66.6000666000666000666000666000666000666000666000666000666,5.994005994005994005994005994005994005994005994005994005994,,outside-current-safety-theorem
hostile-adaptive-timing-grid-v1-521,synthetic,adversarial-design-search,deterministic-adversarial-v1,6,0.5,identity-a0-b0,proportional-10bps,neutral_guarded,2641.60963131523820834510145199455888766578077267387956698646,964.05937812187812187812187812187812187812187812187812187812,55.9183417731120028822326524624226921929219631517333815036112,5.03090971216595592219967844343468719093094717470341845966221,150.016650016650016650016650016650016650016650016650016650017,outside-current-safety-theorem
hostile-adaptive-timing-grid-v1-521,synthetic,adversarial-design-search,deterministic-adversarial-v1,6,0.5,identity-a0-b0,proportional-10bps,corrected_guarded,2795.03275527116040230425611651819401212585306357041351767633,1039.33270573576064332220101352459380035795827412956116007654,58.5233349845133252994018367664533403922631596480284119199931,4.95571158268155779887892006640899720243960212374669214777568,150.016650016650016650016650016650016650016650016650016650017,outside-current-safety-theorem
hostile-adaptive-timing-grid-v1-521,synthetic,adversarial-design-search,deterministic-adversarial-v1,6,0.5,identity-a0-b0,fixed-1-usd,dca,1998,0,66.6,6,,outside-current-safety-theorem
hostile-adaptive-timing-grid-v1-521,synthetic,adversarial-design-search,deterministic-adversarial-v1,6,0.5,identity-a0-b0,fixed-1-usd,neutral_guarded,2641.293125,964.05625,55.9078958333333333333333333333333333333333333333333333333333,6,150.033333333333333333333333333333333333333333333333333333333,outside-current-safety-theorem
hostile-adaptive-timing-grid-v1-521,synthetic,adversarial-design-search,deterministic-adversarial-v1,6,0.5,identity-a0-b0,fixed-1-usd,corrected_guarded,2794.79129037336759256981932048098270599915069480541594453923,1039.33087831120543214187352401512154979146427253452271818868,58.5153470687387386809315265488620385402562140756964408783516,6,150.033333333333333333333333333333333333333333333333333333333,outside-current-safety-theorem
hostile-adaptive-timing-grid-v1-544,synthetic,adversarial-design-search,deterministic-adversarial-v1,6,1,identity-a0-b0,frictionless,dca,2200,0,73.3333333333333333333333333333333333333333333333333333333335,0,,epsilon-dca
hostile-adaptive-timing-grid-v1-544,synthetic,adversarial-design-search,deterministic-adversarial-v1,6,1,identity-a0-b0,frictionless,neutral_guarded,2200,0,73.3333333333333333333333333333333333333333333333333333333335,0,1000,epsilon-dca
hostile-adaptive-timing-grid-v1-544,synthetic,adversarial-design-search,deterministic-adversarial-v1,6,1,identity-a0-b0,frictionless,corrected_guarded,2200,0,73.3333333333333333333333333333333333333333333333333333333335,0,1000,epsilon-dca
hostile-adaptive-timing-grid-v1-544,synthetic,adversarial-design-search,deterministic-adversarial-v1,6,1,identity-a0-b0,proportional-10bps,dca,2197.8021978021978021978021978021978021978021978021978021978,0.000000000000000000000000000000000000000000000000000000001,73.26007326007326007326007326007326007326007326007326007326,5.994005994005994005994005994005994005994005994005994005994,,outside-current-safety-theorem
hostile-adaptive-timing-grid-v1-544,synthetic,adversarial-design-search,deterministic-adversarial-v1,6,1,identity-a0-b0,proportional-10bps,neutral_guarded,2197.8021978021978021978021978021978021978021978021978021978,0.000000000000000000000000000000000000000000000000000000001,73.26007326007326007326007326007326007326007326007326007326,5.994005994005994005994005994005994005994005994005994005994,1000,outside-current-safety-theorem
hostile-adaptive-timing-grid-v1-544,synthetic,adversarial-design-search,deterministic-adversarial-v1,6,1,identity-a0-b0,proportional-10bps,corrected_guarded,2197.8021978021978021978021978021978021978021978021978021978,0.000000000000000000000000000000000000000000000000000000001,73.26007326007326007326007326007326007326007326007326007326,5.994005994005994005994005994005994005994005994005994005994,1000,outside-current-safety-theorem
hostile-adaptive-timing-grid-v1-544,synthetic,adversarial-design-search,deterministic-adversarial-v1,6,1,identity-a0-b0,fixed-1-usd,dca,2197.8,0,73.26,6,,outside-current-safety-theorem
hostile-adaptive-timing-grid-v1-544,synthetic,adversarial-design-search,deterministic-adversarial-v1,6,1,identity-a0-b0,fixed-1-usd,neutral_guarded,2197.8,0,73.26,6,1000,outside-current-safety-theorem
hostile-adaptive-timing-grid-v1-544,synthetic,adversarial-design-search,deterministic-adversarial-v1,6,1,identity-a0-b0,fixed-1-usd,corrected_guarded,2197.8,0,73.26,6,1000,outside-current-safety-theorem
hostile-adaptive-timing-grid-v1-544,synthetic,adversarial-design-search,deterministic-adversarial-v1,6,0.9,identity-a0-b0,frictionless,dca,2200,0,73.3333333333333333333333333333333333333333333333333333333335,0,,epsilon-dca
hostile-adaptive-timing-grid-v1-544,synthetic,adversarial-design-search,deterministic-adversarial-v1,6,0.9,identity-a0-b0,frictionless,neutral_guarded,2417.59999999999999999999999999999999999999999999999999999999,291.73333333333333333333333333333333333333333333333333333332,70.8622222222222222222222222222222222222222222222222222222223,0,765.24861111111111111111111111111111111111111111111111111112,epsilon-dca
hostile-adaptive-timing-grid-v1-544,synthetic,adversarial-design-search,deterministic-adversarial-v1,6,0.9,identity-a0-b0,frictionless,corrected_guarded,2461.99656659463563452495249940588184004819586049453067379647,267.93321714942218466561134873469545663761172378464815258269,73.1354449815071149953113716890395461136861378903294173737925,0,717.873666738604961676686589366835755647460712489956113415963,epsilon-dca
hostile-adaptive-timing-grid-v1-544,synthetic,adversarial-design-search,deterministic-adversarial-v1,6,0.9,identity-a0-b0,proportional-10bps,dca,2197.8021978021978021978021978021978021978021978021978021978,0.000000000000000000000000000000000000000000000000000000001,73.26007326007326007326007326007326007326007326007326007326,5.994005994005994005994005994005994005994005994005994005994,,outside-current-safety-theorem
hostile-adaptive-timing-grid-v1-544,synthetic,adversarial-design-search,deterministic-adversarial-v1,6,0.9,identity-a0-b0,proportional-10bps,neutral_guarded,2415.35702892058949732721827395365488537851702668384456273068,291.593461678709129592627748032321192467947354126155548058025,70.7921189080626789244863508640444564303523224185896338224219,5.70270383448680406634103122074693187565639624962422023171028,765.354346965848250461971256727964456980431363260834891780607,outside-current-safety-theorem
hostile-adaptive-timing-grid-v1-544,synthetic,adversarial-design-search,deterministic-adversarial-v1,6,0.9,identity-a0-b0,proportional-10bps,corrected_guarded,2459.61996218314912830660025329863913321744416844988131097478,267.770450476494060225032628066353042600812052498054533429962,73.0616503902218356027189208410762030205544038650608925848275,5.7265030464770289108641032686649819754237641833186268397303,718.034443965166986886048263519129980108309468994928136531528,outside-current-safety-theorem
hostile-adaptive-timing-grid-v1-544,synthetic,adversarial-design-search,deterministic-adversarial-v1,6,0.9,identity-a0-b0,fixed-1-usd,dca,2197.8,0,73.26,6,,outside-current-safety-theorem
hostile-adaptive-timing-grid-v1-544,synthetic,adversarial-design-search,deterministic-adversarial-v1,6,0.9,identity-a0-b0,fixed-1-usd,neutral_guarded,2415.21380000000000000000000000000000000000000000000000000001,291.49586666666666666666666666666666666666666666666666666667,70.7905977777777777777777777777777777777777777777777777777779,6,765.422988888888888888888888888888888888888888888888888888888,outside-current-safety-theorem
hostile-adaptive-timing-grid-v1-544,synthetic,adversarial-design-search,deterministic-adversarial-v1,6,0.9,identity-a0-b0,fixed-1-usd,corrected_guarded,2459.59612154600109957526446277392608056357247258829277762058,267.72729341357698878198274441858177431549387979638198031455,73.0622942710808036931093906118448102082692864263970265768676,6,718.068859190131958538287013284891317722169114031264536362643,outside-current-safety-theorem
hostile-adaptive-timing-grid-v1-544,synthetic,adversarial-design-search,deterministic-adversarial-v1,6,0.75,identity-a0-b0,frictionless,dca,2200,0,73.3333333333333333333333333333333333333333333333333333333335,0,,epsilon-dca
hostile-adaptive-timing-grid-v1-544,synthetic,adversarial-design-search,deterministic-adversarial-v1,6,0.75,identity-a0-b0,frictionless,neutral_guarded,2738.296875,725.53125,67.0921875,0,417.557291666666666666666666666666666666666666666666666666672,epsilon-dca
hostile-adaptive-timing-grid-v1-544,synthetic,adversarial-design-search,deterministic-adversarial-v1,6,0.75,identity-a0-b0,frictionless,corrected_guarded,2787.87942761776933597747305357471956759361000712067829301531,632.52669603801513652394730514446025755906559502449252919647,71.8450910526584733151175249476753103344848137365395254606281,0,348.963569802729256679197783617716554891426804792189988162557,epsilon-dca
hostile-adaptive-timing-grid-v1-544,synthetic,adversarial-design-search,deterministic-adversarial-v1,6,0.75,identity-a0-b0,proportional-10bps,dca,2197.8021978021978021978021978021978021978021978021978021978,0.000000000000000000000000000000000000000000000000000000001,73.26007326007326007326007326007326007326007326007326007326,5.994005994005994005994005994005994005994005994005994005994,,outside-current-safety-theorem
hostile-adaptive-timing-grid-v1-544,synthetic,adversarial-design-search,deterministic-adversarial-v1,6,0.75,identity-a0-b0,proportional-10bps,neutral_guarded,2736.09510298762475458698057007642193550793371092943126358676,725.249240849633374811123506613202361380885524703116331638291,67.0281954045997126591952354487739858042349395408771643982824,5.26948127787249413105781867471208555306604842687001365470702,417.738026610538753949579098246823917965753362913854560279855,outside-current-safety-theorem
hostile-adaptive-timing-grid-v1-544,synthetic,adversarial-design-search,deterministic-adversarial-v1,6,0.75,identity-a0-b0,proportional-10bps,corrected_guarded,2785.60610573477933100104138151162994597671023672810529666282,632.271490081015339558482478996634323156859682010500730747955,71.7778205217921330480852967504998540939950184905868188638288,5.36236614377520945099052699400935632052261770028921005919286,349.104683915430805108314953853893441412193055245192141383743,outside-current-safety-theorem
hostile-adaptive-timing-grid-v1-544,synthetic,adversarial-design-search,deterministic-adversarial-v1,6,0.75,identity-a0-b0,fixed-1-usd,dca,2197.8,0,73.26,6,,outside-current-safety-theorem
hostile-adaptive-timing-grid-v1-544,synthetic,adversarial-design-search,deterministic-adversarial-v1,6,0.75,identity-a0-b0,fixed-1-usd,neutral_guarded,2735.776375,725.03425,67.0247375,6,417.880458333333333333333333333333333333333333333333333333333,outside-current-safety-theorem
hostile-adaptive-timing-grid-v1-544,synthetic,adversarial-design-search,deterministic-adversarial-v1,6,0.75,identity-a0-b0,fixed-1-usd,corrected_guarded,2785.54146824305219762986373281407316086222507241463408731117,632.21375705287243886796581375380154770343901013416581985978,71.777590373005991958729930635342387105292868742682275581713,6,349.17336668451252712517139986295605559755713494257537317186,outside-current-safety-theorem
hostile-adaptive-timing-grid-v1-544,synthetic,adversarial-design-search,deterministic-adversarial-v1,6,0.5,identity-a0-b0,frictionless,dca,2200,0,73.3333333333333333333333333333333333333333333333333333333335,0,,epsilon-dca
hostile-adaptive-timing-grid-v1-544,synthetic,adversarial-design-search,deterministic-adversarial-v1,6,0.5,identity-a0-b0,frictionless,neutral_guarded,2857.65625,964.0625,63.1197916666666666666666666666666666666666666666666666666666,0,150,epsilon-dca
hostile-adaptive-timing-grid-v1-544,synthetic,adversarial-design-search,deterministic-adversarial-v1,6,0.5,identity-a0-b0,frictionless,corrected_guarded,2825.27681338105818439291884648181875200445280409237314544267,704.88192860427701823079521684785868003502413963556329906137,70.6798294925593722054041209877986690656476221485603282127099,0,150,epsilon-dca
hostile-adaptive-timing-grid-v1-544,synthetic,adversarial-design-search,deterministic-adversarial-v1,6,0.5,identity-a0-b0,proportional-10bps,dca,2197.8021978021978021978021978021978021978021978021978021978,0.000000000000000000000000000000000000000000000000000000001,73.26007326007326007326007326007326007326007326007326007326,5.994005994005994005994005994005994005994005994005994005994,,outside-current-safety-theorem
hostile-adaptive-timing-grid-v1-544,synthetic,adversarial-design-search,deterministic-adversarial-v1,6,0.5,identity-a0-b0,proportional-10bps,neutral_guarded,2855.77171797982237542677103116663556223995784435344874905314,964.05937812187812187812187812187812187812187812187812187812,63.0570779952648084516216384348252480120611988743856875725007,5.03090971216595592219967844343468719093094717470341845966221,150.016650016650016650016650016650016650016650016650016650017,outside-current-safety-theorem
hostile-adaptive-timing-grid-v1-544,synthetic,adversarial-design-search,deterministic-adversarial-v1,6,0.5,identity-a0-b0,proportional-10bps,corrected_guarded,2823.16184111802697589118731139751642494822031599533351426609,704.880713345660381397545232365588900932007881814559822049957,70.6093709257455531497880693010642508005404144726924564072044,5.28982945719714247612632843919521588318480731087456561233771,150.016650016650016650016650016650016650016650016650016650017,outside-current-safety-theorem
hostile-adaptive-timing-grid-v1-544,synthetic,adversarial-design-search,deterministic-adversarial-v1,6,0.5,identity-a0-b0,fixed-1-usd,dca,2197.8,0,73.26,6,,outside-current-safety-theorem
hostile-adaptive-timing-grid-v1-544,synthetic,adversarial-design-search,deterministic-adversarial-v1,6,0.5,identity-a0-b0,fixed-1-usd,neutral_guarded,2855.470625,964.05625,63.0471458333333333333333333333333333333333333333333333333333,6,150.033333333333333333333333333333333333333333333333333333333,outside-current-safety-theorem
hostile-adaptive-timing-grid-v1-544,synthetic,adversarial-design-search,deterministic-adversarial-v1,6,0.5,identity-a0-b0,fixed-1-usd,corrected_guarded,2823.08343772826998289462858468526741214095582021532971275896,704.87949565652651129062874791435458227078559147791433808451,70.6067980690581157201333278923637609956723409579138458224818,6,150.033333333333333333333333333333333333333333333333333333333,outside-current-safety-theorem
hostile-adaptive-timing-grid-v1-547,synthetic,adversarial-design-search,deterministic-adversarial-v1,6,1,identity-a0-b0,frictionless,dca,2100.00000000000000000000000000000000000000000000000000000001,0,70.0000000000000000000000000000000000000000000000000000000002,0,,epsilon-dca
hostile-adaptive-timing-grid-v1-547,synthetic,adversarial-design-search,deterministic-adversarial-v1,6,1,identity-a0-b0,frictionless,neutral_guarded,2100.00000000000000000000000000000000000000000000000000000001,0,70.0000000000000000000000000000000000000000000000000000000002,0,1000,epsilon-dca
hostile-adaptive-timing-grid-v1-547,synthetic,adversarial-design-search,deterministic-adversarial-v1,6,1,identity-a0-b0,frictionless,corrected_guarded,2100.00000000000000000000000000000000000000000000000000000001,0,70.0000000000000000000000000000000000000000000000000000000002,0,1000,epsilon-dca
hostile-adaptive-timing-grid-v1-547,synthetic,adversarial-design-search,deterministic-adversarial-v1,6,1,identity-a0-b0,proportional-10bps,dca,2097.9020979020979020979020979020979020979020979020979020979,0.000000000000000000000000000000000000000000000000000000001,69.93006993006993006993006993006993006993006993006993006993,5.994005994005994005994005994005994005994005994005994005994,,outside-current-safety-theorem
hostile-adaptive-timing-grid-v1-547,synthetic,adversarial-design-search,deterministic-adversarial-v1,6,1,identity-a0-b0,proportional-10bps,neutral_guarded,2097.9020979020979020979020979020979020979020979020979020979,0.000000000000000000000000000000000000000000000000000000001,69.93006993006993006993006993006993006993006993006993006993,5.994005994005994005994005994005994005994005994005994005994,1000,outside-current-safety-theorem
hostile-adaptive-timing-grid-v1-547,synthetic,adversarial-design-search,deterministic-adversarial-v1,6,1,identity-a0-b0,proportional-10bps,corrected_guarded,2097.9020979020979020979020979020979020979020979020979020979,0.000000000000000000000000000000000000000000000000000000001,69.93006993006993006993006993006993006993006993006993006993,5.994005994005994005994005994005994005994005994005994005994,1000,outside-current-safety-theorem
hostile-adaptive-timing-grid-v1-547,synthetic,adversarial-design-search,deterministic-adversarial-v1,6,1,identity-a0-b0,fixed-1-usd,dca,2097.9,0,69.93,6,,outside-current-safety-theorem
hostile-adaptive-timing-grid-v1-547,synthetic,adversarial-design-search,deterministic-adversarial-v1,6,1,identity-a0-b0,fixed-1-usd,neutral_guarded,2097.9,0,69.93,6,1000,outside-current-safety-theorem
hostile-adaptive-timing-grid-v1-547,synthetic,adversarial-design-search,deterministic-adversarial-v1,6,1,identity-a0-b0,fixed-1-usd,corrected_guarded,2097.9,0,69.93,6,1000,outside-current-safety-theorem
hostile-adaptive-timing-grid-v1-547,synthetic,adversarial-design-search,deterministic-adversarial-v1,6,0.9,identity-a0-b0,frictionless,dca,2100.00000000000000000000000000000000000000000000000000000001,0,70.0000000000000000000000000000000000000000000000000000000002,0,,epsilon-dca
hostile-adaptive-timing-grid-v1-547,synthetic,adversarial-design-search,deterministic-adversarial-v1,6,0.9,identity-a0-b0,frictionless,neutral_guarded,2365.01718749999999999999999999999999999999999999999999999998,316.67812499999999999999999999999999999999999999999999999998,68.27796875,0,743.80000000000000000000000000000000000000000000000000000001,epsilon-dca
hostile-adaptive-timing-grid-v1-547,synthetic,adversarial-design-search,deterministic-adversarial-v1,6,0.9,identity-a0-b0,frictionless,corrected_guarded,2472.87992158608282631592209122398571696271634970060847178187,312.29651926033178723560344180640484004505669648546402364342,72.0194467441917013026772883139193625639219884405048149379482,0,688.31249005193138838016228280109988987230515157897218921774,epsilon-dca
hostile-adaptive-timing-grid-v1-547,synthetic,adversarial-design-search,deterministic-adversarial-v1,6,0.9,identity-a0-b0,proportional-10bps,dca,2097.9020979020979020979020979020979020979020979020979020979,0.000000000000000000000000000000000000000000000000000000001,69.93006993006993006993006993006993006993006993006993006993,5.994005994005994005994005994005994005994005994005994005994,,outside-current-safety-theorem
hostile-adaptive-timing-grid-v1-547,synthetic,adversarial-design-search,deterministic-adversarial-v1,6,0.9,identity-a0-b0,proportional-10bps,neutral_guarded,2362.80894158115347774778926196525693680712649045837836802582,316.519379778624354218349625795820713787114518999020358305182,68.2096520600843041176479878723145407673337323819786003240212,5.67780281740397167410754283137280647973315232867230733436047,743.924236649835513305830163752588769423706174725011324766342,outside-current-safety-theorem
hostile-adaptive-timing-grid-v1-547,synthetic,adversarial-design-search,deterministic-adversarial-v1,6,0.9,identity-a0-b0,proportional-10bps,corrected_guarded,2470.42308510718940458681060228535939662716067864379166356197,312.095830198916236964845902300999455251124484411049944779889,71.9442418302757722540654899994786647125345398077580572927361,5.68222194785323053250265144625274779695192359199695310211798,688.501898166398781562816498133494224817452119587363343178895,outside-current-safety-theorem
hostile-adaptive-timing-grid-v1-547,synthetic,adversarial-design-search,deterministic-adversarial-v1,6,0.9,identity-a0-b0,fixed-1-usd,dca,2097.9,0,69.93,6,,outside-current-safety-theorem
hostile-adaptive-timing-grid-v1-547,synthetic,adversarial-design-search,deterministic-adversarial-v1,6,0.9,identity-a0-b0,fixed-1-usd,neutral_guarded,2362.6733875,316.408925,68.2088154166666666666666666666666666666666666666666666666667,6,744.001066666666666666666666666666666666666666666666666666667,outside-current-safety-theorem
hostile-adaptive-timing-grid-v1-547,synthetic,adversarial-design-search,deterministic-adversarial-v1,6,0.9,identity-a0-b0,fixed-1-usd,corrected_guarded,2470.47607359669914722757008977681324663510276229977146064068,312.04799789737893264930173974844487061572884229275041003011,71.9476025233106738192756116676122792006457973335673683536858,6,688.537631164945226154626027810701873550916371807193027853678,outside-current-safety-theorem
hostile-adaptive-timing-grid-v1-547,synthetic,adversarial-design-search,deterministic-adversarial-v1,6,0.75,identity-a0-b0,frictionless,dca,2100.00000000000000000000000000000000000000000000000000000001,0,70.0000000000000000000000000000000000000000000000000000000002,0,,epsilon-dca
hostile-adaptive-timing-grid-v1-547,synthetic,adversarial-design-search,deterministic-adversarial-v1,6,0.75,identity-a0-b0,frictionless,neutral_guarded,2665.3359375,726.890625,64.61484375,0,417.104166666666666666666666666666666666666666666666666666672,epsilon-dca
hostile-adaptive-timing-grid-v1-547,synthetic,adversarial-design-search,deterministic-adversarial-v1,6,0.75,identity-a0-b0,frictionless,corrected_guarded,2763.83887002823093114390022566912783636967710686461750595028,636.9583636728020714699701607754356498642887074756515133365,70.8960168785142953224643354964564062168462799796321997537928,0,355.779589155811453721082741100448502749480764795106457561013,epsilon-dca
hostile-adaptive-timing-grid-v1-547,synthetic,adversarial-design-search,deterministic-adversarial-v1,6,0.75,identity-a0-b0,proportional-10bps,dca,2097.9020979020979020979020979020979020979020979020979020979,0.000000000000000000000000000000000000000000000000000000001,69.93006993006993006993006993006993006993006993006993006993,5.994005994005994005994005994005994005994005994005994005994,,outside-current-safety-theorem
hostile-adaptive-timing-grid-v1-547,synthetic,adversarial-design-search,deterministic-adversarial-v1,6,0.75,identity-a0-b0,proportional-10bps,neutral_guarded,2663.22016141840509585222594560589801294220433091733686925275,726.615541441651431806137235577919773838744972511301092804514,64.5534873325584554682029570009326079701153119468678592149415,5.26811634221613243575810465976231790825300202546323567152398,417.282593079866068284574521925251447146466880311126306557782,outside-current-safety-theorem
hostile-adaptive-timing-grid-v1-547,synthetic,adversarial-design-search,deterministic-adversarial-v1,6,0.75,identity-a0-b0,proportional-10bps,corrected_guarded,2761.60935674586562737814026084243789958877908521367673265691,636.731553406781002548044027746783187502873521275029627661811,70.8292601113028208276698744365218237361968521312882368331699,5.35791053605716183561633963262059621628084563309187849384435,355.912497172204099049369751149201486756643828338294910779372,outside-current-safety-theorem
hostile-adaptive-timing-grid-v1-547,synthetic,adversarial-design-search,deterministic-adversarial-v1,6,0.75,identity-a0-b0,fixed-1-usd,dca,2097.9,0,69.93,6,,outside-current-safety-theorem
hostile-adaptive-timing-grid-v1-547,synthetic,adversarial-design-search,deterministic-adversarial-v1,6,0.75,identity-a0-b0,fixed-1-usd,neutral_guarded,2662.9526875,726.435125,64.5505854166666666666666666666666666666666666666666666666667,6,417.4135,outside-current-safety-theorem
hostile-adaptive-timing-grid-v1-547,synthetic,adversarial-design-search,deterministic-adversarial-v1,6,0.75,identity-a0-b0,fixed-1-usd,corrected_guarded,2761.62180564190176026133330085165961152277231201866201232437,636.68132992690689449438237126534498116603150887970120086533,70.8313491904998288588983643195438210118913601046320270486348,6,355.977487307170258060830367478398928864663888140777371856098,outside-current-safety-theorem
hostile-adaptive-timing-grid-v1-547,synthetic,adversarial-design-search,deterministic-adversarial-v1,6,0.5,identity-a0-b0,frictionless,dca,2100.00000000000000000000000000000000000000000000000000000001,0,70.0000000000000000000000000000000000000000000000000000000002,0,,epsilon-dca
hostile-adaptive-timing-grid-v1-547,synthetic,adversarial-design-search,deterministic-adversarial-v1,6,0.5,identity-a0-b0,frictionless,neutral_guarded,2764.84375,964.0625,60.0260416666666666666666666666666666666666666666666666666666,0,150,epsilon-dca
hostile-adaptive-timing-grid-v1-547,synthetic,adversarial-design-search,deterministic-adversarial-v1,6,0.5,identity-a0-b0,frictionless,corrected_guarded,2806.77832541187932788827605373796642622855201619900003110732,728.98575045740445055447436462448430537871012986656585943288,69.2597524984824959111267229704494040283280628777478057224813,0,150,epsilon-dca
hostile-adaptive-timing-grid-v1-547,synthetic,adversarial-design-search,deterministic-adversarial-v1,6,0.5,identity-a0-b0,proportional-10bps,dca,2097.9020979020979020979020979020979020979020979020979020979,0.000000000000000000000000000000000000000000000000000000001,69.93006993006993006993006993006993006993006993006993006993,5.994005994005994005994005994005994005994005994005994005994,,outside-current-safety-theorem
hostile-adaptive-timing-grid-v1-547,synthetic,adversarial-design-search,deterministic-adversarial-v1,6,0.5,identity-a0-b0,proportional-10bps,neutral_guarded,2763.05256151191465876780562095247409932724618039303353988668,964.05937812187812187812187812187812187812187812187812187812,59.9664394463345512296561247610198659149708100757051806002854,5.03090971216595592219967844343468719093094717470341845966221,150.016650016650016650016650016650016650016650016650016650017,outside-current-safety-theorem
hostile-adaptive-timing-grid-v1-547,synthetic,adversarial-design-search,deterministic-adversarial-v1,6,0.5,identity-a0-b0,proportional-10bps,corrected_guarded,2804.70594685746246854113318626691245087412770073653713876414,728.984371436153012845495018153661362277705158150466449904998,69.1907191807103151898546056037750362865474180862023562953045,5.26574987868516182532917580604029833938291192991961393615885,150.016650016650016650016650016650016650016650016650016650017,outside-current-safety-theorem
hostile-adaptive-timing-grid-v1-547,synthetic,adversarial-design-search,deterministic-adversarial-v1,6,0.5,identity-a0-b0,fixed-1-usd,dca,2097.9,0,69.93,6,,outside-current-safety-theorem
hostile-adaptive-timing-grid-v1-547,synthetic,adversarial-design-search,deterministic-adversarial-v1,6,0.5,identity-a0-b0,fixed-1-usd,neutral_guarded,2762.759375,964.05625,59.9567708333333333333333333333333333333333333333333333333333,6,150.033333333333333333333333333333333333333333333333333333333,outside-current-safety-theorem
hostile-adaptive-timing-grid-v1-547,synthetic,adversarial-design-search,deterministic-adversarial-v1,6,0.5,identity-a0-b0,fixed-1-usd,corrected_guarded,2804.68501813993023700559870067347909624836457457340663415533,728.98298965685907226109771298989677329049817649093484155803,69.1900676161023721581500329227860774319288799360823930865767,6,150.033333333333333333333333333333333333333333333333333333333,outside-current-safety-theorem
hostile-adaptive-timing-grid-v1-548,synthetic,adversarial-design-search,deterministic-adversarial-v1,6,1,identity-a0-b0,frictionless,dca,1900,0,63.3333333333333333333333333333333333333333333333333333333335,0,,epsilon-dca
hostile-adaptive-timing-grid-v1-548,synthetic,adversarial-design-search,deterministic-adversarial-v1,6,1,identity-a0-b0,frictionless,neutral_guarded,1900,0,63.3333333333333333333333333333333333333333333333333333333335,0,1000,epsilon-dca
hostile-adaptive-timing-grid-v1-548,synthetic,adversarial-design-search,deterministic-adversarial-v1,6,1,identity-a0-b0,frictionless,corrected_guarded,1900,0,63.3333333333333333333333333333333333333333333333333333333335,0,1000,epsilon-dca
hostile-adaptive-timing-grid-v1-548,synthetic,adversarial-design-search,deterministic-adversarial-v1,6,1,identity-a0-b0,proportional-10bps,dca,1898.1018981018981018981018981018981018981018981018981018981,0.000000000000000000000000000000000000000000000000000000001,63.27006327006327006327006327006327006327006327006327006327,5.994005994005994005994005994005994005994005994005994005994,,outside-current-safety-theorem
hostile-adaptive-timing-grid-v1-548,synthetic,adversarial-design-search,deterministic-adversarial-v1,6,1,identity-a0-b0,proportional-10bps,neutral_guarded,1898.1018981018981018981018981018981018981018981018981018981,0.000000000000000000000000000000000000000000000000000000001,63.27006327006327006327006327006327006327006327006327006327,5.994005994005994005994005994005994005994005994005994005994,1000,outside-current-safety-theorem
hostile-adaptive-timing-grid-v1-548,synthetic,adversarial-design-search,deterministic-adversarial-v1,6,1,identity-a0-b0,proportional-10bps,corrected_guarded,1898.1018981018981018981018981018981018981018981018981018981,0.000000000000000000000000000000000000000000000000000000001,63.27006327006327006327006327006327006327006327006327006327,5.994005994005994005994005994005994005994005994005994005994,1000,outside-current-safety-theorem
hostile-adaptive-timing-grid-v1-548,synthetic,adversarial-design-search,deterministic-adversarial-v1,6,1,identity-a0-b0,fixed-1-usd,dca,1898.1,0,63.27,6,,outside-current-safety-theorem
hostile-adaptive-timing-grid-v1-548,synthetic,adversarial-design-search,deterministic-adversarial-v1,6,1,identity-a0-b0,fixed-1-usd,neutral_guarded,1898.1,0,63.27,6,1000,outside-current-safety-theorem
hostile-adaptive-timing-grid-v1-548,synthetic,adversarial-design-search,deterministic-adversarial-v1,6,1,identity-a0-b0,fixed-1-usd,corrected_guarded,1898.1,0,63.27,6,1000,outside-current-safety-theorem
hostile-adaptive-timing-grid-v1-548,synthetic,adversarial-design-search,deterministic-adversarial-v1,6,0.9,identity-a0-b0,frictionless,dca,1900,0,63.3333333333333333333333333333333333333333333333333333333335,0,,epsilon-dca
hostile-adaptive-timing-grid-v1-548,synthetic,adversarial-design-search,deterministic-adversarial-v1,6,0.9,identity-a0-b0,frictionless,neutral_guarded,2187.71614583333333333333333333333333333333333333333333333332,367.47395833333333333333333333333333333333333333333333333332,60.6747395833333333333333333333333333333333333333333333333333,0,726.868055555555555555555555555555555555555555555555555555567,epsilon-dca
hostile-adaptive-timing-grid-v1-548,synthetic,adversarial-design-search,deterministic-adversarial-v1,6,0.9,identity-a0-b0,frictionless,corrected_guarded,2324.16530613013457375712125243274661763992362499471704241813,468.14406583948844019693873455423307187558964387735136041166,61.8673746763548711186727505959504515254777993705788560668823,0,671.409455124741107268833440549814618115139555242391514687812,epsilon-dca
hostile-adaptive-timing-grid-v1-548,synthetic,adversarial-design-search,deterministic-adversarial-v1,6,0.9,identity-a0-b0,proportional-10bps,dca,1898.1018981018981018981018981018981018981018981018981018981,0.000000000000000000000000000000000000000000000000000000001,63.27006327006327006327006327006327006327006327006327006327,5.994005994005994005994005994005994005994005994005994005994,,outside-current-safety-theorem
hostile-adaptive-timing-grid-v1-548,synthetic,adversarial-design-search,deterministic-adversarial-v1,6,0.9,identity-a0-b0,proportional-10bps,neutral_guarded,2185.7395210461886933394184029395107779862683345682326685194,367.293696458274716747858230926022280103597139870479410153843,60.614860819597132553052005733782949929422373156591775278852,5.62707922431740787537676500406990781208431854158793265718898,726.999464423285392462660628709188247318211967767858307483452,outside-current-safety-theorem
hostile-adaptive-timing-grid-v1-548,synthetic,adversarial-design-search,deterministic-adversarial-v1,6,0.9,identity-a0-b0,proportional-10bps,corrected_guarded,2322.03395031103280883971347542491731357758191642124053495898,467.874795583039624894669243133596573509765034802947827718036,61.8053051575997727981681410763773580022605627206097569080314,5.52659860581114922587945130556084258390632863656049168060135,671.598993182466420016482676420327050050535966095690744372642,outside-current-safety-theorem
hostile-adaptive-timing-grid-v1-548,synthetic,adversarial-design-search,deterministic-adversarial-v1,6,0.9,identity-a0-b0,fixed-1-usd,dca,1898.1,0,63.27,6,,outside-current-safety-theorem
hostile-adaptive-timing-grid-v1-548,synthetic,adversarial-design-search,deterministic-adversarial-v1,6,0.9,identity-a0-b0,fixed-1-usd,neutral_guarded,2185.54714583333333333333333333333333333333333333333333333334,367.14395833333333333333333333333333333333333333333333333334,60.6134395833333333333333333333333333333333333333333333333333,6,727.089388888888888888888888888888888888888888888888888888888,outside-current-safety-theorem
hostile-adaptive-timing-grid-v1-548,synthetic,adversarial-design-search,deterministic-adversarial-v1,6,0.9,identity-a0-b0,fixed-1-usd,corrected_guarded,2321.91598355897340497658374507284566699615118395869469264137,467.75583756135660802796571478219140088943054710369695427065,61.8053381999205598982872676763551422035573545618332579456905,6,671.653379788713020146150354041947873785801484977154654922272,outside-current-safety-theorem
hostile-adaptive-timing-grid-v1-548,synthetic,adversarial-design-search,deterministic-adversarial-v1,6,0.75,identity-a0-b0,frictionless,dca,1900,0,63.3333333333333333333333333333333333333333333333333333333335,0,,epsilon-dca
hostile-adaptive-timing-grid-v1-548,synthetic,adversarial-design-search,deterministic-adversarial-v1,6,0.75,identity-a0-b0,frictionless,neutral_guarded,2562.3515625,868.203125,56.4716145833333333333333333333333333333333333333333333333333,0,370.000000000000000000000000000000000000000000000000000000003,epsilon-dca
hostile-adaptive-timing-grid-v1-548,synthetic,adversarial-design-search,deterministic-adversarial-v1,6,0.75,identity-a0-b0,frictionless,corrected_guarded,2710.64629536039619392604505577359927312727178128556596140456,908.339874058738383983755480430943408164802082852532520159603,60.0768807100552603314096525114218621654156566144344480414987,0,337.106731325962610297805351353025903207306324305704913997362,epsilon-dca
hostile-adaptive-timing-grid-v1-548,synthetic,adversarial-design-search,deterministic-adversarial-v1,6,0.75,identity-a0-b0,proportional-10bps,dca,1898.1018981018981018981018981018981018981018981018981018981,0.000000000000000000000000000000000000000000000000000000001,63.27006327006327006327006327006327006327006327006327006327,5.994005994005994005994005994005994005994005994005994005994,,outside-current-safety-theorem
hostile-adaptive-timing-grid-v1-548,synthetic,adversarial-design-search,deterministic-adversarial-v1,6,0.75,identity-a0-b0,proportional-10bps,neutral_guarded,2560.60505159258538527465560316980469411299476183798499001622,868.161665536949624739956286531589350648413463720035270363071,56.414779535187858684489977221273844782152709937264990655105,5.126711622840210165094948764703706942409177358921043685951,370.100551714766670639968171607361588209910716574881580704928,outside-current-safety-theorem
hostile-adaptive-timing-grid-v1-548,synthetic,adversarial-design-search,deterministic-adversarial-v1,6,0.75,identity-a0-b0,proportional-10bps,corrected_guarded,2708.84917108869187127494597396893232756330763783241176439381,908.321500032589422771876758055151383382224187838881054482138,60.0175890352034149501023071971260314727027816664510236637222,5.08659190805935122600212112082402459202575006209901992559228,337.142578781800212390833542878268223195434081178061991538298,outside-current-safety-theorem
hostile-adaptive-timing-grid-v1-548,synthetic,adversarial-design-search,deterministic-adversarial-v1,6,0.75,identity-a0-b0,fixed-1-usd,dca,1898.1,0,63.27,6,,outside-current-safety-theorem
hostile-adaptive-timing-grid-v1-548,synthetic,adversarial-design-search,deterministic-adversarial-v1,6,0.75,identity-a0-b0,fixed-1-usd,neutral_guarded,2560.3713125,868.120625,56.40835625,6,370.185,outside-current-safety-theorem
hostile-adaptive-timing-grid-v1-548,synthetic,adversarial-design-search,deterministic-adversarial-v1,6,0.75,identity-a0-b0,fixed-1-usd,corrected_guarded,2708.75406476001160624809748103579673008914552218659316910943,908.293023244603062366719379187427410278911186135172074560098,60.015368050513618129379270061612310660341144535047369818311,6,337.194374041937320379920906206069987473042019261348930008045,outside-current-safety-theorem
hostile-adaptive-timing-grid-v1-548,synthetic,adversarial-design-search,deterministic-adversarial-v1,6,0.5,identity-a0-b0,frictionless,dca,1900,0,63.3333333333333333333333333333333333333333333333333333333335,0,,epsilon-dca
hostile-adaptive-timing-grid-v1-548,synthetic,adversarial-design-search,deterministic-adversarial-v1,6,0.5,identity-a0-b0,frictionless,neutral_guarded,2572.03125,964.0625,53.5989583333333333333333333333333333333333333333333333333333,0,150,epsilon-dca
hostile-adaptive-timing-grid-v1-548,synthetic,adversarial-design-search,deterministic-adversarial-v1,6,0.5,identity-a0-b0,frictionless,corrected_guarded,2727.5407569843965957111442233316207067346804021330414195562,976.71259103466790152507894595505958836110095639843921059952,58.3609388649909564728688425792187039457859815244867402985559,0,150,epsilon-dca
hostile-adaptive-timing-grid-v1-548,synthetic,adversarial-design-search,deterministic-adversarial-v1,6,0.5,identity-a0-b0,proportional-10bps,dca,1898.1018981018981018981018981018981018981018981018981018981,0.000000000000000000000000000000000000000000000000000000001,63.27006327006327006327006327006327006327006327006327006327,5.994005994005994005994005994005994005994005994005994005994,,outside-current-safety-theorem
hostile-adaptive-timing-grid-v1-548,synthetic,adversarial-design-search,deterministic-adversarial-v1,6,0.5,identity-a0-b0,proportional-10bps,neutral_guarded,2570.43330514390704200894011083821273631463441653251843062033,964.05937812187812187812187812187812187812187812187812187812,53.5457975674009640043606077572111538145504179470213436247402,5.03090971216595592219967844343468719093094717470341845966221,150.016650016650016650016650016650016650016650016650016650017,outside-current-safety-theorem
hostile-adaptive-timing-grid-v1-548,synthetic,adversarial-design-search,deterministic-adversarial-v1,6,0.5,identity-a0-b0,proportional-10bps,corrected_guarded,2725.79516547690248907203483704839835563167246194119999946754,976.710743388923470342989698760549512661490591410900923164648,58.3028140695993006243015046095949614323393956843433025434297,5.01827098562545107857843186937008040693157783075834073609926,150.016650016650016650016650016650016650016650016650016650017,outside-current-safety-theorem
hostile-adaptive-timing-grid-v1-548,synthetic,adversarial-design-search,deterministic-adversarial-v1,6,0.5,identity-a0-b0,fixed-1-usd,dca,1898.1,0,63.27,6,,outside-current-safety-theorem
hostile-adaptive-timing-grid-v1-548,synthetic,adversarial-design-search,deterministic-adversarial-v1,6,0.5,identity-a0-b0,fixed-1-usd,neutral_guarded,2570.148125,964.05625,53.5363958333333333333333333333333333333333333333333333333333,6,150.033333333333333333333333333333333333333333333333333333333,outside-current-safety-theorem
hostile-adaptive-timing-grid-v1-548,synthetic,adversarial-design-search,deterministic-adversarial-v1,6,0.5,identity-a0-b0,fixed-1-usd,corrected_guarded,2725.64774979941352821514278035946183321008480997377655528944,976.70889204788755029853627307165041681048100569338755915488,58.2979619250508659305535502429270472133201268093462998711519,6,150.033333333333333333333333333333333333333333333333333333333,outside-current-safety-theorem
hostile-adaptive-timing-grid-v1-556,synthetic,adversarial-design-search,deterministic-adversarial-v1,6,1,identity-a0-b0,frictionless,dca,1900,0,63.3333333333333333333333333333333333333333333333333333333335,0,,epsilon-dca
hostile-adaptive-timing-grid-v1-556,synthetic,adversarial-design-search,deterministic-adversarial-v1,6,1,identity-a0-b0,frictionless,neutral_guarded,1900,0,63.3333333333333333333333333333333333333333333333333333333335,0,1000,epsilon-dca
hostile-adaptive-timing-grid-v1-556,synthetic,adversarial-design-search,deterministic-adversarial-v1,6,1,identity-a0-b0,frictionless,corrected_guarded,1900,0,63.3333333333333333333333333333333333333333333333333333333335,0,1000,epsilon-dca
hostile-adaptive-timing-grid-v1-556,synthetic,adversarial-design-search,deterministic-adversarial-v1,6,1,identity-a0-b0,proportional-10bps,dca,1898.1018981018981018981018981018981018981018981018981018981,0.000000000000000000000000000000000000000000000000000000001,63.27006327006327006327006327006327006327006327006327006327,5.994005994005994005994005994005994005994005994005994005994,,outside-current-safety-theorem
hostile-adaptive-timing-grid-v1-556,synthetic,adversarial-design-search,deterministic-adversarial-v1,6,1,identity-a0-b0,proportional-10bps,neutral_guarded,1898.1018981018981018981018981018981018981018981018981018981,0.000000000000000000000000000000000000000000000000000000001,63.27006327006327006327006327006327006327006327006327006327,5.994005994005994005994005994005994005994005994005994005994,1000,outside-current-safety-theorem
hostile-adaptive-timing-grid-v1-556,synthetic,adversarial-design-search,deterministic-adversarial-v1,6,1,identity-a0-b0,proportional-10bps,corrected_guarded,1898.1018981018981018981018981018981018981018981018981018981,0.000000000000000000000000000000000000000000000000000000001,63.27006327006327006327006327006327006327006327006327006327,5.994005994005994005994005994005994005994005994005994005994,1000,outside-current-safety-theorem
hostile-adaptive-timing-grid-v1-556,synthetic,adversarial-design-search,deterministic-adversarial-v1,6,1,identity-a0-b0,fixed-1-usd,dca,1898.1,0,63.27,6,,outside-current-safety-theorem
hostile-adaptive-timing-grid-v1-556,synthetic,adversarial-design-search,deterministic-adversarial-v1,6,1,identity-a0-b0,fixed-1-usd,neutral_guarded,1898.1,0,63.27,6,1000,outside-current-safety-theorem
hostile-adaptive-timing-grid-v1-556,synthetic,adversarial-design-search,deterministic-adversarial-v1,6,1,identity-a0-b0,fixed-1-usd,corrected_guarded,1898.1,0,63.27,6,1000,outside-current-safety-theorem
hostile-adaptive-timing-grid-v1-556,synthetic,adversarial-design-search,deterministic-adversarial-v1,6,0.9,identity-a0-b0,frictionless,dca,1900,0,63.3333333333333333333333333333333333333333333333333333333335,0,,epsilon-dca
hostile-adaptive-timing-grid-v1-556,synthetic,adversarial-design-search,deterministic-adversarial-v1,6,0.9,identity-a0-b0,frictionless,neutral_guarded,2120.50781249999999999999999999999999999999999999999999999999,273.67187499999999999999999999999999999999999999999999999999,61.5611979166666666666666666666666666666666666666666666666667,0,763.95833333333333333333333333333333333333333333333333333334,epsilon-dca
hostile-adaptive-timing-grid-v1-556,synthetic,adversarial-design-search,deterministic-adversarial-v1,6,0.9,identity-a0-b0,frictionless,corrected_guarded,2140.88060302667467967602924871067153985185981528937260842723,219.87856417325081504476844178916720958985843999384295086638,64.0334012951141288210420268973834776754000458431843219186951,0,741.640340692114294433070740056719692221034825474808848346488,epsilon-dca
hostile-adaptive-timing-grid-v1-556,synthetic,adversarial-design-search,deterministic-adversarial-v1,6,0.9,identity-a0-b0,proportional-10bps,dca,1898.1018981018981018981018981018981018981018981018981018981,0.000000000000000000000000000000000000000000000000000000001,63.27006327006327006327006327006327006327006327006327006327,5.994005994005994005994005994005994005994005994005994005994,,outside-current-safety-theorem
hostile-adaptive-timing-grid-v1-556,synthetic,adversarial-design-search,deterministic-adversarial-v1,6,0.9,identity-a0-b0,proportional-10bps,neutral_guarded,2118.56051272156982931500079434174776909902094566654911632464,273.561091333075833662336644543326145020823052248754083469985,61.4999807129497998550888049932807208026065964472598344284883,5.7207181904764477186190443111455283266525244233279179985315,764.052874302904307134490971116483782405424132313724059903608,outside-current-safety-theorem
hostile-adaptive-timing-grid-v1-556,synthetic,adversarial-design-search,deterministic-adversarial-v1,6,0.9,identity-a0-b0,proportional-10bps,corrected_guarded,2138.82916502911661180436055503870888116505478022241851747032,219.780146367457570068457890915324080120679639243596788650948,63.9683006220553013911967554707794933681458380326273909606458,5.77444540822431811181972238669797794193738297777862458676228,741.754550752489604828203424304775383694784436503506687703055,outside-current-safety-theorem
hostile-adaptive-timing-grid-v1-556,synthetic,adversarial-design-search,deterministic-adversarial-v1,6,0.9,identity-a0-b0,fixed-1-usd,dca,1898.1,0,63.27,6,,outside-current-safety-theorem
hostile-adaptive-timing-grid-v1-556,synthetic,adversarial-design-search,deterministic-adversarial-v1,6,0.9,identity-a0-b0,fixed-1-usd,neutral_guarded,2118.42031250000000000000000000000000000000000000000000000001,273.45354166666666666666666666666666666666666666666666666667,61.4988923611111111111111111111111111111111111111111111111113,6,764.136111111111111111111111111111111111111111111111111111108,outside-current-safety-theorem
hostile-adaptive-timing-grid-v1-556,synthetic,adversarial-design-search,deterministic-adversarial-v1,6,0.9,identity-a0-b0,fixed-1-usd,corrected_guarded,2138.7919683058869285144696870296812484938298928503677044056,219.71086172845124141804470501790222965604221529882918649466,63.9693702192478562365474994003926339612595892517179505970313,6,741.821208598016523569865244768064990596109314042142544745802,outside-current-safety-theorem
hostile-adaptive-timing-grid-v1-556,synthetic,adversarial-design-search,deterministic-adversarial-v1,6,0.75,identity-a0-b0,frictionless,dca,1900,0,63.3333333333333333333333333333333333333333333333333333333335,0,,epsilon-dca
hostile-adaptive-timing-grid-v1-556,synthetic,adversarial-design-search,deterministic-adversarial-v1,6,0.75,identity-a0-b0,frictionless,neutral_guarded,2438.0859375,675.390625,58.7565104166666666666666666666666666666666666666666666666666,0,417.708333333333333333333333333333333333333333333333333333338,epsilon-dca
hostile-adaptive-timing-grid-v1-556,synthetic,adversarial-design-search,deterministic-adversarial-v1,6,0.75,identity-a0-b0,frictionless,corrected_guarded,2449.34128402055004684357684565449743650404562740826424534589,522.72181474801551037234166148117383825235122177103483043442,64.2206489757511512157078394724441199417231468545743138303824,0,383.496154486689945502394773087925420259047471971403011307992,epsilon-dca
hostile-adaptive-timing-grid-v1-556,synthetic,adversarial-design-search,deterministic-adversarial-v1,6,0.75,identity-a0-b0,proportional-10bps,dca,1898.1018981018981018981018981018981018981018981018981018981,0.000000000000000000000000000000000000000000000000000000001,63.27006327006327006327006327006327006327006327006327006327,5.994005994005994005994005994005994005994005994005994005994,,outside-current-safety-theorem
hostile-adaptive-timing-grid-v1-556,synthetic,adversarial-design-search,deterministic-adversarial-v1,6,0.75,identity-a0-b0,proportional-10bps,neutral_guarded,2436.20186988612505266733561052950174557141173327258438940514,675.198261542522877670418270847640849097105956301535119150242,58.7001202781200724998972446560620298824768592323683090084965,5.31948225620127584648309863052183731358930473895950537547429,417.866271058340670104473790241625745838758657052308399020572,outside-current-safety-theorem
hostile-adaptive-timing-grid-v1-556,synthetic,adversarial-design-search,deterministic-adversarial-v1,6,0.75,identity-a0-b0,proportional-10bps,corrected_guarded,2447.34712142373609237728232097153094100536159723902551743847,522.596291221814308328626857164466910635690524585850279733837,64.1583610067307261349551821269021343456557024217725079234877,5.4719317770011845071642089339016314579064030723418079123538,383.59834177520791650060925499310642802659551461676173966297,outside-current-safety-theorem
hostile-adaptive-timing-grid-v1-556,synthetic,adversarial-design-search,deterministic-adversarial-v1,6,0.75,identity-a0-b0,fixed-1-usd,dca,1898.1,0,63.27,6,,outside-current-safety-theorem
hostile-adaptive-timing-grid-v1-556,synthetic,adversarial-design-search,deterministic-adversarial-v1,6,0.75,identity-a0-b0,fixed-1-usd,neutral_guarded,2435.94218750000000000000000000000000000000000000000000000001,674.99479166666666666666666666666666666666666666666666666667,58.6982465277777777777777777777777777777777777777777777777779,6,418.019444444444444444444444444444444444444444444444444444443,outside-current-safety-theorem
hostile-adaptive-timing-grid-v1-556,synthetic,adversarial-design-search,deterministic-adversarial-v1,6,0.75,identity-a0-b0,fixed-1-usd,corrected_guarded,2447.295967872396366751822818086639641361345810505683716912,522.46905469638442299463817199246489706870138482763995670204,64.1608971058670647919061548698058248097548141892681253403319,6,383.720591501607388685702703987843436849044838220992379946245,outside-current-safety-theorem
hostile-adaptive-timing-grid-v1-556,synthetic,adversarial-design-search,deterministic-adversarial-v1,6,0.5,identity-a0-b0,frictionless,dca,1900,0,63.3333333333333333333333333333333333333333333333333333333335,0,,epsilon-dca
hostile-adaptive-timing-grid-v1-556,synthetic,adversarial-design-search,deterministic-adversarial-v1,6,0.5,identity-a0-b0,frictionless,neutral_guarded,2593.59375,964.0625,54.3177083333333333333333333333333333333333333333333333333333,0,150,epsilon-dca
hostile-adaptive-timing-grid-v1-556,synthetic,adversarial-design-search,deterministic-adversarial-v1,6,0.5,identity-a0-b0,frictionless,corrected_guarded,2569.53558896773860105307265937911762484651404326370013748311,708.63501153829520991915041825468058101529210759208111132242,62.030019247648113037797408037481234794374064522387300872023,0,150,epsilon-dca
hostile-adaptive-timing-grid-v1-556,synthetic,adversarial-design-search,deterministic-adversarial-v1,6,0.5,identity-a0-b0,proportional-10bps,dca,1898.1018981018981018981018981018981018981018981018981018981,0.000000000000000000000000000000000000000000000000000000001,63.27006327006327006327006327006327006327006327006327006327,5.994005994005994005994005994005994005994005994005994005994,,outside-current-safety-theorem
hostile-adaptive-timing-grid-v1-556,synthetic,adversarial-design-search,deterministic-adversarial-v1,6,0.5,identity-a0-b0,proportional-10bps,neutral_guarded,2591.97613544048359233174417989602804787619972435157250342065,964.05937812187812187812187812187812187812187812187812187812,54.2638919106201823484540767258049975332692615409898127180844,5.03090971216595592219967844343468719093094717470341845966221,150.016650016650016650016650016650016650016650016650016650017,outside-current-safety-theorem
hostile-adaptive-timing-grid-v1-556,synthetic,adversarial-design-search,deterministic-adversarial-v1,6,0.5,identity-a0-b0,proportional-10bps,corrected_guarded,2567.68190785161736801039729212882921048411499289605748426654,708.633356105392949048710195362343353336060124063790688671468,61.9682850582074806320562365588828619049351622944088931865022,5.28608056333127577517611369094670993672721266327293637495358,150.016650016650016650016650016650016650016650016650016650017,outside-current-safety-theorem
hostile-adaptive-timing-grid-v1-556,synthetic,adversarial-design-search,deterministic-adversarial-v1,6,0.5,identity-a0-b0,fixed-1-usd,dca,1898.1,0,63.27,6,,outside-current-safety-theorem
hostile-adaptive-timing-grid-v1-556,synthetic,adversarial-design-search,deterministic-adversarial-v1,6,0.5,identity-a0-b0,fixed-1-usd,neutral_guarded,2591.714375,964.05625,54.2552708333333333333333333333333333333333333333333333333333,6,150.033333333333333333333333333333333333333333333333333333333,outside-current-safety-theorem
hostile-adaptive-timing-grid-v1-556,synthetic,adversarial-design-search,deterministic-adversarial-v1,6,0.5,identity-a0-b0,fixed-1-usd,corrected_guarded,2567.64633457385983378839787171176672397900155027508174386829,708.6316973616248836565290920242214512014696765684436851752,61.9671545737411650043956259895848424259177291235546019564364,6,150.033333333333333333333333333333333333333333333333333333333,outside-current-safety-theorem
hostile-adaptive-timing-grid-v1-557,synthetic,adversarial-design-search,deterministic-adversarial-v1,6,1,identity-a0-b0,frictionless,dca,1700,0,56.6666666666666666666666666666666666666666666666666666666668,0,,epsilon-dca
hostile-adaptive-timing-grid-v1-557,synthetic,adversarial-design-search,deterministic-adversarial-v1,6,1,identity-a0-b0,frictionless,neutral_guarded,1700,0,56.6666666666666666666666666666666666666666666666666666666668,0,1000,epsilon-dca
hostile-adaptive-timing-grid-v1-557,synthetic,adversarial-design-search,deterministic-adversarial-v1,6,1,identity-a0-b0,frictionless,corrected_guarded,1700,0,56.6666666666666666666666666666666666666666666666666666666668,0,1000,epsilon-dca
hostile-adaptive-timing-grid-v1-557,synthetic,adversarial-design-search,deterministic-adversarial-v1,6,1,identity-a0-b0,proportional-10bps,dca,1698.3016983016983016983016983016983016983016983016983016983,0.000000000000000000000000000000000000000000000000000000001,56.61005661005661005661005661005661005661005661005661005661,5.994005994005994005994005994005994005994005994005994005994,,outside-current-safety-theorem
hostile-adaptive-timing-grid-v1-557,synthetic,adversarial-design-search,deterministic-adversarial-v1,6,1,identity-a0-b0,proportional-10bps,neutral_guarded,1698.3016983016983016983016983016983016983016983016983016983,0.000000000000000000000000000000000000000000000000000000001,56.61005661005661005661005661005661005661005661005661005661,5.994005994005994005994005994005994005994005994005994005994,1000,outside-current-safety-theorem
hostile-adaptive-timing-grid-v1-557,synthetic,adversarial-design-search,deterministic-adversarial-v1,6,1,identity-a0-b0,proportional-10bps,corrected_guarded,1698.3016983016983016983016983016983016983016983016983016983,0.000000000000000000000000000000000000000000000000000000001,56.61005661005661005661005661005661005661005661005661005661,5.994005994005994005994005994005994005994005994005994005994,1000,outside-current-safety-theorem
hostile-adaptive-timing-grid-v1-557,synthetic,adversarial-design-search,deterministic-adversarial-v1,6,1,identity-a0-b0,fixed-1-usd,dca,1698.3,0,56.61,6,,outside-current-safety-theorem
hostile-adaptive-timing-grid-v1-557,synthetic,adversarial-design-search,deterministic-adversarial-v1,6,1,identity-a0-b0,fixed-1-usd,neutral_guarded,1698.3,0,56.61,6,1000,outside-current-safety-theorem
hostile-adaptive-timing-grid-v1-557,synthetic,adversarial-design-search,deterministic-adversarial-v1,6,1,identity-a0-b0,fixed-1-usd,corrected_guarded,1698.3,0,56.61,6,1000,outside-current-safety-theorem
hostile-adaptive-timing-grid-v1-557,synthetic,adversarial-design-search,deterministic-adversarial-v1,6,0.9,identity-a0-b0,frictionless,dca,1700,0,56.6666666666666666666666666666666666666666666666666666666668,0,,epsilon-dca
hostile-adaptive-timing-grid-v1-557,synthetic,adversarial-design-search,deterministic-adversarial-v1,6,0.9,identity-a0-b0,frictionless,neutral_guarded,1941.15885416666666666666666666666666666666666666666666666666,316.27604166666666666666666666666666666666666666666666666666,54.1627604166666666666666666666666666666666666666666666666667,0,749.756944444444444444444444444444444444444444444444444444452,epsilon-dca
hostile-adaptive-timing-grid-v1-557,synthetic,adversarial-design-search,deterministic-adversarial-v1,6,0.9,identity-a0-b0,frictionless,corrected_guarded,1981.83677831796023769688495039951590364441868804913892148084,335.82158514764570150880249082573238382144622747349087441764,54.8671731056771512062694153191261173274324153525216015687734,0,728.197631719570581461661745539024984479230396784684054128673,epsilon-dca
hostile-adaptive-timing-grid-v1-557,synthetic,adversarial-design-search,deterministic-adversarial-v1,6,0.9,identity-a0-b0,proportional-10bps,dca,1698.3016983016983016983016983016983016983016983016983016983,0.000000000000000000000000000000000000000000000000000000001,56.61005661005661005661005661005661005661005661005661005661,5.994005994005994005994005994005994005994005994005994005994,,outside-current-safety-theorem
hostile-adaptive-timing-grid-v1-557,synthetic,adversarial-design-search,deterministic-adversarial-v1,6,0.9,identity-a0-b0,proportional-10bps,neutral_guarded,1939.4284674943746811375027442835554807936945336776923460188,316.144520229457711761331095581308272930533176805944851815758,54.1094649088305656458723882900749069287720452290582498067679,5.67817730246807421402464426015853319387559123196209305512913,749.858398004110347768159487437156406435520757461327137121685,outside-current-safety-theorem
hostile-adaptive-timing-grid-v1-557,synthetic,adversarial-design-search,deterministic-adversarial-v1,6,0.9,identity-a0-b0,proportional-10bps,corrected_guarded,1980.05761492972699383010885823951879606276341032547410572316,335.676463961956059151934403462759576055356741802254355602455,54.8127050322590311559391484925586406669135556174406583373571,5.65866487116687706378428131522201840553910415404370194245508,728.315996646098311748331938610879437141024032303562237915415,outside-current-safety-theorem
hostile-adaptive-timing-grid-v1-557,synthetic,adversarial-design-search,deterministic-adversarial-v1,6,0.9,identity-a0-b0,fixed-1-usd,dca,1698.3,0,56.61,6,,outside-current-safety-theorem
hostile-adaptive-timing-grid-v1-557,synthetic,adversarial-design-search,deterministic-adversarial-v1,6,0.9,identity-a0-b0,fixed-1-usd,neutral_guarded,1939.2485763888888888888888888888888888888888888888888888889,316.00659722222222222222222222222222222222222222222222222223,54.1080659722222222222222222222222222222222222222222222222223,6,749.951759259259259259259259259259259259259259259259259259257,outside-current-safety-theorem
hostile-adaptive-timing-grid-v1-557,synthetic,adversarial-design-search,deterministic-adversarial-v1,6,0.9,identity-a0-b0,fixed-1-usd,corrected_guarded,1979.9121082970434024944260969682538643824596631940370427306,335.55054907808091274159024280785036709396190727158688346524,54.812051973965416325094528472013449909616591864081671975512,6,728.394096666133201963173841273442475475442060162501234962485,outside-current-safety-theorem
hostile-adaptive-timing-grid-v1-557,synthetic,adversarial-design-search,deterministic-adversarial-v1,6,0.75,identity-a0-b0,frictionless,dca,1700,0,56.6666666666666666666666666666666666666666666666666666666668,0,,epsilon-dca
hostile-adaptive-timing-grid-v1-557,synthetic,adversarial-design-search,deterministic-adversarial-v1,6,0.75,identity-a0-b0,frictionless,neutral_guarded,2296.54947916666666666666666666666666666666666666666666666666,785.80729166666666666666666666666666666666666666666666666666,50.3580729166666666666666666666666666666666666666666666666667,0,380.902777777777777777777777777777777777777777777777777777783,epsilon-dca
hostile-adaptive-timing-grid-v1-557,synthetic,adversarial-design-search,deterministic-adversarial-v1,6,0.75,identity-a0-b0,frictionless,corrected_guarded,2376.59478644855768422518486321966845510301396890953608223702,818.74545218009765224476801800587739415124230011927871866859,51.9283111422820010660138948404597020317257222930085787856144,0,344.226852300821082913837194383920993164368389242295855145882,epsilon-dca
hostile-adaptive-timing-grid-v1-557,synthetic,adversarial-design-search,deterministic-adversarial-v1,6,0.75,identity-a0-b0,proportional-10bps,dca,1698.3016983016983016983016983016983016983016983016983016983,0.000000000000000000000000000000000000000000000000000000001,56.61005661005661005661005661005661005661005661005661005661,5.994005994005994005994005994005994005994005994005994005994,,outside-current-safety-theorem
hostile-adaptive-timing-grid-v1-557,synthetic,adversarial-design-search,deterministic-adversarial-v1,6,0.75,identity-a0-b0,proportional-10bps,neutral_guarded,2294.830932561827558662831925802537208101102904857919160798,785.519048665415102140499335995862730581842354470041752504825,50.3103961298804152174110863268891492506420183462625802764395,5.20927167965492996789160905494918808133682082470525299450068,381.092675350709928614446768525551785343846524329472854569043,outside-current-safety-theorem
hostile-adaptive-timing-grid-v1-557,synthetic,adversarial-design-search,deterministic-adversarial-v1,6,0.75,identity-a0-b0,proportional-10bps,corrected_guarded,2374.86578009118658756894819352508621582109876375443639206884,818.485918171195885286338132090596810339242644621178494625071,51.8793287306663567427536687144829801827285373044419299147923,5.17633774408471939531834352438501817148926808729152997539952,344.361033945564813729722595868208987601254652685641431058695,outside-current-safety-theorem
hostile-adaptive-timing-grid-v1-557,synthetic,adversarial-design-search,deterministic-adversarial-v1,6,0.75,identity-a0-b0,fixed-1-usd,dca,1698.3,0,56.61,6,,outside-current-safety-theorem
hostile-adaptive-timing-grid-v1-557,synthetic,adversarial-design-search,deterministic-adversarial-v1,6,0.75,identity-a0-b0,fixed-1-usd,neutral_guarded,2294.43211805555555555555555555555555555555555555555555555556,785.217013888888888888888888888888888888888888888888888888895,50.307170138888888888888888888888888888888888888888888888889,6,381.278703703703703703703703703703703703703703703703703703702,outside-current-safety-theorem
hostile-adaptive-timing-grid-v1-557,synthetic,adversarial-design-search,deterministic-adversarial-v1,6,0.75,identity-a0-b0,fixed-1-usd,corrected_guarded,2374.55954486935954340631702304849696521747066560199641417596,818.23615562793991797611840404884495065815718393719690517921,51.8774463080473208476732872999884004853104493888266502998917,6,344.510940604230106646629425676698334593176190448303303605175,outside-current-safety-theorem
hostile-adaptive-timing-grid-v1-557,synthetic,adversarial-design-search,deterministic-adversarial-v1,6,0.5,identity-a0-b0,frictionless,dca,1700,0,56.6666666666666666666666666666666666666666666666666666666668,0,,epsilon-dca
hostile-adaptive-timing-grid-v1-557,synthetic,adversarial-design-search,deterministic-adversarial-v1,6,0.5,identity-a0-b0,frictionless,neutral_guarded,2400.78125,964.0625,47.890625,0,150,epsilon-dca
hostile-adaptive-timing-grid-v1-557,synthetic,adversarial-design-search,deterministic-adversarial-v1,6,0.5,identity-a0-b0,frictionless,corrected_guarded,2474.51997220636751864126346301194751544544265655118998634102,961.48546010816524620949729817582193838992092516593460238101,50.4344837366067424143922054945375192351840577128418461320004,0,150,epsilon-dca
hostile-adaptive-timing-grid-v1-557,synthetic,adversarial-design-search,deterministic-adversarial-v1,6,0.5,identity-a0-b0,proportional-10bps,dca,1698.3016983016983016983016983016983016983016983016983016983,0.000000000000000000000000000000000000000000000000000000001,56.61005661005661005661005661005661005661005661005661005661,5.994005994005994005994005994005994005994005994005994005994,,outside-current-safety-theorem
hostile-adaptive-timing-grid-v1-557,synthetic,adversarial-design-search,deterministic-adversarial-v1,6,0.5,identity-a0-b0,proportional-10bps,neutral_guarded,2399.3568790724759755728786697817666848635879604910573941543,964.05937812187812187812187812187812187812187812187812187812,47.8432500316865951231585597219962854328488694123059757425392,5.03090971216595592219967844343468719093094717470341845966221,150.016650016650016650016650016650016650016650016650016650017,outside-current-safety-theorem
hostile-adaptive-timing-grid-v1-557,synthetic,adversarial-design-search,deterministic-adversarial-v1,6,0.5,identity-a0-b0,proportional-10bps,corrected_guarded,2473.01403078992613574651512560885503549096165764576935278513,961.483213994665641804226242962669686392932421558845705531364,50.3843605598420164647429627548728449699343078695641215751257,5.0334833027026317264693044525847455680390285498912630314372,150.016650016650016650016650016650016650016650016650016650017,outside-current-safety-theorem
hostile-adaptive-timing-grid-v1-557,synthetic,adversarial-design-search,deterministic-adversarial-v1,6,0.5,identity-a0-b0,fixed-1-usd,dca,1698.3,0,56.61,6,,outside-current-safety-theorem
hostile-adaptive-timing-grid-v1-557,synthetic,adversarial-design-search,deterministic-adversarial-v1,6,0.5,identity-a0-b0,fixed-1-usd,neutral_guarded,2399.103125,964.05625,47.8348958333333333333333333333333333333333333333333333333333,6,150.033333333333333333333333333333333333333333333333333333333,outside-current-safety-theorem
hostile-adaptive-timing-grid-v1-557,synthetic,adversarial-design-search,deterministic-adversarial-v1,6,0.5,identity-a0-b0,fixed-1-usd,corrected_guarded,2472.83116218587598159484975387401403364546595127318389910393,961.48096338893903819014464563909112989194994094454263088801,50.3783399598978981134901702744974301251172003442880422738639,6,150.033333333333333333333333333333333333333333333333333333333,outside-current-safety-theorem
hostile-adaptive-timing-grid-v1-625,synthetic,adversarial-design-search,deterministic-adversarial-v1,6,1,identity-a0-b0,frictionless,dca,2000,0,66.6666666666666666666666666666666666666666666666666666666668,0,,epsilon-dca
hostile-adaptive-timing-grid-v1-625,synthetic,adversarial-design-search,deterministic-adversarial-v1,6,1,identity-a0-b0,frictionless,neutral_guarded,2000,0,66.6666666666666666666666666666666666666666666666666666666668,0,1000,epsilon-dca
hostile-adaptive-timing-grid-v1-625,synthetic,adversarial-design-search,deterministic-adversarial-v1,6,1,identity-a0-b0,frictionless,corrected_guarded,2000,0,66.6666666666666666666666666666666666666666666666666666666668,0,1000,epsilon-dca
hostile-adaptive-timing-grid-v1-625,synthetic,adversarial-design-search,deterministic-adversarial-v1,6,1,identity-a0-b0,proportional-10bps,dca,1998.001998001998001998001998001998001998001998001998001998,0.000000000000000000000000000000000000000000000000000000001,66.6000666000666000666000666000666000666000666000666000666,5.994005994005994005994005994005994005994005994005994005994,,outside-current-safety-theorem
hostile-adaptive-timing-grid-v1-625,synthetic,adversarial-design-search,deterministic-adversarial-v1,6,1,identity-a0-b0,proportional-10bps,neutral_guarded,1998.001998001998001998001998001998001998001998001998001998,0.000000000000000000000000000000000000000000000000000000001,66.6000666000666000666000666000666000666000666000666000666,5.994005994005994005994005994005994005994005994005994005994,1000,outside-current-safety-theorem
hostile-adaptive-timing-grid-v1-625,synthetic,adversarial-design-search,deterministic-adversarial-v1,6,1,identity-a0-b0,proportional-10bps,corrected_guarded,1998.001998001998001998001998001998001998001998001998001998,0.000000000000000000000000000000000000000000000000000000001,66.6000666000666000666000666000666000666000666000666000666,5.994005994005994005994005994005994005994005994005994005994,1000,outside-current-safety-theorem
hostile-adaptive-timing-grid-v1-625,synthetic,adversarial-design-search,deterministic-adversarial-v1,6,1,identity-a0-b0,fixed-1-usd,dca,1998,0,66.6,6,,outside-current-safety-theorem
hostile-adaptive-timing-grid-v1-625,synthetic,adversarial-design-search,deterministic-adversarial-v1,6,1,identity-a0-b0,fixed-1-usd,neutral_guarded,1998,0,66.6,6,1000,outside-current-safety-theorem
hostile-adaptive-timing-grid-v1-625,synthetic,adversarial-design-search,deterministic-adversarial-v1,6,1,identity-a0-b0,fixed-1-usd,corrected_guarded,1998,0,66.6,6,1000,outside-current-safety-theorem
hostile-adaptive-timing-grid-v1-625,synthetic,adversarial-design-search,deterministic-adversarial-v1,6,0.9,identity-a0-b0,frictionless,dca,2000,0,66.6666666666666666666666666666666666666666666666666666666668,0,,epsilon-dca
hostile-adaptive-timing-grid-v1-625,synthetic,adversarial-design-search,deterministic-adversarial-v1,6,0.9,identity-a0-b0,frictionless,neutral_guarded,2199.33333333333333333333333333333333333333333333333333333333,266.22222222222222222222222222222222222222222222222222222222,64.4370370370370370370370370370370370370370370370370370370371,0,787.636574074074074074074074074074074074074074074074074074075,epsilon-dca
hostile-adaptive-timing-grid-v1-625,synthetic,adversarial-design-search,deterministic-adversarial-v1,6,0.9,identity-a0-b0,frictionless,corrected_guarded,2194.77020483819902748540411094608355096744484041815645093268,209.44024199735090441361918927239662657034334048580283742829,66.1776654280282707690594973891228974799033833310784537834798,0,759.247918253330973225596989985816594026433226160414508999892,epsilon-dca
hostile-adaptive-timing-grid-v1-625,synthetic,adversarial-design-search,deterministic-adversarial-v1,6,0.9,identity-a0-b0,proportional-10bps,dca,1998.001998001998001998001998001998001998001998001998001998,0.000000000000000000000000000000000000000000000000000000001,66.6000666000666000666000666000666000666000666000666000666,5.994005994005994005994005994005994005994005994005994005994,,outside-current-safety-theorem
hostile-adaptive-timing-grid-v1-625,synthetic,adversarial-design-search,deterministic-adversarial-v1,6,0.9,identity-a0-b0,proportional-10bps,neutral_guarded,2197.30519552407253211801313623977514601633716509984041196495,266.103571585165858644755993786708450294236266624151083483071,64.3733874646302224491085714151022231907366966158563109493959,5.72816826015467946189335065555773381588987385951633258393298,787.723115813716615999676250377417439112917612205854033440467,outside-current-safety-theorem
hostile-adaptive-timing-grid-v1-625,synthetic,adversarial-design-search,deterministic-adversarial-v1,6,0.9,identity-a0-b0,proportional-10bps,corrected_guarded,2192.66881030283255683639335427694061725815225046495593598457,209.327616980910503160776511850063732538588636202884029998347,66.1113731107307351225205614142292294906521204754023968662074,5.78488749552356593090831517297695930815325810569142454545618,759.367127388907949960342757929378306228878549785830678380677,outside-current-safety-theorem
hostile-adaptive-timing-grid-v1-625,synthetic,adversarial-design-search,deterministic-adversarial-v1,6,0.9,identity-a0-b0,fixed-1-usd,dca,1998,0,66.6,6,,outside-current-safety-theorem
hostile-adaptive-timing-grid-v1-625,synthetic,adversarial-design-search,deterministic-adversarial-v1,6,0.9,identity-a0-b0,fixed-1-usd,neutral_guarded,2197.17566666666666666666666666666666666666666666666666666665,266.0171111111111111111111111111111111111111111111111111111,64.3719518518518518518518518518518518518518518518518518518518,6,787.783370370370370370370370370370370370370370370370370370372,outside-current-safety-theorem
hostile-adaptive-timing-grid-v1-625,synthetic,adversarial-design-search,deterministic-adversarial-v1,6,0.9,identity-a0-b0,fixed-1-usd,corrected_guarded,2192.62221091119760452040987204941272680727498385935356507416,209.28214516172345586417264592215857886247514350227809625205,66.1113355249824716218745742042418049314933280119025156274038,6,759.41085462416764479132745011616221154989666253891494722647,outside-current-safety-theorem
hostile-adaptive-timing-grid-v1-625,synthetic,adversarial-design-search,deterministic-adversarial-v1,6,0.75,identity-a0-b0,frictionless,dca,2000,0,66.6666666666666666666666666666666666666666666666666666666668,0,,epsilon-dca
hostile-adaptive-timing-grid-v1-625,synthetic,adversarial-design-search,deterministic-adversarial-v1,6,0.75,identity-a0-b0,frictionless,neutral_guarded,2498.33333333333333333333333333333333333333333333333333333334,665.55555555555555555555555555555555555555555555555555555556,61.0925925925925925925925925925925925925925925925925925925926,0,469.091435185185185185185185185185185185185185185185185185183,epsilon-dca
hostile-adaptive-timing-grid-v1-625,synthetic,adversarial-design-search,deterministic-adversarial-v1,6,0.75,identity-a0-b0,frictionless,corrected_guarded,2455.22574184501145731537356671983506140865898534231657388022,506.78270062482596839053671230923205297621231947372299203814,64.9481013740061829641612284803534336144148888622864527280693,0,426.804618410831362355812915324855942236658536936352505371393,epsilon-dca
hostile-adaptive-timing-grid-v1-625,synthetic,adversarial-design-search,deterministic-adversarial-v1,6,0.75,identity-a0-b0,proportional-10bps,dca,1998.001998001998001998001998001998001998001998001998001998,0.000000000000000000000000000000000000000000000000000000001,66.6000666000666000666000666000666000666000666000666000666,5.994005994005994005994005994005994005994005994005994005994,,outside-current-safety-theorem
hostile-adaptive-timing-grid-v1-625,synthetic,adversarial-design-search,deterministic-adversarial-v1,6,0.75,identity-a0-b0,proportional-10bps,neutral_guarded,2496.25999180718432729802984359644086204383991574660402691537,665.258928962914646611889984466771125735590666560377708707682,61.0333687614756560228713286376556578769416416395408772735898,5.32941165937770764574236764788534353073367565778184045084146,469.307789534291539999190625943543597782294030514635083601167,outside-current-safety-theorem
hostile-adaptive-timing-grid-v1-625,synthetic,adversarial-design-search,deterministic-adversarial-v1,6,0.75,identity-a0-b0,proportional-10bps,corrected_guarded,2453.10945646182746874819443751648950923454681517370893327772,506.549235916557534729553747752469965420315282415191200708324,64.8853406848423311339546896588006514604743844252839244189801,5.48796280128216030496548077147605398059908563195285594334832,426.989390958988873574643156507156669590595455179828994267978,outside-current-safety-theorem
hostile-adaptive-timing-grid-v1-625,synthetic,adversarial-design-search,deterministic-adversarial-v1,6,0.75,identity-a0-b0,fixed-1-usd,dca,1998,0,66.6,6,,outside-current-safety-theorem
hostile-adaptive-timing-grid-v1-625,synthetic,adversarial-design-search,deterministic-adversarial-v1,6,0.75,identity-a0-b0,fixed-1-usd,neutral_guarded,2495.93916666666666666666666666666666666666666666666666666666,665.04277777777777777777777777777777777777777777777777777778,61.0298796296296296296296296296296296296296296296296296296295,6,469.45842592592592592592592592592592592592592592592592592593,outside-current-safety-theorem
hostile-adaptive-timing-grid-v1-625,synthetic,adversarial-design-search,deterministic-adversarial-v1,6,0.75,identity-a0-b0,fixed-1-usd,corrected_guarded,2452.99002834532825352592724191135709823205302942623153775248,506.45869445212830038794868480209166332580552503007728579493,64.8843777964399984379326185703088478302082501465384750652518,6,427.09045849027195503226559283191523509766995681614766364365,outside-current-safety-theorem
hostile-adaptive-timing-grid-v1-625,synthetic,adversarial-design-search,deterministic-adversarial-v1,6,0.5,identity-a0-b0,frictionless,dca,2000,0,66.6666666666666666666666666666666666666666666666666666666668,0,,epsilon-dca
hostile-adaptive-timing-grid-v1-625,synthetic,adversarial-design-search,deterministic-adversarial-v1,6,0.5,identity-a0-b0,frictionless,neutral_guarded,2692.86458333333333333333333333333333333333333333333333333334,949.479166666666666666666666666666666666666666666666666666665,58.1128472222222222222222222222222222222222222222222222222222,0,161.111111111111111111111111111111111111111111111111111111111,epsilon-dca
hostile-adaptive-timing-grid-v1-625,synthetic,adversarial-design-search,deterministic-adversarial-v1,6,0.5,identity-a0-b0,frictionless,corrected_guarded,2569.06163958765747321969193453713300459971280645095187151186,623.64011506425652351385150466156622031074875438030726414569,64.8473841507800316568613476625188928096321350690214869122057,0,159.602045657532662164247450971241006509769229540170054965022,epsilon-dca
hostile-adaptive-timing-grid-v1-625,synthetic,adversarial-design-search,deterministic-adversarial-v1,6,0.5,identity-a0-b0,proportional-10bps,dca,1998.001998001998001998001998001998001998001998001998001998,0.000000000000000000000000000000000000000000000000000000001,66.6000666000666000666000666000666000666000666000666000666,5.994005994005994005994005994005994005994005994005994005994,,outside-current-safety-theorem
hostile-adaptive-timing-grid-v1-625,synthetic,adversarial-design-search,deterministic-adversarial-v1,6,0.5,identity-a0-b0,proportional-10bps,neutral_guarded,2691.11405587461530768972577912888351700289013724828659145092,949.432334336492678151019809361467703126044784386442728101071,58.056057384604087651290198992247193795894845095394795444995,5.0455221435199873345144657249136186781957594561573998720269,161.194366738822283277827733372188916644461100005555550011094,outside-current-safety-theorem
hostile-adaptive-timing-grid-v1-625,synthetic,adversarial-design-search,deterministic-adversarial-v1,6,0.5,identity-a0-b0,proportional-10bps,corrected_guarded,2567.11583901169812552300361125263185554380089353560631861926,623.619156881106889286471048282432728473170535091778439407705,64.7832227376863745412177520990066375690210119481275959737183,5.37100983328560750321031863308448278873809137353468687371856,159.687693693632716552138412942690394664963145060802034238934,outside-current-safety-theorem
hostile-adaptive-timing-grid-v1-625,synthetic,adversarial-design-search,deterministic-adversarial-v1,6,0.5,identity-a0-b0,fixed-1-usd,dca,1998,0,66.6,6,,outside-current-safety-theorem
hostile-adaptive-timing-grid-v1-625,synthetic,adversarial-design-search,deterministic-adversarial-v1,6,0.5,identity-a0-b0,fixed-1-usd,neutral_guarded,2690.84729166666666666666666666666666666666666666666666666668,949.389583333333333333333333333333333333333333333333333333335,58.048590277777777777777777777777777777777777777777777777778,6,161.272222222222222222222222222222222222222222222222222222222,outside-current-safety-theorem
hostile-adaptive-timing-grid-v1-625,synthetic,adversarial-design-search,deterministic-adversarial-v1,6,0.5,identity-a0-b0,fixed-1-usd,corrected_guarded,2567.05675427520058180251116979336186139982822534429989024042,623.6009670942726838479954914550832661850439812423061610436,64.7818595726975965984838559446092865071594748033997909732274,6,159.764930010801845969564760163016169988808926851109225366163,outside-current-safety-theorem
hostile-adaptive-timing-grid-v1-628,synthetic,adversarial-design-search,deterministic-adversarial-v1,6,1,identity-a0-b0,frictionless,dca,1900,0,63.3333333333333333333333333333333333333333333333333333333335,0,,epsilon-dca
hostile-adaptive-timing-grid-v1-628,synthetic,adversarial-design-search,deterministic-adversarial-v1,6,1,identity-a0-b0,frictionless,neutral_guarded,1900,0,63.3333333333333333333333333333333333333333333333333333333335,0,1000,epsilon-dca
hostile-adaptive-timing-grid-v1-628,synthetic,adversarial-design-search,deterministic-adversarial-v1,6,1,identity-a0-b0,frictionless,corrected_guarded,1900,0,63.3333333333333333333333333333333333333333333333333333333335,0,1000,epsilon-dca
hostile-adaptive-timing-grid-v1-628,synthetic,adversarial-design-search,deterministic-adversarial-v1,6,1,identity-a0-b0,proportional-10bps,dca,1898.1018981018981018981018981018981018981018981018981018981,0.000000000000000000000000000000000000000000000000000000001,63.27006327006327006327006327006327006327006327006327006327,5.994005994005994005994005994005994005994005994005994005994,,outside-current-safety-theorem
hostile-adaptive-timing-grid-v1-628,synthetic,adversarial-design-search,deterministic-adversarial-v1,6,1,identity-a0-b0,proportional-10bps,neutral_guarded,1898.1018981018981018981018981018981018981018981018981018981,0.000000000000000000000000000000000000000000000000000000001,63.27006327006327006327006327006327006327006327006327006327,5.994005994005994005994005994005994005994005994005994005994,1000,outside-current-safety-theorem
hostile-adaptive-timing-grid-v1-628,synthetic,adversarial-design-search,deterministic-adversarial-v1,6,1,identity-a0-b0,proportional-10bps,corrected_guarded,1898.1018981018981018981018981018981018981018981018981018981,0.000000000000000000000000000000000000000000000000000000001,63.27006327006327006327006327006327006327006327006327006327,5.994005994005994005994005994005994005994005994005994005994,1000,outside-current-safety-theorem
hostile-adaptive-timing-grid-v1-628,synthetic,adversarial-design-search,deterministic-adversarial-v1,6,1,identity-a0-b0,fixed-1-usd,dca,1898.1,0,63.27,6,,outside-current-safety-theorem
hostile-adaptive-timing-grid-v1-628,synthetic,adversarial-design-search,deterministic-adversarial-v1,6,1,identity-a0-b0,fixed-1-usd,neutral_guarded,1898.1,0,63.27,6,1000,outside-current-safety-theorem
hostile-adaptive-timing-grid-v1-628,synthetic,adversarial-design-search,deterministic-adversarial-v1,6,1,identity-a0-b0,fixed-1-usd,corrected_guarded,1898.1,0,63.27,6,1000,outside-current-safety-theorem
hostile-adaptive-timing-grid-v1-628,synthetic,adversarial-design-search,deterministic-adversarial-v1,6,0.9,identity-a0-b0,frictionless,dca,1900,0,63.3333333333333333333333333333333333333333333333333333333335,0,,epsilon-dca
hostile-adaptive-timing-grid-v1-628,synthetic,adversarial-design-search,deterministic-adversarial-v1,6,0.9,identity-a0-b0,frictionless,neutral_guarded,2141.0703125,287.38020833333333333333333333333333333333333333333333333333,61.789670138888888888888888888888888888888888888888888888889,0,769.111111111111111111111111111111111111111111111111111111112,epsilon-dca
hostile-adaptive-timing-grid-v1-628,synthetic,adversarial-design-search,deterministic-adversarial-v1,6,0.9,identity-a0-b0,frictionless,corrected_guarded,2181.53281947599231446687216675574060354941866141347769747831,240.62340838426489932613878132877510128314673632128420772297,64.6969803697242471713577795142321834088757308364064496585113,0,735.190260527353459204376578503723103575001656777534141471155,epsilon-dca
hostile-adaptive-timing-grid-v1-628,synthetic,adversarial-design-search,deterministic-adversarial-v1,6,0.9,identity-a0-b0,proportional-10bps,dca,1898.1018981018981018981018981018981018981018981018981018981,0.000000000000000000000000000000000000000000000000000000001,63.27006327006327006327006327006327006327006327006327006327,5.994005994005994005994005994005994005994005994005994005994,,outside-current-safety-theorem
hostile-adaptive-timing-grid-v1-628,synthetic,adversarial-design-search,deterministic-adversarial-v1,6,0.9,identity-a0-b0,proportional-10bps,neutral_guarded,2139.08512453909194840610043279121164794613899358385516316593,287.246112282316075103878289373196231158113518671631546860373,61.7279670752258624434074047806005138929341824970741205435185,5.70704684087680711777834336725954422461726921211625220093868,769.213207886270071437867444209685370220957773917730532140418,outside-current-safety-theorem
hostile-adaptive-timing-grid-v1-628,synthetic,adversarial-design-search,deterministic-adversarial-v1,6,0.9,identity-a0-b0,proportional-10bps,corrected_guarded,2179.39535014298483959608430334581077622141868456556947090697,240.487765252140458427259566449067484057849998859606249114211,64.6302528296948127056274912298914430721189561901987740597585,5.75375847627158795361912131223869382212002997116922452635942,735.330507661146611995061034261316385495057157599202911443008,outside-current-safety-theorem
hostile-adaptive-timing-grid-v1-628,synthetic,adversarial-design-search,deterministic-adversarial-v1,6,0.9,identity-a0-b0,fixed-1-usd,dca,1898.1,0,63.27,6,,outside-current-safety-theorem
hostile-adaptive-timing-grid-v1-628,synthetic,adversarial-design-search,deterministic-adversarial-v1,6,0.9,identity-a0-b0,fixed-1-usd,neutral_guarded,2138.96224999999999999999999999999999999999999999999999999999,287.14816666666666666666666666666666666666666666666666666666,61.7271361111111111111111111111111111111111111111111111111111,6,769.280888888888888888888888888888888888888888888888888888888,outside-current-safety-theorem
hostile-adaptive-timing-grid-v1-628,synthetic,adversarial-design-search,deterministic-adversarial-v1,6,0.9,identity-a0-b0,fixed-1-usd,corrected_guarded,2179.40310081114649556922430928817453467321747693806201717346,240.43474078446273939263463218969832783270095430386758677528,64.6322786675561252058863225699492068946838840878064810132725,6,735.378299754513374269603629596710700025507093984743100414593,outside-current-safety-theorem
hostile-adaptive-timing-grid-v1-628,synthetic,adversarial-design-search,deterministic-adversarial-v1,6,0.75,identity-a0-b0,frictionless,dca,1900,0,63.3333333333333333333333333333333333333333333333333333333335,0,,epsilon-dca
hostile-adaptive-timing-grid-v1-628,synthetic,adversarial-design-search,deterministic-adversarial-v1,6,0.75,identity-a0-b0,frictionless,neutral_guarded,2439.1015625,676.06770833333333333333333333333333333333333333333333333333,58.7677951388888888888888888888888888888888888888888888888891,0,460.451388888888888888888888888888888888888888888888888888887,epsilon-dca
hostile-adaptive-timing-grid-v1-628,synthetic,adversarial-design-search,deterministic-adversarial-v1,6,0.75,identity-a0-b0,frictionless,corrected_guarded,2430.8840215935842256772562402903913680073954992220044416912,513.30306548777347233696369058947064165497531369518289637085,63.9193652035270251113430849900306908784140061842273848440116,0,432.344265843196907978017351349627414692835948397393582102343,epsilon-dca
hostile-adaptive-timing-grid-v1-628,synthetic,adversarial-design-search,deterministic-adversarial-v1,6,0.75,identity-a0-b0,proportional-10bps,dca,1898.1018981018981018981018981018981018981018981018981018981,0.000000000000000000000000000000000000000000000000000000001,63.27006327006327006327006327006327006327006327006327006327,5.994005994005994005994005994005994005994005994005994005994,,outside-current-safety-theorem
hostile-adaptive-timing-grid-v1-628,synthetic,adversarial-design-search,deterministic-adversarial-v1,6,0.75,identity-a0-b0,proportional-10bps,neutral_guarded,2437.20349767115881942167242832809086434133913179043423624067,675.844823406598081718171413695664674451127753075550537823533,58.7119558088186912567833671544142063296737126238294566139046,5.31883634025314876951231627003430102452434789902542403813832,460.591129861712757007603687728426457897118773037727541433957,outside-current-safety-theorem
hostile-adaptive-timing-grid-v1-628,synthetic,adversarial-design-search,deterministic-adversarial-v1,6,0.75,identity-a0-b0,proportional-10bps,corrected_guarded,2428.81276502309902056153450000216518234767850681471812885887,513.094214697282560156765331303994292017610710355030178700722,63.8572850108605486801589722899390296776689265486562650052717,5.48142436094177566417905561308292278519719209754742239890037,432.52142605966608411190331488921940894732248157855015001051,outside-current-safety-theorem
hostile-adaptive-timing-grid-v1-628,synthetic,adversarial-design-search,deterministic-adversarial-v1,6,0.75,identity-a0-b0,fixed-1-usd,dca,1898.1,0,63.27,6,,outside-current-safety-theorem
hostile-adaptive-timing-grid-v1-628,synthetic,adversarial-design-search,deterministic-adversarial-v1,6,0.75,identity-a0-b0,fixed-1-usd,neutral_guarded,2436.96499999999999999999999999999999999999999999999999999999,675.67666666666666666666666666666666666666666666666666666666,58.709611111111111111111111111111111111111111111111111111111,6,460.707777777777777777777777777777777777777777777777777777782,outside-current-safety-theorem
hostile-adaptive-timing-grid-v1-628,synthetic,adversarial-design-search,deterministic-adversarial-v1,6,0.75,identity-a0-b0,fixed-1-usd,corrected_guarded,2428.77003470413290397899965886708855831083332287786095057729,513.01526272618706250567335160319453254852042180462219749601,63.8584923992648613824442102421298008587437633691079584360427,6,432.617761876272515368826060785750357916791102631373363064687,outside-current-safety-theorem
hostile-adaptive-timing-grid-v1-628,synthetic,adversarial-design-search,deterministic-adversarial-v1,6,0.5,identity-a0-b0,frictionless,dca,1900,0,63.3333333333333333333333333333333333333333333333333333333335,0,,epsilon-dca
hostile-adaptive-timing-grid-v1-628,synthetic,adversarial-design-search,deterministic-adversarial-v1,6,0.5,identity-a0-b0,frictionless,neutral_guarded,2602.96875,949.479166666666666666666666666666666666666666666666666666665,55.1163194444444444444444444444444444444444444444444444444444,0,161.111111111111111111111111111111111111111111111111111111111,epsilon-dca
hostile-adaptive-timing-grid-v1-628,synthetic,adversarial-design-search,deterministic-adversarial-v1,6,0.5,identity-a0-b0,frictionless,corrected_guarded,2546.356066680826730788223361400741607098705735339203187969,643.79275246877975035672081272003831657549747169150358000669,63.4187771404015660143834182893567763507736087882566535987437,0,159.602045657532662164247450971241006509769229540170054965022,epsilon-dca
hostile-adaptive-timing-grid-v1-628,synthetic,adversarial-design-search,deterministic-adversarial-v1,6,0.5,identity-a0-b0,proportional-10bps,dca,1898.1018981018981018981018981018981018981018981018981018981,0.000000000000000000000000000000000000000000000000000000001,63.27006327006327006327006327006327006327006327006327006327,5.994005994005994005994005994005994005994005994005994005994,,outside-current-safety-theorem
hostile-adaptive-timing-grid-v1-628,synthetic,adversarial-design-search,deterministic-adversarial-v1,6,0.5,identity-a0-b0,proportional-10bps,neutral_guarded,2601.3173856775138734937178252105083515431409295786676647574,949.432334336492678151019809361467703126044784386442728101071,55.0628350447007065114232671949680216139032048397408312218777,5.0455221435199873345144657249136186781957594561573998720269,161.194366738822283277827733372188916644461100005555550011094,outside-current-safety-theorem
hostile-adaptive-timing-grid-v1-628,synthetic,adversarial-design-search,deterministic-adversarial-v1,6,0.5,identity-a0-b0,proportional-10bps,corrected_guarded,2544.45415168674541959860671553686242704940870275974836012825,643.768710275299248717116213280555763655579255740030529008763,63.3561813803815390293830167418768887797943149006572610373163,5.35088040931538536591696681989954469165276797628368578520601,159.687693693632716552138412942690394664963145060802034238934,outside-current-safety-theorem
hostile-adaptive-timing-grid-v1-628,synthetic,adversarial-design-search,deterministic-adversarial-v1,6,0.5,identity-a0-b0,fixed-1-usd,dca,1898.1,0,63.27,6,,outside-current-safety-theorem
hostile-adaptive-timing-grid-v1-628,synthetic,adversarial-design-search,deterministic-adversarial-v1,6,0.5,identity-a0-b0,fixed-1-usd,neutral_guarded,2601.069375,949.389583333333333333333333333333333333333333333333333333335,55.0559930555555555555555555555555555555555555555555555555558,6,161.272222222222222222222222222222222222222222222222222222222,outside-current-safety-theorem
hostile-adaptive-timing-grid-v1-628,synthetic,adversarial-design-search,deterministic-adversarial-v1,6,0.5,identity-a0-b0,fixed-1-usd,corrected_guarded,2544.45318813943107135113315889721281658281732972259699814693,643.74784384945905460092857452037380512639730909448326698545,63.3568448096657338916734861458946337152140006876037910387161,6,159.764930010801845969564760163016169988808926851109225366163,outside-current-safety-theorem
hostile-adaptive-timing-grid-v1-629,synthetic,adversarial-design-search,deterministic-adversarial-v1,6,1,identity-a0-b0,frictionless,dca,1700,0,56.6666666666666666666666666666666666666666666666666666666668,0,,epsilon-dca
hostile-adaptive-timing-grid-v1-629,synthetic,adversarial-design-search,deterministic-adversarial-v1,6,1,identity-a0-b0,frictionless,neutral_guarded,1700,0,56.6666666666666666666666666666666666666666666666666666666668,0,1000,epsilon-dca
hostile-adaptive-timing-grid-v1-629,synthetic,adversarial-design-search,deterministic-adversarial-v1,6,1,identity-a0-b0,frictionless,corrected_guarded,1700,0,56.6666666666666666666666666666666666666666666666666666666668,0,1000,epsilon-dca
hostile-adaptive-timing-grid-v1-629,synthetic,adversarial-design-search,deterministic-adversarial-v1,6,1,identity-a0-b0,proportional-10bps,dca,1698.3016983016983016983016983016983016983016983016983016983,0.000000000000000000000000000000000000000000000000000000001,56.61005661005661005661005661005661005661005661005661005661,5.994005994005994005994005994005994005994005994005994005994,,outside-current-safety-theorem
hostile-adaptive-timing-grid-v1-629,synthetic,adversarial-design-search,deterministic-adversarial-v1,6,1,identity-a0-b0,proportional-10bps,neutral_guarded,1698.3016983016983016983016983016983016983016983016983016983,0.000000000000000000000000000000000000000000000000000000001,56.61005661005661005661005661005661005661005661005661005661,5.994005994005994005994005994005994005994005994005994005994,1000,outside-current-safety-theorem
hostile-adaptive-timing-grid-v1-629,synthetic,adversarial-design-search,deterministic-adversarial-v1,6,1,identity-a0-b0,proportional-10bps,corrected_guarded,1698.3016983016983016983016983016983016983016983016983016983,0.000000000000000000000000000000000000000000000000000000001,56.61005661005661005661005661005661005661005661005661005661,5.994005994005994005994005994005994005994005994005994005994,1000,outside-current-safety-theorem
hostile-adaptive-timing-grid-v1-629,synthetic,adversarial-design-search,deterministic-adversarial-v1,6,1,identity-a0-b0,fixed-1-usd,dca,1698.3,0,56.61,6,,outside-current-safety-theorem
hostile-adaptive-timing-grid-v1-629,synthetic,adversarial-design-search,deterministic-adversarial-v1,6,1,identity-a0-b0,fixed-1-usd,neutral_guarded,1698.3,0,56.61,6,1000,outside-current-safety-theorem
hostile-adaptive-timing-grid-v1-629,synthetic,adversarial-design-search,deterministic-adversarial-v1,6,1,identity-a0-b0,fixed-1-usd,corrected_guarded,1698.3,0,56.61,6,1000,outside-current-safety-theorem
hostile-adaptive-timing-grid-v1-629,synthetic,adversarial-design-search,deterministic-adversarial-v1,6,0.9,identity-a0-b0,frictionless,dca,1700,0,56.6666666666666666666666666666666666666666666666666666666668,0,,epsilon-dca
hostile-adaptive-timing-grid-v1-629,synthetic,adversarial-design-search,deterministic-adversarial-v1,6,0.9,identity-a0-b0,frictionless,neutral_guarded,1962.37413194444444444444444444444444444444444444444444444445,332.59548611111111111111111111111111111111111111111111111111,54.3259548611111111111111111111111111111111111111111111111112,0,754.039351851851851851851851851851851851851851851851851851852,epsilon-dca
hostile-adaptive-timing-grid-v1-629,synthetic,adversarial-design-search,deterministic-adversarial-v1,6,0.9,identity-a0-b0,frictionless,corrected_guarded,2025.34431707849170747852270827905784371698918620864662134056,368.15797592757603335758190245561542920517640806421927863767,55.2395447050305224706980268607814138170604259381475780900962,0,720.245224550202034067746739111881319392413587548649824735548,epsilon-dca
hostile-adaptive-timing-grid-v1-629,synthetic,adversarial-design-search,deterministic-adversarial-v1,6,0.9,identity-a0-b0,proportional-10bps,dca,1698.3016983016983016983016983016983016983016983016983016983,0.000000000000000000000000000000000000000000000000000000001,56.61005661005661005661005661005661005661005661005661005661,5.994005994005994005994005994005994005994005994005994005994,,outside-current-safety-theorem
hostile-adaptive-timing-grid-v1-629,synthetic,adversarial-design-search,deterministic-adversarial-v1,6,0.9,identity-a0-b0,proportional-10bps,neutral_guarded,1960.61534610430999685978599479506650026854062672798905701571,332.442864198723824160692205930073981662607552885009207979292,54.2724160635195390899697929621664172868644357947659949678808,5.6618952405607154603789288652047212970403520950199708211995,754.14762391413415508559613869072612005279309584660464510078,outside-current-safety-theorem
hostile-adaptive-timing-grid-v1-629,synthetic,adversarial-design-search,deterministic-adversarial-v1,6,0.9,identity-a0-b0,proportional-10bps,corrected_guarded,2023.50501049020380076424651355519416777936247386388570123309,367.971407533916588392926929354296504689729960451499966108288,55.1844534318762404123773194733632554363210837804128578374935,5.62640219027580760400307000064505843687339664290559443945225,720.38637748114039418875901645885038168284338150398439387756,outside-current-safety-theorem
hostile-adaptive-timing-grid-v1-629,synthetic,adversarial-design-search,deterministic-adversarial-v1,6,0.9,identity-a0-b0,fixed-1-usd,dca,1698.3,0,56.61,6,,outside-current-safety-theorem
hostile-adaptive-timing-grid-v1-629,synthetic,adversarial-design-search,deterministic-adversarial-v1,6,0.9,identity-a0-b0,fixed-1-usd,neutral_guarded,1960.44263888888888888888888888888888888888888888888888888889,332.30972222222222222222222222222222222222222222222222222222,54.2710972222222222222222222222222222222222222222222222222222,6,754.227037037037037037037037037037037037037037037037037037037,outside-current-safety-theorem
hostile-adaptive-timing-grid-v1-629,synthetic,adversarial-design-search,deterministic-adversarial-v1,6,0.9,identity-a0-b0,fixed-1-usd,corrected_guarded,2023.37567746760748706817074414444238095769605015289974283663,367.85426005391006440380213015295245736250867249618714786538,55.1840472471232474221456204663829974531729125885570864990418,6,720.450379099779281790845264529277123164496105354803208714938,outside-current-safety-theorem
hostile-adaptive-timing-grid-v1-629,synthetic,adversarial-design-search,deterministic-adversarial-v1,6,0.75,identity-a0-b0,frictionless,dca,1700,0,56.6666666666666666666666666666666666666666666666666666666668,0,,epsilon-dca
hostile-adaptive-timing-grid-v1-629,synthetic,adversarial-design-search,deterministic-adversarial-v1,6,0.75,identity-a0-b0,frictionless,neutral_guarded,2325.32552083333333333333333333333333333333333333333333333334,807.942708333333333333333333333333333333333333333333333333335,50.5794270833333333333333333333333333333333333333333333333334,0,416.493055555555555555555555555555555555555555555555555555553,epsilon-dca
hostile-adaptive-timing-grid-v1-629,synthetic,adversarial-design-search,deterministic-adversarial-v1,6,0.75,identity-a0-b0,frictionless,corrected_guarded,2392.38976798998266738805953577057759613806212594963883010431,808.922189933803116049188489687384070930309054466140016020376,52.7822526018726517112957015361064508402584357161166271361309,0,392.014883948615235018319814676306679841920183729637767757823,epsilon-dca
hostile-adaptive-timing-grid-v1-629,synthetic,adversarial-design-search,deterministic-adversarial-v1,6,0.75,identity-a0-b0,proportional-10bps,dca,1698.3016983016983016983016983016983016983016983016983016983,0.000000000000000000000000000000000000000000000000000000001,56.61005661005661005661005661005661005661005661005661005661,5.994005994005994005994005994005994005994005994005994005994,,outside-current-safety-theorem
hostile-adaptive-timing-grid-v1-629,synthetic,adversarial-design-search,deterministic-adversarial-v1,6,0.75,identity-a0-b0,proportional-10bps,neutral_guarded,2323.55166976418691787063601386567953395054792979474014152443,807.59231375743646979737727984651724414293679029109267368345,50.5319785335583482691086244673054096602537046501215822613661,5.18722046577678674345916355659688586998707613357533199432222,416.675299744766627647868399011475601333182427299213496147318,outside-current-safety-theorem
hostile-adaptive-timing-grid-v1-629,synthetic,adversarial-design-search,deterministic-adversarial-v1,6,0.75,identity-a0-b0,proportional-10bps,corrected_guarded,2390.7504815191696616083614980504877842731140719644127228611,808.898747687188779369302885324192444820396085482543330018653,52.7283911277326960746352870908765113150905995493956464280818,5.18591533697583538524545166301279476041918472978766900098036,392.098835431210675159151545679229102504405064373186034763832,outside-current-safety-theorem
hostile-adaptive-timing-grid-v1-629,synthetic,adversarial-design-search,deterministic-adversarial-v1,6,0.75,identity-a0-b0,fixed-1-usd,dca,1698.3,0,56.61,6,,outside-current-safety-theorem
hostile-adaptive-timing-grid-v1-629,synthetic,adversarial-design-search,deterministic-adversarial-v1,6,0.75,identity-a0-b0,fixed-1-usd,neutral_guarded,2323.18333333333333333333333333333333333333333333333333333332,807.333333333333333333333333333333333333333333333333333333325,50.5283333333333333333333333333333333333333333333333333333332,6,416.822222222222222222222222222222222222222222222222222222227,outside-current-safety-theorem
hostile-adaptive-timing-grid-v1-629,synthetic,adversarial-design-search,deterministic-adversarial-v1,6,0.75,identity-a0-b0,fixed-1-usd,corrected_guarded,2390.60749374948434756038180197786417993078507672512318831668,808.876994395558652259966908605284389818285605773035584573236,52.7243499784641898433471631124193263370833156984029201247814,6,392.164558266247238154415374214808967780158840546930336412888,outside-current-safety-theorem
hostile-adaptive-timing-grid-v1-629,synthetic,adversarial-design-search,deterministic-adversarial-v1,6,0.5,identity-a0-b0,frictionless,dca,1700,0,56.6666666666666666666666666666666666666666666666666666666668,0,,epsilon-dca
hostile-adaptive-timing-grid-v1-629,synthetic,adversarial-design-search,deterministic-adversarial-v1,6,0.5,identity-a0-b0,frictionless,neutral_guarded,2413.07291666666666666666666666666666666666666666666666666666,949.479166666666666666666666666666666666666666666666666666665,48.7864583333333333333333333333333333333333333333333333333332,0,161.111111111111111111111111111111111111111111111111111111111,epsilon-dca
hostile-adaptive-timing-grid-v1-629,synthetic,adversarial-design-search,deterministic-adversarial-v1,6,0.5,identity-a0-b0,frictionless,corrected_guarded,2460.03466786998612718854221393780824738001257026687250379254,873.50661587837128234844979541950107793215600802160313221585,52.884268399720494828003080617276905648261885408175645719223,0,159.602045657532662164247450971241006509769229540170054965022,epsilon-dca
hostile-adaptive-timing-grid-v1-629,synthetic,adversarial-design-search,deterministic-adversarial-v1,6,0.5,identity-a0-b0,proportional-10bps,dca,1698.3016983016983016983016983016983016983016983016983016983,0.000000000000000000000000000000000000000000000000000000001,56.61005661005661005661005661005661005661005661005661005661,5.994005994005994005994005994005994005994005994005994005994,,outside-current-safety-theorem
hostile-adaptive-timing-grid-v1-629,synthetic,adversarial-design-search,deterministic-adversarial-v1,6,0.5,identity-a0-b0,proportional-10bps,neutral_guarded,2411.62061558031253919780977139203328598349162200894883796398,949.432334336492678151019809361467703126044784386442728101071,48.7396093747939953682263320676855194285815612540835369954303,5.0455221435199873345144657249136186781957594561573998720269,161.194366738822283277827733372188916644461100005555550011094,outside-current-safety-theorem
hostile-adaptive-timing-grid-v1-629,synthetic,adversarial-design-search,deterministic-adversarial-v1,6,0.5,identity-a0-b0,proportional-10bps,corrected_guarded,2458.45168426769621416041604451525297253094120534854480807509,873.473995108744857489617302982205604184247106810676503703651,52.8325896386317118890266247177682456115564699512622768123812,5.12140460029096417833205064637142297284290998320611737891741,159.687693693632716552138412942690394664963145060802034238934,outside-current-safety-theorem
hostile-adaptive-timing-grid-v1-629,synthetic,adversarial-design-search,deterministic-adversarial-v1,6,0.5,identity-a0-b0,fixed-1-usd,dca,1698.3,0,56.61,6,,outside-current-safety-theorem
hostile-adaptive-timing-grid-v1-629,synthetic,adversarial-design-search,deterministic-adversarial-v1,6,0.5,identity-a0-b0,fixed-1-usd,neutral_guarded,2411.39145833333333333333333333333333333333333333333333333334,949.389583333333333333333333333333333333333333333333333333335,48.7333958333333333333333333333333333333333333333333333333336,6,161.272222222222222222222222222222222222222222222222222222222,outside-current-safety-theorem
hostile-adaptive-timing-grid-v1-629,synthetic,adversarial-design-search,deterministic-adversarial-v1,6,0.5,identity-a0-b0,fixed-1-usd,corrected_guarded,2458.3378107925220829051604043767900796649164612614209343166,873.44568326312179129101874811429317530276805438117375594903,52.8297375843133430538047218754165634787382802293415726122524,6,159.764930010801845969564760163016169988808926851109225366163,outside-current-safety-theorem
hostile-adaptive-timing-grid-v1-637,synthetic,adversarial-design-search,deterministic-adversarial-v1,6,1,identity-a0-b0,frictionless,dca,1700,0,56.6666666666666666666666666666666666666666666666666666666668,0,,epsilon-dca
hostile-adaptive-timing-grid-v1-637,synthetic,adversarial-design-search,deterministic-adversarial-v1,6,1,identity-a0-b0,frictionless,neutral_guarded,1700,0,56.6666666666666666666666666666666666666666666666666666666668,0,1000,epsilon-dca
hostile-adaptive-timing-grid-v1-637,synthetic,adversarial-design-search,deterministic-adversarial-v1,6,1,identity-a0-b0,frictionless,corrected_guarded,1700,0,56.6666666666666666666666666666666666666666666666666666666668,0,1000,epsilon-dca
hostile-adaptive-timing-grid-v1-637,synthetic,adversarial-design-search,deterministic-adversarial-v1,6,1,identity-a0-b0,proportional-10bps,dca,1698.3016983016983016983016983016983016983016983016983016983,0.000000000000000000000000000000000000000000000000000000001,56.61005661005661005661005661005661005661005661005661005661,5.994005994005994005994005994005994005994005994005994005994,,outside-current-safety-theorem
hostile-adaptive-timing-grid-v1-637,synthetic,adversarial-design-search,deterministic-adversarial-v1,6,1,identity-a0-b0,proportional-10bps,neutral_guarded,1698.3016983016983016983016983016983016983016983016983016983,0.000000000000000000000000000000000000000000000000000000001,56.61005661005661005661005661005661005661005661005661005661,5.994005994005994005994005994005994005994005994005994005994,1000,outside-current-safety-theorem
hostile-adaptive-timing-grid-v1-637,synthetic,adversarial-design-search,deterministic-adversarial-v1,6,1,identity-a0-b0,proportional-10bps,corrected_guarded,1698.3016983016983016983016983016983016983016983016983016983,0.000000000000000000000000000000000000000000000000000000001,56.61005661005661005661005661005661005661005661005661005661,5.994005994005994005994005994005994005994005994005994005994,1000,outside-current-safety-theorem
hostile-adaptive-timing-grid-v1-637,synthetic,adversarial-design-search,deterministic-adversarial-v1,6,1,identity-a0-b0,fixed-1-usd,dca,1698.3,0,56.61,6,,outside-current-safety-theorem
hostile-adaptive-timing-grid-v1-637,synthetic,adversarial-design-search,deterministic-adversarial-v1,6,1,identity-a0-b0,fixed-1-usd,neutral_guarded,1698.3,0,56.61,6,1000,outside-current-safety-theorem
hostile-adaptive-timing-grid-v1-637,synthetic,adversarial-design-search,deterministic-adversarial-v1,6,1,identity-a0-b0,fixed-1-usd,corrected_guarded,1698.3,0,56.61,6,1000,outside-current-safety-theorem
hostile-adaptive-timing-grid-v1-637,synthetic,adversarial-design-search,deterministic-adversarial-v1,6,0.9,identity-a0-b0,frictionless,dca,1700,0,56.6666666666666666666666666666666666666666666666666666666668,0,,epsilon-dca
hostile-adaptive-timing-grid-v1-637,synthetic,adversarial-design-search,deterministic-adversarial-v1,6,0.9,identity-a0-b0,frictionless,neutral_guarded,1903.13802083333333333333333333333333333333333333333333333333,248.75868055555555555555555555555555555555555555555555555555,55.1459780092592592592592592592592592592592592592592592592594,0,787.523148148148148148148148148148148148148148148148148148152,epsilon-dca
hostile-adaptive-timing-grid-v1-637,synthetic,adversarial-design-search,deterministic-adversarial-v1,6,0.9,identity-a0-b0,frictionless,corrected_guarded,1884.01046309168654173132800123756576175025285777083256565395,171.61200254850456237823807559587588676385983474441493021847,57.0799486847727326451029975213896624995464341008805878478493,0,777.175717516104223886171378596275025399255349350088028635345,epsilon-dca
hostile-adaptive-timing-grid-v1-637,synthetic,adversarial-design-search,deterministic-adversarial-v1,6,0.9,identity-a0-b0,proportional-10bps,dca,1698.3016983016983016983016983016983016983016983016983016983,0.000000000000000000000000000000000000000000000000000000001,56.61005661005661005661005661005661005661005661005661005661,5.994005994005994005994005994005994005994005994005994005994,,outside-current-safety-theorem
hostile-adaptive-timing-grid-v1-637,synthetic,adversarial-design-search,deterministic-adversarial-v1,6,0.9,identity-a0-b0,proportional-10bps,neutral_guarded,1901.397707701873872167395589597485964036152243999927535709,248.662455147898929052430059002571988254718780515832691104557,55.0911750851324981038321843531637991927144487828031614868146,5.74559195289920186907849144954788013161366755193223507382162,787.60197647897810878970003429799828463137854663502044599254,outside-current-safety-theorem
hostile-adaptive-timing-grid-v1-637,synthetic,adversarial-design-search,deterministic-adversarial-v1,6,0.9,identity-a0-b0,proportional-10bps,corrected_guarded,1882.20614728672268407554323738051899124623854939587778197588,171.540571288856117507690208178428802418393264169906611960499,57.0221858665955522189284343067363396275948428408657056671795,5.822636791919224657834475316505066131450156579250842545494,777.265421396347825448140465445574024454039523515491030105483,outside-current-safety-theorem
hostile-adaptive-timing-grid-v1-637,synthetic,adversarial-design-search,deterministic-adversarial-v1,6,0.9,identity-a0-b0,fixed-1-usd,dca,1698.3,0,56.61,6,,outside-current-safety-theorem
hostile-adaptive-timing-grid-v1-637,synthetic,adversarial-design-search,deterministic-adversarial-v1,6,0.9,identity-a0-b0,fixed-1-usd,neutral_guarded,1901.27791666666666666666666666666666666666666666666666666667,248.57194444444444444444444444444444444444444444444444444445,55.090199074074074074074074074074074074074074074074074074074,6,787.671851851851851851851851851851851851851851851851851851853,outside-current-safety-theorem
hostile-adaptive-timing-grid-v1-637,synthetic,adversarial-design-search,deterministic-adversarial-v1,6,0.9,identity-a0-b0,fixed-1-usd,corrected_guarded,1882.1660464806319059519502921802096582114643016144103172515,171.48382254011192141461976326729669753280360640368839697596,57.0227407980173328179110176304304320226220231736907306758514,6,777.329207073432696130288673211760069158700055012762908406622,outside-current-safety-theorem
hostile-adaptive-timing-grid-v1-637,synthetic,adversarial-design-search,deterministic-adversarial-v1,6,0.75,identity-a0-b0,frictionless,dca,1700,0,56.6666666666666666666666666666666666666666666666666666666668,0,,epsilon-dca
hostile-adaptive-timing-grid-v1-637,synthetic,adversarial-design-search,deterministic-adversarial-v1,6,0.75,identity-a0-b0,frictionless,neutral_guarded,2207.84505208333333333333333333333333333333333333333333333334,621.89670138888888888888888888888888888888888888888888888889,52.8649450231481481481481481481481481481481481481481481481483,0,468.807870370370370370370370370370370370370370370370370370367,epsilon-dca
hostile-adaptive-timing-grid-v1-637,synthetic,adversarial-design-search,deterministic-adversarial-v1,6,0.75,identity-a0-b0,frictionless,corrected_guarded,2143.79306203342399678972899027202600482385091230504535785099,421.16076421500645676685114655881320253644319389927741065801,57.4210765939472513340959281237737600762469239468589315730994,0,452.617486705009853798414958556983091144241644346000562998293,epsilon-dca
hostile-adaptive-timing-grid-v1-637,synthetic,adversarial-design-search,deterministic-adversarial-v1,6,0.75,identity-a0-b0,proportional-10bps,dca,1698.3016983016983016983016983016983016983016983016983016983,0.000000000000000000000000000000000000000000000000000000001,56.61005661005661005661005661005661005661005661005661005661,5.994005994005994005994005994005994005994005994005994005994,,outside-current-safety-theorem
hostile-adaptive-timing-grid-v1-637,synthetic,adversarial-design-search,deterministic-adversarial-v1,6,0.75,identity-a0-b0,proportional-10bps,neutral_guarded,2206.04172180213722787103642654116745754292806254727138672502,621.656137869747322631075147506429970636796951289581727761371,52.8128527977463301746653759678245828968710370419229886321217,5.37297089123901366370521963286070932004315988882159667556306,469.00494119744527197425008574499571157844636658755111498135,outside-current-safety-theorem
hostile-adaptive-timing-grid-v1-637,synthetic,adversarial-design-search,deterministic-adversarial-v1,6,0.75,identity-a0-b0,proportional-10bps,corrected_guarded,2141.990515270650805317169441089254577388917255640704692843,421.052188415728478424626877377160100590570097706266217448643,57.3646108951640775630847521237364825599449052644812825131452,5.57337443714712439717819492769514475465477512716656721533601,452.751972271269339489704065804641273610427574666750686419267,outside-current-safety-theorem
hostile-adaptive-timing-grid-v1-637,synthetic,adversarial-design-search,deterministic-adversarial-v1,6,0.75,identity-a0-b0,fixed-1-usd,dca,1698.3,0,56.61,6,,outside-current-safety-theorem
hostile-adaptive-timing-grid-v1-637,synthetic,adversarial-design-search,deterministic-adversarial-v1,6,0.75,identity-a0-b0,fixed-1-usd,neutral_guarded,2205.74479166666666666666666666666666666666666666666666666666,621.42986111111111111111111111111111111111111111111111111111,52.8104976851851851851851851851851851851851851851851851851851,6,469.179629629629629629629629629629629629629629629629629629635,outside-current-safety-theorem
hostile-adaptive-timing-grid-v1-637,synthetic,adversarial-design-search,deterministic-adversarial-v1,6,0.75,identity-a0-b0,fixed-1-usd,corrected_guarded,2141.93796360153183717321011737933705837120215001482008575547,420.94014826887982995874109342255648445117079764457234017277,57.3665938444217335738156341318926857973343784123415915194234,6,452.878427054919046419984246697916071445542845120284304167097,outside-current-safety-theorem
hostile-adaptive-timing-grid-v1-637,synthetic,adversarial-design-search,deterministic-adversarial-v1,6,0.5,identity-a0-b0,frictionless,dca,1700,0,56.6666666666666666666666666666666666666666666666666666666668,0,,epsilon-dca
hostile-adaptive-timing-grid-v1-637,synthetic,adversarial-design-search,deterministic-adversarial-v1,6,0.5,identity-a0-b0,frictionless,neutral_guarded,2428.38541666666666666666666666666666666666666666666666666666,966.14583333333333333333333333333333333333333333333333333333,48.7413194444444444444444444444444444444444444444444444444444,0,138.888888888888888888888888888888888888888888888888888888889,epsilon-dca
hostile-adaptive-timing-grid-v1-637,synthetic,adversarial-design-search,deterministic-adversarial-v1,6,0.5,identity-a0-b0,frictionless,corrected_guarded,2292.95825314605460063080869168908198759391679536458638727662,629.63660519829725124912087721099797160538858092750332629934,55.444054931591911646056260482602800532950940481236102032576,0,138.888888888888888888888888888888888888888888888888888888889,epsilon-dca
hostile-adaptive-timing-grid-v1-637,synthetic,adversarial-design-search,deterministic-adversarial-v1,6,0.5,identity-a0-b0,proportional-10bps,dca,1698.3016983016983016983016983016983016983016983016983016983,0.000000000000000000000000000000000000000000000000000000001,56.61005661005661005661005661005661005661005661005661005661,5.994005994005994005994005994005994005994005994005994005994,,outside-current-safety-theorem
hostile-adaptive-timing-grid-v1-637,synthetic,adversarial-design-search,deterministic-adversarial-v1,6,0.5,identity-a0-b0,proportional-10bps,neutral_guarded,2426.92515245743267721289699311677333655355633377611399589421,966.140630203130203130203130203130203130203130203130203130201,48.6928174084767491360897954304547711141117734524327930921336,5.02883053925761218468511175803883096590389297682004974712267,138.916638916638916638916638916638916638916638916638916638917,outside-current-safety-theorem
hostile-adaptive-timing-grid-v1-637,synthetic,adversarial-design-search,deterministic-adversarial-v1,6,0.5,identity-a0-b0,proportional-10bps,corrected_guarded,2291.29715199406690332954647433987988285140244222986803818643,629.633810238976633703907444626475495462990511682887793031111,55.3887780585030089875213009904468129129470643515660081718439,5.36500118857245091538071184352999451002698250581130090606281,138.916638916638916638916638916638916638916638916638916638917,outside-current-safety-theorem
hostile-adaptive-timing-grid-v1-637,synthetic,adversarial-design-search,deterministic-adversarial-v1,6,0.5,identity-a0-b0,fixed-1-usd,dca,1698.3,0,56.61,6,,outside-current-safety-theorem
hostile-adaptive-timing-grid-v1-637,synthetic,adversarial-design-search,deterministic-adversarial-v1,6,0.5,identity-a0-b0,fixed-1-usd,neutral_guarded,2426.68645833333333333333333333333333333333333333333333333334,966.13541666666666666666666666666666666666666666666666666667,48.6850347222222222222222222222222222222222222222222222222223,6,138.944444444444444444444444444444444444444444444444444444444,outside-current-safety-theorem
hostile-adaptive-timing-grid-v1-637,synthetic,adversarial-design-search,deterministic-adversarial-v1,6,0.5,identity-a0-b0,fixed-1-usd,corrected_guarded,2291.25937864996892135347226189346560948295466107383530684886,629.63100968973737492360358517678397436830764629978302869635,55.3876122986743848809956225572227211704882338258017426050838,6,138.944444444444444444444444444444444444444444444444444444444,outside-current-safety-theorem
hostile-adaptive-timing-grid-v1-638,synthetic,adversarial-design-search,deterministic-adversarial-v1,6,1,identity-a0-b0,frictionless,dca,1500,0,50.0000000000000000000000000000000000000000000000000000000001,0,,epsilon-dca
hostile-adaptive-timing-grid-v1-638,synthetic,adversarial-design-search,deterministic-adversarial-v1,6,1,identity-a0-b0,frictionless,neutral_guarded,1500,0,50.0000000000000000000000000000000000000000000000000000000001,0,1000,epsilon-dca
hostile-adaptive-timing-grid-v1-638,synthetic,adversarial-design-search,deterministic-adversarial-v1,6,1,identity-a0-b0,frictionless,corrected_guarded,1500,0,50.0000000000000000000000000000000000000000000000000000000001,0,1000,epsilon-dca
hostile-adaptive-timing-grid-v1-638,synthetic,adversarial-design-search,deterministic-adversarial-v1,6,1,identity-a0-b0,proportional-10bps,dca,1498.5014985014985014985014985014985014985014985014985014985,0.000000000000000000000000000000000000000000000000000000001,49.95004995004995004995004995004995004995004995004995004995,5.994005994005994005994005994005994005994005994005994005994,,outside-current-safety-theorem
hostile-adaptive-timing-grid-v1-638,synthetic,adversarial-design-search,deterministic-adversarial-v1,6,1,identity-a0-b0,proportional-10bps,neutral_guarded,1498.5014985014985014985014985014985014985014985014985014985,0.000000000000000000000000000000000000000000000000000000001,49.95004995004995004995004995004995004995004995004995004995,5.994005994005994005994005994005994005994005994005994005994,1000,outside-current-safety-theorem
hostile-adaptive-timing-grid-v1-638,synthetic,adversarial-design-search,deterministic-adversarial-v1,6,1,identity-a0-b0,proportional-10bps,corrected_guarded,1498.5014985014985014985014985014985014985014985014985014985,0.000000000000000000000000000000000000000000000000000000001,49.95004995004995004995004995004995004995004995004995004995,5.994005994005994005994005994005994005994005994005994005994,1000,outside-current-safety-theorem
hostile-adaptive-timing-grid-v1-638,synthetic,adversarial-design-search,deterministic-adversarial-v1,6,1,identity-a0-b0,fixed-1-usd,dca,1498.5,0,49.95,6,,outside-current-safety-theorem
hostile-adaptive-timing-grid-v1-638,synthetic,adversarial-design-search,deterministic-adversarial-v1,6,1,identity-a0-b0,fixed-1-usd,neutral_guarded,1498.5,0,49.95,6,1000,outside-current-safety-theorem
hostile-adaptive-timing-grid-v1-638,synthetic,adversarial-design-search,deterministic-adversarial-v1,6,1,identity-a0-b0,fixed-1-usd,corrected_guarded,1498.5,0,49.95,6,1000,outside-current-safety-theorem
hostile-adaptive-timing-grid-v1-638,synthetic,adversarial-design-search,deterministic-adversarial-v1,6,0.9,identity-a0-b0,frictionless,dca,1500,0,50.0000000000000000000000000000000000000000000000000000000001,0,,epsilon-dca
hostile-adaptive-timing-grid-v1-638,synthetic,adversarial-design-search,deterministic-adversarial-v1,6,0.9,identity-a0-b0,frictionless,neutral_guarded,1722.60271990740740740740740740740740740740740740740740740741,286.61747685185185185185185185185185185185185185185185185185,47.8661747685185185185185185185185185185185185185185185185186,0,774.90354938271604938271604938271604938271604938271604938272,epsilon-dca
hostile-adaptive-timing-grid-v1-638,synthetic,adversarial-design-search,deterministic-adversarial-v1,6,0.9,identity-a0-b0,frictionless,corrected_guarded,1719.46389258320698359926308080550698873769175234957201286586,267.21870685766492212284754157373391666700815681435125905298,48.4081728575180687158805179743924357356894531845073584604293,0,765.237872687003678448424476573988049816037416938781877967598,epsilon-dca
hostile-adaptive-timing-grid-v1-638,synthetic,adversarial-design-search,deterministic-adversarial-v1,6,0.9,identity-a0-b0,proportional-10bps,dca,1498.5014985014985014985014985014985014985014985014985014985,0.000000000000000000000000000000000000000000000000000000001,49.95004995004995004995004995004995004995004995004995004995,5.994005994005994005994005994005994005994005994005994005994,,outside-current-safety-theorem
hostile-adaptive-timing-grid-v1-638,synthetic,adversarial-design-search,deterministic-adversarial-v1,6,0.9,identity-a0-b0,proportional-10bps,neutral_guarded,1721.0755805233852715954628958999938681091449640107732582342,286.502610200867950296074475151169074825056573624228622287215,47.819099010750577376646280691627493109469613012884821198233,5.70778960019893311658733818666216875641852490147429708063215,774.988591461321768375151895581799255774599282265555135598318,outside-current-safety-theorem
hostile-adaptive-timing-grid-v1-638,synthetic,adversarial-design-search,deterministic-adversarial-v1,6,0.9,identity-a0-b0,proportional-10bps,corrected_guarded,1717.91630231657892514781618962594545510441682616509148794706,267.109866363833263632343569505440124964929557941621969614585,48.3602145317581887171824206706835110046495756074489839444156,5.72716297066550123513252390658797190313193850355482320717823,765.33164075095272547381946877560295950588558561090155822415,outside-current-safety-theorem
hostile-adaptive-timing-grid-v1-638,synthetic,adversarial-design-search,deterministic-adversarial-v1,6,0.9,identity-a0-b0,fixed-1-usd,dca,1498.5,0,49.95,6,,outside-current-safety-theorem
hostile-adaptive-timing-grid-v1-638,synthetic,adversarial-design-search,deterministic-adversarial-v1,6,0.9,identity-a0-b0,fixed-1-usd,neutral_guarded,1720.92134259259259259259259259259259259259259259259259259259,286.38564814814814814814814814814814814814814814814814814815,47.8178564814814814814814814814814814814814814814814814814815,6,775.067283950617283950617283950617283950617283950617283950618,outside-current-safety-theorem
hostile-adaptive-timing-grid-v1-638,synthetic,adversarial-design-search,deterministic-adversarial-v1,6,0.9,identity-a0-b0,fixed-1-usd,corrected_guarded,1717.78827012586528432704629122447587618921863692764032633015,267.0048947576066101152302623694659292850142214203113957885,48.3594458456086224737272009618336648968068138502442976847218,6,765.405672257213201630510416968475102479438286742828087284348,outside-current-safety-theorem
hostile-adaptive-timing-grid-v1-638,synthetic,adversarial-design-search,deterministic-adversarial-v1,6,0.75,identity-a0-b0,frictionless,dca,1500,0,50.0000000000000000000000000000000000000000000000000000000001,0,,epsilon-dca
hostile-adaptive-timing-grid-v1-638,synthetic,adversarial-design-search,deterministic-adversarial-v1,6,0.75,identity-a0-b0,frictionless,neutral_guarded,2056.50679976851851851851851851851851851851851851851851851852,716.54369212962962962962962962962962962962962962962962962963,44.6654369212962962962962962962962962962962962962962962962964,0,437.258873456790123456790123456790123456790123456790123456787,epsilon-dca
hostile-adaptive-timing-grid-v1-638,synthetic,adversarial-design-search,deterministic-adversarial-v1,6,0.75,identity-a0-b0,frictionless,corrected_guarded,2040.35641761858192207965578310589145069635137225642600419165,662.04130671528529206602991816425006734444611098285148807093,45.9438370301098876671208621647213794450635087091191505373573,0,420.950878392604433470830075115124890354318585815341690204513,epsilon-dca
hostile-adaptive-timing-grid-v1-638,synthetic,adversarial-design-search,deterministic-adversarial-v1,6,0.75,identity-a0-b0,proportional-10bps,dca,1498.5014985014985014985014985014985014985014985014985014985,0.000000000000000000000000000000000000000000000000000000001,49.95004995004995004995004995004995004995004995004995004995,5.994005994005994005994005994005994005994005994005994005994,,outside-current-safety-theorem
hostile-adaptive-timing-grid-v1-638,synthetic,adversarial-design-search,deterministic-adversarial-v1,6,0.75,identity-a0-b0,proportional-10bps,neutral_guarded,2054.93670355621542674090499199773691802511016227468539333775,716.256525502169875740186187877922687062641434060571555718031,44.6226726018015183666906268039938076987489576071371279206574,5.27846500948834178247733647564643088205530326267675169258937,437.471478653304420937879738954498139436498205663887838995795,outside-current-safety-theorem
hostile-adaptive-timing-grid-v1-638,synthetic,adversarial-design-search,deterministic-adversarial-v1,6,0.75,identity-a0-b0,proportional-10bps,corrected_guarded,2038.80848616232845701315078986087749143882876458294057845392,661.814705357916880979184268115625838607586524503610942417177,45.8997926934803858677988840581750550943747413359776545345579,5.33285244219988323578503070118319097042199148401237668090191,421.114736973896623958176348120629350464633864319770647102203,outside-current-safety-theorem
hostile-adaptive-timing-grid-v1-638,synthetic,adversarial-design-search,deterministic-adversarial-v1,6,0.75,identity-a0-b0,fixed-1-usd,dca,1498.5,0,49.95,6,,outside-current-safety-theorem
hostile-adaptive-timing-grid-v1-638,synthetic,adversarial-design-search,deterministic-adversarial-v1,6,0.75,identity-a0-b0,fixed-1-usd,neutral_guarded,2054.55335648148148148148148148148148148148148148148148148148,715.964120370370370370370370370370370370370370370370370370365,44.6196412037037037037037037037037037037037037037037037037036,6,437.668209876543209876543209876543209876543209876543209876548,outside-current-safety-theorem
hostile-adaptive-timing-grid-v1-638,synthetic,adversarial-design-search,deterministic-adversarial-v1,6,0.75,identity-a0-b0,fixed-1-usd,corrected_guarded,2038.52270245202448778217337020528759448451122786421311686783,661.5829654518411785316158378906353801179800304432633867889,45.8979912333394436416852510771550738122177065806983243359644,6,421.270708746318763367907279319578549937456647432279639325902,outside-current-safety-theorem
hostile-adaptive-timing-grid-v1-638,synthetic,adversarial-design-search,deterministic-adversarial-v1,6,0.5,identity-a0-b0,frictionless,dca,1500,0,50.0000000000000000000000000000000000000000000000000000000001,0,,epsilon-dca
hostile-adaptive-timing-grid-v1-638,synthetic,adversarial-design-search,deterministic-adversarial-v1,6,0.5,identity-a0-b0,frictionless,neutral_guarded,2235.15625,966.14583333333333333333333333333333333333333333333333333333,42.3003472222222222222222222222222222222222222222222222222222,0,138.888888888888888888888888888888888888888888888888888888889,epsilon-dca
hostile-adaptive-timing-grid-v1-638,synthetic,adversarial-design-search,deterministic-adversarial-v1,6,0.5,identity-a0-b0,frictionless,corrected_guarded,2189.97188651749673553661779151389764681245880744843564231025,864.91986847214624782698748588278300355008287284310482505711,44.1684006015116829236543435210371547754125311535110272417712,0,138.888888888888888888888888888888888888888888888888888888889,epsilon-dca
hostile-adaptive-timing-grid-v1-638,synthetic,adversarial-design-search,deterministic-adversarial-v1,6,0.5,identity-a0-b0,proportional-10bps,dca,1498.5014985014985014985014985014985014985014985014985014985,0.000000000000000000000000000000000000000000000000000000001,49.95004995004995004995004995004995004995004995004995004995,5.994005994005994005994005994005994005994005994005994005994,,outside-current-safety-theorem
hostile-adaptive-timing-grid-v1-638,synthetic,adversarial-design-search,deterministic-adversarial-v1,6,0.5,identity-a0-b0,proportional-10bps,neutral_guarded,2233.89006150775631295111814592334072853553373033892514411994,966.140630203130203130203130203130203130203130203130203130201,42.2583143768208703273638338573403508468443533378598313663248,5.02883053925761218468511175803883096590389297682004974712267,138.916638916638916638916638916638916638916638916638916638917,outside-current-safety-theorem
hostile-adaptive-timing-grid-v1-638,synthetic,adversarial-design-search,deterministic-adversarial-v1,6,0.5,identity-a0-b0,proportional-10bps,corrected_guarded,2188.64917272051207812219887561415904471655989233901613211935,864.916029089511859555648572891430348540679925245771211022483,44.1244381210333406188850100907576232058626655697748307032291,5.12995401689359454589845297413443521624307699775647231666084,138.916638916638916638916638916638916638916638916638916638917,outside-current-safety-theorem
hostile-adaptive-timing-grid-v1-638,synthetic,adversarial-design-search,deterministic-adversarial-v1,6,0.5,identity-a0-b0,fixed-1-usd,dca,1498.5,0,49.95,6,,outside-current-safety-theorem
hostile-adaptive-timing-grid-v1-638,synthetic,adversarial-design-search,deterministic-adversarial-v1,6,0.5,identity-a0-b0,fixed-1-usd,neutral_guarded,2233.65937500000000000000000000000000000000000000000000000001,966.13541666666666666666666666666666666666666666666666666667,42.2507986111111111111111111111111111111111111111111111111112,6,138.944444444444444444444444444444444444444444444444444444444,outside-current-safety-theorem
hostile-adaptive-timing-grid-v1-638,synthetic,adversarial-design-search,deterministic-adversarial-v1,6,0.5,identity-a0-b0,fixed-1-usd,corrected_guarded,2188.47392724948271383052135558867186826621329109349845924013,864.9121820281122025077669820740949882212581717532429297598,44.1187248407123503774251457838192293348318373113418509826778,6,138.944444444444444444444444444444444444444444444444444444444,outside-current-safety-theorem
